NAME,B25064_001E,B25070_007E,B25070_008E,B25070_009E,B25070_010E,B25070_001E,B25070_011E,B25002_003E,B25002_001E,B08013_001E,B08012_001E,B17001_002E,B17001_001E,B23025_002E,B23025_001E,metropolitan statistical area/micropolitan statistical area,metropolitan division,geo_level,geo_code,parent_cbsa,year
"Aberdeen, SD Micro Area",783,540,124,404,1282,5579,370,2073,19988,282925,19736,4698,40686,22442,33304,10100,,msa,10100,,2024
"Aberdeen, WA Micro Area",1062,550,469,917,1726,8204,715,6339,36967,634870,26092,11352,74128,32103,63791,10140,,msa,10140,,2024
"Abilene, TX Metro Area",1141,2309,1706,1991,5041,23836,2202,9711,75799,1427165,77151,23914,168435,87644,142838,10180,,msa,10180,,2024
"Ada, OK Micro Area",889,394,194,338,843,5144,438,2397,17531,296100,16744,4659,37052,18290,29846,10220,,msa,10220,,2024
"Adrian, MI Micro Area",987,672,414,567,1640,7947,905,4890,43761,1094105,39601,10032,93641,47011,80855,10300,,msa,10300,,2024
"Aguadilla, PR Metro Area",528,1454,884,1091,3252,31473,17316,33028,127158,1730885,72233,114062,249693,90408,218405,10380,,msa,10380,,2024
"Akron, OH Metro Area",1033,7965,5013,7325,23275,94611,6789,22733,319249,6914520,293676,85884,683891,371063,576026,10420,,msa,10420,,2024
"Alamogordo, NM Micro Area",962,667,615,618,1470,8080,880,8165,32645,586390,26519,12608,65450,31121,55586,10460,,msa,10460,,2024
"Alamosa, CO Micro Area",882,284,95,279,696,4018,522,2317,13780,208610,11161,4333,26779,13229,22051,10480,,msa,10480,,2024
"Albany, GA Metro Area",950,1564,1431,1582,6642,25251,2273,9554,67243,1212525,54645,29482,140791,65894,115114,10500,,msa,10500,,2024
"Albany, OR Metro Area",1320,1336,985,1745,4310,16811,1114,2586,53315,1319745,51401,16781,129251,62925,104818,10540,,msa,10540,,2024
"Albany-Schenectady-Troy, NY Metro Area",1280,11827,6432,10177,32922,137310,6692,39057,422120,8872660,377846,97960,873592,479751,753898,10580,,msa,10580,,2024
"Albemarle, NC Micro Area",861,513,224,690,1179,6448,1117,3392,28632,724445,25819,9554,62662,30542,52275,10620,,msa,10620,,2024
"Albert Lea, MN Micro Area",849,148,223,167,519,2633,279,1270,14116,258315,13143,3194,30061,15183,24737,10660,,msa,10660,,2024
"Albertville, AL Micro Area",795,1094,498,484,1427,8834,1303,5303,41762,991320,38928,16344,98234,43845,76420,10700,,msa,10700,,2024
"Albuquerque, NM Metro Area",1156,9432,7778,9154,29880,116350,7909,25695,401720,9022405,363427,132712,909458,459337,754717,10740,,msa,10740,,2024
"Alexander City, AL Micro Area",765,164,131,260,608,4087,894,6085,23161,404090,16046,6551,40144,18185,33801,10760,,msa,10760,,2024
"Alexandria, LA Metro Area",946,1540,1101,1671,4513,18750,2222,11290,67684,1358935,58647,28004,143441,66586,117329,10780,,msa,10780,,2024
"Alexandria, MN Micro Area",927,444,209,339,666,4125,268,4813,22332,352080,17143,3496,38945,20186,32036,10820,,msa,10820,,2024
"Alice, TX Micro Area",902,304,250,541,1515,5594,756,3857,20113,381545,16354,10770,45085,19591,35074,10860,,msa,10860,,2024
"Allentown-Bethlehem-Easton, PA-NJ Metro Area",1365,8998,6785,9488,24840,102884,6084,22218,361874,10112225,368081,86532,848524,460421,717212,10900,,msa,10900,,2024
"Alma, MI Micro Area",834,449,123,153,585,3124,333,1306,16081,375160,15687,4938,35351,18119,34350,10940,,msa,10940,,2024
"Alpena, MI Micro Area",673,346,148,224,394,2604,434,2688,15707,192470,11013,5086,28320,13073,24237,10980,,msa,10980,,2024
"Altoona, PA Metro Area",885,1264,1069,1000,2425,13979,1565,5343,55901,1045540,51021,14128,117368,58487,99980,11020,,msa,11020,,2024
"Altus, OK Micro Area",842,463,210,245,427,3987,301,2297,12072,144005,11021,3840,23769,12482,19126,11060,,msa,11060,,2024
"Amarillo, TX Metro Area",1086,3518,2018,3568,6948,37228,2836,12477,115539,2448790,119332,37588,261863,134177,211693,11100,,msa,11100,,2024
"Americus, GA Micro Area",854,575,293,308,925,5093,867,2775,15400,277330,13163,7131,31900,15260,26721,11140,,msa,11140,,2024
"Ames, IA Metro Area",1000,1602,878,1531,4843,19492,802,4088,53928,1121515,59647,17602,113859,71988,107947,11180,,msa,11180,,2024
"Amherst Town-Northampton, MA Metro Area",1388,2231,1196,1804,5228,19998,1503,4672,66786,1512885,65350,15746,139163,87547,142468,11200,,msa,11200,,2024
"Amsterdam, NY Micro Area",940,327,322,423,1305,5805,511,3378,22981,492995,20528,7104,48739,24141,39299,11220,,msa,11220,,2024
"Anchorage, AK Metro Area",1458,4818,3412,3823,9591,48281,2689,23052,171518,3998620,175915,36348,392783,211876,315460,11260,,msa,11260,,2024
"Anderson Creek, NC Micro Area",1112,1141,979,1252,2465,14441,1489,5057,54902,1798235,54830,18684,135930,64257,107471,11360,,msa,11360,,2024
"Andrews, TX Micro Area",1305,44,29,127,277,1470,203,309,7153,193570,8080,2872,18419,8947,13509,11380,,msa,11380,,2024
"Angola, IN Micro Area",933,321,209,124,536,2886,270,5123,19181,312365,14852,3087,33068,17585,28759,11420,,msa,11420,,2024
"Ann Arbor, MI Metro Area",1463,4467,3395,5404,17268,57782,3322,9232,159782,3317605,141402,49782,351276,196097,311059,11460,,msa,11460,,2024
"Anniston-Oxford, AL Metro Area",826,932,563,829,2911,13361,1689,8346,53361,1160235,46027,19954,111531,52895,94243,11500,,msa,11500,,2024
"Appleton, WI Metro Area",1060,2313,1300,1949,3940,26614,1055,3654,103408,2373210,114254,15018,242339,135686,196570,11540,,msa,11540,,2024
"Arcadia, FL Micro Area",932,192,54,367,784,3524,486,3048,15872,381325,12483,8082,33590,14817,29904,11580,,msa,11580,,2024
"Ardmore, OK Micro Area",980,310,339,591,1223,6315,829,2578,21624,424755,20469,7733,47604,22594,37747,11620,,msa,11620,,2024
"Arecibo, PR Metro Area",550,584,450,862,2526,20902,10860,18624,86582,1477010,55492,72078,179070,67701,156264,11640,,msa,11640,,2024
"Arkadelphia, AR Micro Area",793,134,114,196,774,2843,316,1908,10029,190425,8880,3999,18555,9912,17329,11660,,msa,11660,,2024
"Arkansas City-Winfield, KS Micro Area",809,400,293,482,767,4270,456,2295,15682,299765,14207,4579,32118,15815,27356,11680,,msa,11680,,2024
"Asheville, NC Metro Area",1296,4958,3338,4426,10138,49081,4996,42619,203883,3608760,162962,47729,405491,203875,349207,11700,,msa,11700,,2024
"Ashland, OH Micro Area",888,240,203,312,997,4589,468,1848,22568,538855,22530,6758,50873,25482,42083,11740,,msa,11740,,2024
"Astoria, OR Micro Area",1180,624,392,517,1570,6610,495,5411,23395,338555,15697,5036,40876,19617,34908,11820,,msa,11820,,2024
"Atchison, KS Micro Area",765,201,117,70,226,1611,236,1082,6817,146040,6904,1891,14574,8170,13043,11860,,msa,11860,,2024
"Athens, OH Micro Area",939,917,322,703,2751,9115,980,3457,26471,576365,23956,11643,54170,30814,53718,11900,,msa,11900,,2024
"Athens, TN Micro Area",822,420,317,616,955,6137,834,3959,30412,699255,26570,8817,66702,30652,55598,11940,,msa,11940,,2024
"Athens, TX Micro Area",1048,618,720,376,1746,7449,1036,8277,41852,920350,31578,12286,83393,37219,68888,11980,,msa,11980,,2024
"Athens-Clarke County, GA Metro Area",1201,2902,2343,3265,11421,38167,3217,6541,92642,2171415,92238,40908,208973,113012,181520,12020,,msa,12020,,2024
"Atlanta-Sandy Springs-Roswell, GA Metro Area",1672,70625,52141,74470,207093,783586,40648,184267,2497322,76506050,2464155,675593,6164510,3352710,4966074,12060,,msa,12060,,2024
"Atlantic City-Hammonton, NJ Metro Area",1373,3839,2504,3388,12928,43107,3005,77357,231798,3758705,153787,43803,364050,190164,306832,12100,,msa,12100,,2024
"Auburn, IN Micro Area",861,294,107,197,542,3067,182,1288,18384,438280,20565,4119,43273,22909,34517,12140,,msa,12140,,2024
"Auburn, NY Micro Area",942,850,436,924,1874,9006,836,5305,36829,716465,31472,9690,71732,36220,62309,12180,,msa,12180,,2024
"Auburn-Opelika, AL Metro Area",1026,1544,1244,1780,8270,26155,3551,12599,89272,1857470,82897,36775,189582,97547,164294,12220,,msa,12220,,2024
"Augusta-Richmond County, GA-SC Metro Area",1120,6507,3853,6032,18500,74119,6905,39816,271673,6041445,252398,90596,607818,303512,498847,12260,,msa,12260,,2024
"Augusta-Waterville, ME Micro Area",992,1330,1069,1084,2803,14306,1421,9209,63521,1295020,50964,14256,122546,63470,105540,12300,,msa,12300,,2024
"Austin, MN Micro Area",927,212,169,188,886,3524,197,1295,17014,365130,17667,4119,39626,20034,31479,12380,,msa,12380,,2024
"Austin-Round Rock-San Marcos, TX Metro Area",1726,37067,28771,38158,91268,412964,15565,53409,1042843,26280460,963018,233722,2382206,1396794,1957345,12420,,msa,12420,,2024
"Bainbridge, GA Micro Area",838,200,233,67,762,4023,821,2594,13215,218125,10210,6190,28084,11639,22692,12460,,msa,12460,,2024
"Baker City, OR Micro Area",865,78,59,81,511,2097,369,1370,8725,83935,5567,2423,16313,6773,13941,12520,,msa,12520,,2024
"Bakersfield-Delano, CA Metro Area",1300,8687,8305,11260,31654,113798,7654,22068,306999,8054075,329952,170301,891050,402783,684840,12540,,msa,12540,,2024
"Baltimore-Columbia-Towson, MD Metro Area",1611,31790,24082,34804,91589,370685,19446,81406,1201675,34523895,1175726,271943,2786755,1531679,2294721,12580,,msa,12580,,2024
"Bangor, ME Metro Area",1041,1800,1470,1753,3975,19211,1361,10462,75683,1482740,65298,20788,147433,78328,131324,12620,,msa,12620,,2024
"Baraboo, WI Micro Area",1018,585,575,336,1397,7735,473,3509,31496,704080,30629,5258,65246,35405,53037,12660,,msa,12660,,2024
"Barnstable Town, MA Metro Area",1678,1973,1371,1717,5690,20024,2027,60438,166215,2287865,92255,17567,229002,118691,203683,12700,,msa,12700,,2024
"Barre, VT Micro Area",1163,663,315,360,1320,6808,302,5149,31004,591675,25329,5085,58744,32977,50530,12740,,msa,12740,,2024
"Bartlesville, OK Micro Area",907,613,364,605,1115,5896,609,2784,23741,435655,21081,8347,51974,24058,41957,12780,,msa,12780,,2024
"Batavia, NY Micro Area",929,585,372,457,1322,6522,434,1303,26176,601525,25607,6023,56599,29441,47285,12860,,msa,12860,,2024
"Batesville, AR Micro Area",845,341,234,342,759,4510,590,2148,16786,302720,15513,7610,37316,17320,29861,12900,,msa,12900,,2024
"Baton Rouge, LA Metro Area",1135,7904,6620,8316,26323,102725,12974,51431,384016,9875550,363080,140721,846082,430073,694078,12940,,msa,12940,,2024
"Battle Creek, MI Metro Area",968,1596,666,1225,3159,14586,889,6269,59602,1096200,53532,18177,130425,63774,107064,12980,,msa,12980,,2024
"Bay City, MI Metro Area",860,765,478,747,2069,10358,905,3556,48659,1005385,43500,13520,102041,50691,85414,13020,,msa,13020,,2024
"Bay City, TX Micro Area",999,262,374,137,1462,4924,426,3619,19058,346470,14424,7453,35957,17122,28146,13060,,msa,13060,,2024
"Beatrice, NE Micro Area",774,122,195,88,425,2469,225,1072,10399,211860,9981,2688,21325,11017,17397,13100,,msa,13100,,2024
"Beaumont-Port Arthur, TX Metro Area",1106,3485,2948,4051,11382,47533,4944,23455,172921,3689685,157896,63944,379910,177956,309030,13140,,msa,13140,,2024
"Beaver Dam, WI Micro Area",988,738,475,910,1228,10298,678,2614,38524,983730,40860,7139,83953,47103,73834,13180,,msa,13180,,2024
"Beckley, WV Metro Area",856,768,610,427,2723,10716,2275,8736,53688,989010,38134,23247,107885,44188,91964,13220,,msa,13220,,2024
"Bedford, IN Micro Area",845,369,263,226,695,3697,417,1410,20545,535715,19721,5429,44364,22351,36689,13260,,msa,13260,,2024
"Beeville, TX Micro Area",1065,139,141,82,871,2570,347,1843,10650,221280,10288,4236,24074,11751,25604,13300,,msa,13300,,2024
"Bellefontaine, OH Micro Area",845,263,178,274,643,4384,592,4306,23866,409765,18833,5039,45486,22301,37023,13340,,msa,13340,,2024
"Bellingham, WA Metro Area",1555,3428,2770,3562,9800,34117,1580,9499,103520,2095035,96772,29038,225395,121698,192897,13380,,msa,13380,,2024
"Bemidji, MN Micro Area",1053,516,280,320,1080,5430,410,3557,21729,410845,19585,7178,44479,22774,36440,13420,,msa,13420,,2024
"Bend, OR Metro Area",1697,2814,1892,2477,7094,30758,2330,17170,121699,2046645,98159,24163,254592,133008,213925,13460,,msa,13460,,2024
"Bennington, VT Micro Area",1109,380,234,324,1442,3945,204,5916,20903,291590,14395,4123,36401,18686,31264,13540,,msa,13540,,2024
"Big Rapids, MI Micro Area",934,346,247,205,939,3857,523,4431,21139,376425,15884,7752,39034,18672,34304,13660,,msa,13660,,2024
"Big Spring, TX Micro Area",1034,529,274,203,644,3717,468,1857,14048,280685,12908,4006,28984,14273,25808,13700,,msa,13700,,2024
"Billings, MT Metro Area",1117,1873,1445,2115,4477,22915,1281,6980,85351,1700480,85941,16814,185453,99276,151540,13740,,msa,13740,,2024
"Binghamton, NY Metro Area",939,2309,1657,2636,8987,33341,2498,12916,115268,1935110,95556,40746,233456,116628,204120,13780,,msa,13780,,2024
"Birmingham, AL Metro Area",1172,11642,7954,10748,31984,135781,13747,61284,526287,13005760,481528,159064,1156686,579187,946310,13820,,msa,13820,,2024
"Bishop, CA Micro Area",1189,201,115,104,430,2701,304,1484,9524,117595,7364,1997,18356,8746,15269,13860,,msa,13860,,2024
"Bismarck, ND Metro Area",1021,1118,782,1019,3042,15543,682,4197,60137,1165955,64022,10375,131264,72693,108253,13900,,msa,13900,,2024
"Blackfoot, ID Micro Area",874,179,120,373,416,3145,418,1396,17528,451175,20307,5753,49137,23527,37239,13940,,msa,13940,,2024
"Blacksburg-Christiansburg-Radford, VA Metro Area",1104,1596,860,1627,7111,26043,3361,12342,82624,1592635,75032,32776,166320,89013,156047,13980,,msa,13980,,2024
"Bloomington, IL Metro Area",1009,1300,1466,1722,5431,24516,2451,5085,75305,1295840,70718,20899,161892,90392,139411,14010,,msa,14010,,2024
"Bloomington, IN Metro Area",1176,2033,1816,2626,9223,28875,2500,7721,75575,1462920,67359,27513,147688,86034,139151,14020,,msa,14020,,2024
"Bloomsburg-Berwick, PA Micro Area",943,688,411,373,1412,8037,1170,3474,29824,574105,26401,8432,61350,32710,55345,14100,,msa,14100,,2024
"Bluefield, WV-VA Micro Area",804,993,793,599,1832,10739,1935,8599,49113,870825,34656,16432,95010,38866,80318,14140,,msa,14140,,2024
"Blytheville, AR Micro Area",830,387,307,399,1615,6188,929,3681,19133,313290,15836,8071,38196,17890,30159,14180,,msa,14180,,2024
"Bogalusa, LA Micro Area",774,435,560,610,850,5439,1486,3723,21439,485715,14900,10509,43216,17793,35705,14220,,msa,14220,,2024
"Boise City, ID Metro Area",1487,8702,5781,6925,16910,83566,4677,14900,319087,7602615,331575,72618,792923,418434,643953,14260,,msa,14260,,2024
"Bonham, TX Micro Area",1035,124,119,160,539,2716,461,2047,14814,430235,13606,4715,34296,16791,30548,14300,,msa,14300,,2024
"Boone, NC Micro Area",1127,517,329,500,3371,8041,887,12157,33355,486505,22982,12395,48694,29087,49301,14380,,msa,14380,,2024
"Borger, TX Micro Area",932,40,85,28,214,1171,264,3170,10170,165220,8159,2652,19904,9283,15742,14420,,msa,14420,,2024
"Boston-Cambridge-Newton, MA-NH Metro Area",2023,70110,47557,61866,182422,746120,38473,118371,2059059,63123320,2082780,428080,4801204,2832129,4113746,14460,,msa,14460,,2024
"Boulder, CO Metro Area",1966,4909,3337,4662,16878,52108,2370,7721,144729,2683095,120174,35257,315898,186734,279049,14500,,msa,14500,,2024
"Bowling Green, KY Metro Area",975,2158,1800,1868,6518,28944,2377,7703,81047,1781125,80616,30103,180088,93728,148099,14540,,msa,14540,,2024
"Bozeman, MT Metro Area",1694,1692,1251,1548,4525,19945,1080,6353,57568,1084150,59351,11394,119701,73690,103564,14580,,msa,14580,,2024
"Bradford, PA Micro Area",809,323,101,256,604,3609,516,3096,19465,327875,16089,5070,37019,18156,33316,14620,,msa,14620,,2024
"Brainerd, MN Micro Area",953,784,502,576,1452,8533,895,24877,67153,905990,38209,10493,97226,47258,81239,14660,,msa,14660,,2024
"Branson, MO Micro Area",926,564,425,688,1480,7513,487,7387,30175,534090,22959,8564,54805,27040,46406,14700,,msa,14700,,2024
"Brattleboro, VT Micro Area",1056,421,190,443,1069,5155,581,10399,30183,405160,18224,5147,44432,24337,39315,14710,,msa,14710,,2024
"Breckenridge, CO Micro Area",1857,345,188,622,997,4241,225,20669,36234,402005,18406,2946,38085,24861,32796,14720,,msa,14720,,2024
"Bremerton-Silverdale-Port Orchard, WA Metro Area",1822,3149,2933,2588,7500,32416,1767,8433,116970,3174360,111753,22155,270470,142168,229206,14740,,msa,14740,,2024
"Brenham, TX Micro Area",1165,695,206,162,733,4677,613,2161,17642,352655,15295,4574,34079,17520,29923,14780,,msa,14780,,2024
"Brevard, NC Micro Area",967,210,170,128,1022,3695,491,4682,19266,253380,11563,4317,32682,14209,29026,14820,,msa,14820,,2024
"Bridgeport-Stamford-Danbury, CT Metro Area",1875,10590,8181,11343,32809,120606,5752,22557,377569,12011920,387621,86068,940210,523772,773315,14860,,msa,14860,,2024
"Brigham City, UT-ID Micro Area",1104,323,392,256,841,4925,488,1383,22861,603510,26727,5628,65552,31690,48547,14940,,msa,14940,,2024
"Brookhaven, MS Micro Area",760,156,64,207,804,3299,603,2808,15966,383955,13365,7288,34446,14588,27808,15020,,msa,15020,,2024
"Brookings, OR Micro Area",1241,337,123,226,568,2883,281,2056,13215,130135,7046,3510,23075,9121,20239,15060,,msa,15060,,2024
"Brookings, SD Micro Area",901,409,447,362,918,5902,320,1381,15179,236030,16513,4236,32190,19852,28770,15100,,msa,15100,,2024
"Brownsville-Harlingen, TX Metro Area",912,4250,2571,4017,10650,48155,5016,21246,159679,3342005,156572,104877,422446,185230,319135,15180,,msa,15180,,2024
"Brownwood, TX Micro Area",919,306,334,390,1260,4749,697,4274,19246,298950,15790,5600,36559,17811,31453,15220,,msa,15220,,2024
"Brunswick-St. Simons, GA Metro Area",1080,716,985,1143,3144,14187,1404,11439,58648,1039025,44875,19189,113522,52170,94325,15260,,msa,15260,,2024
"Bucyrus, OH Micro Area",794,569,292,338,809,4855,449,1753,19812,428770,17920,4857,41131,20557,33688,15340,,msa,15340,,2024
"Buffalo-Cheektowaga, NY Metro Area",1057,14133,9412,12082,42523,166514,10462,40111,541660,10360860,482067,156488,1134503,594072,955831,15380,,msa,15380,,2024
"Burley, ID Micro Area",949,356,247,432,747,5164,705,1138,17740,357225,20196,6339,47281,22791,35480,15420,,msa,15420,,2024
"Burlington, IA-IL Micro Area",888,306,235,260,1265,4866,698,2286,22168,378885,19936,5700,43885,22071,36311,15460,,msa,15460,,2024
"Burlington, NC Metro Area",1064,2019,1387,2461,4775,24519,1711,7011,77073,1919120,74015,22876,171342,89818,141995,15500,,msa,15500,,2024
"Burlington-South Burlington, VT Metro Area",1581,2934,1869,2561,7259,30609,1427,8674,103233,2300125,101483,21262,217148,132165,191922,15540,,msa,15540,,2024
"Butte-Silver Bow, MT Micro Area",863,132,270,359,1062,4499,579,2080,17499,261655,15479,5164,34785,17713,29148,15580,,msa,15580,,2024
"Cadillac, MI Micro Area",896,356,178,289,744,3511,482,5660,25265,462165,19323,6347,48476,22215,39443,15620,,msa,15620,,2024
"Calhoun, GA Micro Area",937,355,379,276,1079,5572,554,2214,23562,640260,25283,6992,58439,28599,46657,15660,,msa,15660,,2024
"Cambridge, MD Micro Area",1032,269,514,340,1206,4664,505,2887,16433,362600,13504,5528,32261,15653,26682,15700,,msa,15700,,2024
"Cambridge, OH Micro Area",864,303,334,310,902,4552,585,2719,19037,359860,15721,5780,37762,17573,30836,15740,,msa,15740,,2024
"Camden, AR Micro Area",764,188,181,255,427,2713,592,4021,14335,222630,9776,4542,26141,10879,21717,15780,,msa,15780,,2024
"Campbellsville, KY Micro Area",701,132,238,358,766,4187,751,1818,16499,353045,14726,6681,36370,17656,30131,15820,,msa,15820,,2024
"Canon City, CO Micro Area",1070,374,253,240,958,4381,332,2629,20605,377305,15305,5619,42094,18840,42740,15860,,msa,15860,,2024
"Canton, IL Micro Area",785,304,217,334,372,3230,556,2053,15848,331530,12833,4063,30881,14724,27346,15900,,msa,15900,,2024
"Canton-Massillon, OH Metro Area",908,3613,3059,3569,9289,50376,3975,14178,181339,3708135,166372,48892,391686,198898,324739,15940,,msa,15940,,2024
"Cape Coral-Fort Myers, FL Metro Area",1712,7848,6549,7673,25515,84149,4850,113391,441194,8725520,296607,96536,804385,372381,694415,15980,,msa,15980,,2024
"Cape Girardeau, MO-IL Metro Area",864,879,563,860,2425,11913,1346,5771,44070,939750,43850,13346,94184,50446,79546,16020,,msa,16020,,2024
"Carbondale, IL Micro Area",782,975,719,763,2871,11481,857,4772,27727,394325,19430,10305,49102,25008,44194,16060,,msa,16060,,2024
"Carlsbad-Artesia, NM Micro Area",1245,389,322,335,840,6295,1118,3219,26839,545720,25520,8344,60293,29238,47080,16100,,msa,16100,,2024
"Carroll, IA Micro Area",731,193,87,181,193,2017,199,759,9560,153110,9760,1605,20228,10828,16349,16140,,msa,16140,,2024
"Carson City, NV Metro Area",1248,1021,676,766,1773,8923,388,1464,25156,485680,23715,5746,55563,28501,48254,16180,,msa,16180,,2024
"Casper, WY Metro Area",1016,638,572,819,1730,8919,469,3423,37309,679990,35807,7558,78759,42008,63187,16220,,msa,16220,,2024
"Cedar City, UT Micro Area",1065,794,526,695,1275,6394,353,3393,23550,421545,24996,8480,61332,30347,47274,16260,,msa,16260,,2024
"Cedar Rapids, IA Metro Area",928,2508,1532,2440,5239,28449,1735,9107,123107,2454805,121298,25372,269650,148969,222623,16300,,msa,16300,,2024
"Cedartown, GA Micro Area",918,429,547,266,1337,5401,629,1467,17368,540005,17690,7049,43101,19973,34230,16340,,msa,16340,,2024
"Celina, OH Micro Area",804,339,129,346,261,3355,415,1695,18103,377885,20429,3038,41656,22072,32940,16380,,msa,16380,,2024
"Centralia, IL Micro Area",794,301,168,246,772,3932,442,1822,17334,324200,15358,5542,36047,17593,29285,16460,,msa,16460,,2024
"Centralia, WA Micro Area",1097,847,378,656,1765,7978,705,3596,36512,896680,31452,10266,84007,38451,68894,16500,,msa,16500,,2024
"Chambersburg, PA Metro Area",1093,1824,681,1105,2841,16819,970,3647,67157,1613700,66525,13153,155182,78573,126526,16540,,msa,16540,,2024
"Champaign-Urbana, IL Metro Area",1043,2594,2342,3083,11569,41963,5203,10566,108790,1741240,97045,39533,223009,120704,197840,16580,,msa,16580,,2024
"Charleston, WV Metro Area",896,2082,1328,1643,4884,24326,3609,17161,104519,1820665,77327,32722,201862,92298,169748,16620,,msa,16620,,2024
"Charleston-Mattoon, IL Micro Area",780,516,437,664,1715,8250,533,1857,22681,363985,20021,8056,43081,23861,39189,16660,,msa,16660,,2024
"Charleston-North Charleston, SC Metro Area",1605,8514,7447,9449,25802,103933,8047,42403,378268,9927295,358180,89180,816872,444184,675188,16700,,msa,16700,,2024
"Charlotte-Concord-Gastonia, NC-SC Metro Area",1473,31618,23914,31617,81400,366909,21945,88948,1165208,29173705,1097656,289365,2726749,1489807,2203681,16740,,msa,16740,,2024
"Charlottesville, VA Metro Area",1598,2561,1808,2379,7542,30485,2296,10659,101111,2075355,86907,23308,211741,115665,186619,16820,,msa,16820,,2024
"Chattanooga, TN-GA Metro Area",1163,4750,4457,6354,14920,73660,5956,23395,254730,5671875,235613,73215,562742,290751,468640,16860,,msa,16860,,2024
"Cheyenne, WY Metro Area",1160,1538,710,882,2431,12742,1001,2380,45659,824600,46278,8824,99441,53840,80880,16940,,msa,16940,,2024
"Chicago-Naperville-Elgin, IL-IN Metro Area",1430,106782,72170,99593,298116,1255391,79204,256637,3900420,115653335,3818069,1032570,9219538,5049604,7567262,16980,,msa,16980,,2024
"Chico, CA Metro Area",1414,2450,2454,3251,11664,35595,2568,9501,92813,1660520,79021,39109,203191,100894,170504,17020,,msa,17020,,2024
"Chillicothe, OH Micro Area",906,824,736,557,1801,9059,850,2284,32092,784120,29684,11171,71183,33389,62345,17060,,msa,17060,,2024
"Cincinnati, OH-KY-IN Metro Area",1105,22651,16275,20096,65072,287291,19998,60513,967188,23458480,950029,261506,2224217,1183371,1808960,17140,,msa,17140,,2024
"Clarksburg, WV Micro Area",875,790,418,720,1314,8312,1752,5694,41205,813490,34144,12368,86451,39725,73061,17220,,msa,17220,,2024
"Clarksdale, MS Micro Area",749,389,347,307,773,4026,607,1785,10189,136860,6808,7095,19981,8390,15494,17260,,msa,17260,,2024
"Clarksville, TN-KY Metro Area",1207,4463,2680,4421,9087,48713,3696,12310,137177,3744865,141770,42571,324664,164580,253845,17300,,msa,17300,,2024
"Clearlake, CA Micro Area",1368,585,834,611,2141,7499,757,7460,34400,672280,20772,11350,66897,28275,54779,17340,,msa,17340,,2024
"Cleveland, MS Micro Area",685,470,263,353,1089,4451,728,1758,13673,200285,9963,8981,27521,11372,23135,17380,,msa,17380,,2024
"Cleveland, OH Metro Area",1050,26791,15982,23357,71495,311614,23326,87228,1018605,21622590,894510,285896,2129270,1128983,1776267,17410,,msa,17410,,2024
"Cleveland, TN Metro Area",1006,1243,768,1429,2791,15164,1507,4993,55013,1286325,52765,16153,125516,63350,104625,17420,,msa,17420,,2024
"Clewiston, FL Micro Area",985,364,135,764,986,4406,618,4209,22839,659385,20933,11290,52774,23887,44317,17500,,msa,17500,,2024
"Clinton, IA Micro Area",850,415,190,401,1104,4965,530,2075,21581,432225,19901,5961,45209,22619,37012,17540,,msa,17540,,2024
"Clovis, NM Micro Area",989,723,410,749,2392,9870,870,3967,30003,465230,28651,13436,64347,32415,51138,17580,,msa,17580,,2024
"Coamo, PR Micro Area",516,263,131,280,932,5001,1888,4902,26226,451235,17177,25290,53694,20643,46171,17620,,msa,17620,,2024
"Coco, PR Micro Area",530,38,65,101,381,2453,1069,3098,13859,197440,7421,11939,24906,9033,21487,17640,,msa,17640,,2024
"Cody, WY Micro Area",925,309,78,231,567,3288,435,1659,14989,214460,12906,2635,29560,15344,24863,17650,,msa,17650,,2024
"Coeur d'Alene, ID Metro Area",1492,2324,1507,2305,4113,20438,1152,9088,80260,1619640,71120,16267,179883,88060,145662,17660,,msa,17660,,2024
"Coldwater, MI Micro Area",959,203,223,386,620,3775,458,4065,20971,409060,18008,7127,43366,20826,35820,17740,,msa,17740,,2024
"College Station-Bryan, TX Metro Area",1178,4061,3301,4597,17064,51714,3505,13329,119017,2304160,117466,58953,259352,140883,227544,17780,,msa,17780,,2024
"Colorado Springs, CO Metro Area",1699,10069,7502,10363,24978,100213,3630,15106,317156,7693220,324155,63378,746219,417704,611930,17820,,msa,17820,,2024
"Columbia, MO Metro Area",1070,2481,1829,3159,8362,34666,1967,6956,93349,1937565,98983,32463,202939,115429,176610,17860,,msa,17860,,2024
"Columbia, SC Metro Area",1193,9069,6625,9032,27708,103956,9361,38674,378275,8919745,356585,118970,818279,435771,684440,17900,,msa,17900,,2024
"Columbus, GA-AL Metro Area",1069,4600,3182,4609,12712,53747,4535,18451,145963,2832785,125244,58467,313306,152863,256519,17980,,msa,17980,,2024
"Columbus, IN Metro Area",1127,848,515,466,2167,10236,856,2309,35668,765245,35537,8609,82231,43601,65889,18020,,msa,18020,,2024
"Columbus, MS Micro Area",916,671,547,691,1997,9973,2096,4944,31896,572185,26126,12306,66106,29823,53292,18060,,msa,18060,,2024
"Columbus, NE Micro Area",923,318,179,257,802,4758,418,957,18322,359320,21900,4074,44853,23793,34332,18100,,msa,18100,,2024
"Columbus, OH Metro Area",1274,27808,20560,26042,70273,334230,16885,61803,926466,21045525,890206,260120,2122816,1165839,1726794,18140,,msa,18140,,2024
"Concord, NH Micro Area",1360,1274,1004,1615,3028,16147,707,5596,66497,1816825,68386,11468,150135,84529,131131,18180,,msa,18180,,2024
"Connersville, IN Micro Area",791,182,135,320,631,2630,228,1483,10905,259275,9672,4082,22850,10776,19033,18220,,msa,18220,,2024
"Cookeville, TN Micro Area",885,1185,1181,1266,3961,18635,2285,6408,65101,1384010,59371,24254,141216,70252,119542,18260,,msa,18260,,2024
"Coos Bay-North Bend, OR Micro Area",1042,756,592,725,1715,8286,987,3174,31905,432625,23678,10275,63668,28121,54713,18300,,msa,18300,,2024
"Corbin, KY Micro Area",772,1142,710,922,3518,17093,3419,8441,64977,1201010,49836,38496,143953,59017,118688,18340,,msa,18340,,2024
"Cordele, GA Micro Area",778,145,110,181,1076,3519,544,2001,9909,151185,7353,4500,19284,8820,15788,18380,,msa,18380,,2024
"Corinth, MS Micro Area",751,276,186,377,862,4657,622,1827,16283,313335,14075,5304,33595,15566,27693,18420,,msa,18420,,2024
"Cornelia, GA Micro Area",974,260,316,313,798,4556,639,2318,19071,513205,18524,6388,45355,21613,38577,18460,,msa,18460,,2024
"Corning, NY Micro Area",894,1000,544,571,2113,10481,862,8446,47665,819980,36959,12562,91180,43902,75101,18500,,msa,18500,,2024
"Corpus Christi, TX Metro Area",1275,5193,4901,6414,14482,64181,4541,31870,200842,4116430,187835,73910,439589,213578,354638,18580,,msa,18580,,2024
"Corsicana, TX Micro Area",1076,499,393,609,816,5820,818,3147,22191,572735,21145,9106,53199,25128,41664,18620,,msa,18620,,2024
"Cortland, NY Micro Area",984,491,439,294,1719,6402,567,1842,20841,463310,20760,5440,42619,24318,38941,18660,,msa,18660,,2024
"Corvallis, OR Metro Area",1410,1153,922,1535,6016,16592,1227,2414,40951,719740,36649,16361,89882,50747,83115,18700,,msa,18700,,2024
"Coshocton, OH Micro Area",765,260,180,246,939,4006,600,1522,16308,357120,14388,6695,36159,16540,29092,18740,,msa,18740,,2024
"Crawfordsville, IN Micro Area",858,274,204,188,518,3078,325,983,16585,388250,17047,3872,36786,19633,30710,18820,,msa,18820,,2024
"Crescent City, CA Micro Area",1233,199,279,213,854,2849,203,1708,11230,176625,9024,3204,24745,10936,22236,18860,,msa,18860,,2024
"Crestview-Fort Walton Beach-Destin, FL Metro Area",1633,4057,2812,3841,6996,34352,2299,45363,165136,3457120,127731,29810,292527,152414,240886,18880,,msa,18880,,2024
"Crossville, TN Micro Area",839,368,306,281,636,5581,997,3260,31455,479860,20928,9050,63047,24841,54116,18900,,msa,18900,,2024
"Cullman, AL Micro Area",908,548,445,550,1152,8259,1340,4524,39871,1028245,38114,13725,89628,42121,72609,18980,,msa,18980,,2024
"Cumberland, MD-WV Micro Area",806,757,367,678,1861,10134,1943,6727,45229,818245,34014,13968,87235,40218,78817,19060,,msa,19060,,2024
"Dallas-Fort Worth-Arlington, TX Metro Area",1614,107912,84661,112994,272347,1153805,49878,205006,3096731,92503445,3313866,825217,7885623,4303401,6225365,19100,,msa,19100,,2024
"Dalton, GA Metro Area",938,975,953,1645,2764,16144,1572,3967,56047,1505035,63588,20992,142677,71210,113185,19140,,msa,19140,,2024
"Danville, IL Micro Area",838,754,424,746,1813,8955,877,4243,34327,541905,27023,12217,69149,32313,57428,19180,,msa,19180,,2024
"Danville, KY Micro Area",748,444,355,338,1417,6148,640,2198,23948,507415,19941,8296,52038,24069,44123,19220,,msa,19220,,2024
"Danville, VA Micro Area",845,1129,605,1157,3534,15295,1233,7733,51819,927360,37978,18533,99115,44317,84201,19260,,msa,19260,,2024
"Daphne-Fairhope-Foley, AL Metro Area",1277,1676,1592,1759,4310,22077,2295,33684,132258,2681790,99432,24573,243473,118112,200551,19300,,msa,19300,,2024
"Davenport-Moline-Rock Island, IA-IL Metro Area",941,3570,2782,3316,9728,45818,4213,13089,174791,3368915,163216,46545,371144,193490,305537,19340,,msa,19340,,2024
"Dayton-Kettering-Beavercreek, OH Metro Area",1039,9981,7296,8922,25419,120585,6951,28069,372460,7500465,341458,104150,790745,416767,657470,19430,,msa,19430,,2024
"Decatur, AL Metro Area",847,1269,639,1186,2843,15894,2436,6641,69308,1670660,64203,20826,154942,72399,125640,19460,,msa,19460,,2024
"Decatur, IL Metro Area",847,965,558,859,2170,12975,1693,6162,49630,769085,39588,14834,98936,47274,81311,19500,,msa,19500,,2024
"Decatur, IN Micro Area",833,176,73,186,353,2052,145,907,13308,349320,14211,3982,35693,15971,26103,19540,,msa,19540,,2024
"Defiance, OH Micro Area",846,134,38,205,501,3175,315,1238,16565,339620,17125,3949,37681,19435,30705,19580,,msa,19580,,2024
"Del Rio, TX Micro Area",994,230,329,360,1111,5202,549,1901,18711,365475,19088,7625,46005,21725,35858,19620,,msa,19620,,2024
"Deltona-Daytona Beach-Ormond Beach, FL Metro Area",1500,6120,5335,7625,19911,72565,5677,48580,343043,7076680,257637,79021,687924,322018,599281,19660,,msa,19660,,2024
"Deming, NM Micro Area",650,305,184,91,480,2686,568,2398,11621,148635,7762,7185,25139,8912,19849,19700,,msa,19700,,2024
"Denver-Aurora-Centennial, CO Metro Area",1874,43952,29758,41142,104074,439123,15990,68427,1290063,33969635,1256847,248130,2970410,1758223,2447278,19740,,msa,19740,,2024
"DeRidder, LA Micro Area",898,212,106,189,290,2087,320,2379,16126,464385,13988,5094,35510,15912,28436,19760,,msa,19760,,2024
"Des Moines-West Des Moines, IA Metro Area",1150,8834,6206,6709,16532,90063,4053,19554,314368,6727745,321011,65611,717783,406262,572161,19780,,msa,19780,,2024
"Detroit Lakes, MN Micro Area",920,325,67,258,681,3287,416,5595,20005,313030,14456,4476,34696,17191,28208,19810,,msa,19810,,2024
"Detroit-Warren-Dearborn, MI Metro Area",1207,42874,29747,38301,128151,509448,39021,157341,1926157,44472825,1707586,589816,4333976,2214051,3542386,19820,,msa,19820,,2024
"Dickinson, ND Micro Area",954,212,194,438,829,4989,558,2633,18148,325055,17519,4331,37491,19965,29096,19860,,msa,19860,,2024
"Dixon, IL Micro Area",894,385,210,207,561,3516,296,1658,14995,341445,13888,3711,31387,15690,28148,19940,,msa,19940,,2024
"Dodge City, KS Micro Area",1010,228,316,126,488,4425,297,947,12743,203210,15971,4622,33089,17780,25161,19980,,msa,19980,,2024
"Dothan, AL Metro Area",910,1665,897,1437,3789,19457,2306,10946,71957,1468120,62499,27021,150942,69657,122198,20020,,msa,20020,,2024
"Douglas, GA Micro Area",688,471,308,533,966,6652,1693,2454,21025,383015,19538,11248,47938,21923,40238,20060,,msa,20060,,2024
"Dover, DE Metro Area",1354,1785,1473,1974,4512,19616,1070,4901,76325,2078440,78335,19447,182824,93050,150123,20100,,msa,20100,,2024
"Dublin, GA Micro Area",839,483,441,545,1866,7417,792,3816,25625,567200,22652,12944,56701,25571,46615,20140,,msa,20140,,2024
"DuBois, PA Micro Area",791,548,208,429,1370,6984,858,5680,38198,782240,30944,10797,73882,36484,66075,20180,,msa,20180,,2024
"Dubuque, IA Metro Area",959,523,548,659,2886,10927,839,2299,43288,741645,44345,9200,95304,53140,79557,20220,,msa,20220,,2024
"Duluth, MN-WI Metro Area",990,3277,2168,2585,7414,33298,2821,22948,143313,2445370,119772,34305,271117,143082,234256,20260,,msa,20260,,2024
"Dumas, TX Micro Area",939,268,112,127,381,2687,275,1120,8277,165890,9560,3867,21154,10155,15529,20300,,msa,20300,,2024
"Duncan, OK Micro Area",895,215,207,466,928,4499,578,2756,20323,395670,16701,7723,42852,19008,34823,20340,,msa,20340,,2024
"Durango, CO Micro Area",1504,587,455,736,1709,7086,460,4612,28990,479525,23670,6375,54480,30453,47676,20420,,msa,20420,,2024
"Durant, OK Micro Area",960,612,370,617,1033,6656,786,2383,20780,380365,18635,7793,47022,22148,38026,20460,,msa,20460,,2024
"Durham-Chapel Hill, NC Metro Area",1466,8836,6176,7336,22718,93921,5478,22122,270378,5600145,232103,69627,576250,320898,497657,20500,,msa,20500,,2024
"Dyersburg, TN Micro Area",782,337,323,395,1034,5633,647,1542,16311,299630,15136,5862,35931,16830,28701,20540,,msa,20540,,2024
"Eagle Pass, TX Metro Area",859,516,423,369,822,5329,790,2365,20445,455220,20861,13119,57580,24434,42023,20580,,msa,20580,,2024
"Easton, MD Micro Area",1256,301,304,285,1011,4096,407,3287,19720,353630,14295,3494,37467,17948,31817,20660,,msa,20660,,2024
"East Stroudsburg, PA Micro Area",1393,977,704,1144,3486,12101,1025,18395,79607,2591835,68023,17564,164433,84295,139990,20700,,msa,20700,,2024
"Eau Claire, WI Metro Area",1033,2008,1354,1536,4499,24440,1028,4437,76302,1578240,79652,18737,167374,95312,142645,20740,,msa,20740,,2024
"Edwards, CO Micro Area",2019,623,629,1052,2195,7513,555,11857,33915,596615,26907,4760,54783,33079,45032,20780,,msa,20780,,2024
"Effingham, IL Micro Area",743,238,104,324,453,3697,397,2011,20139,389355,20100,4367,44215,23312,35520,20820,,msa,20820,,2024
"El Campo, TX Micro Area",1046,304,197,833,593,4408,497,1821,17711,454730,17666,5589,41070,19948,32750,20900,,msa,20900,,2024
"El Centro, CA Metro Area",1056,1905,1581,1538,5610,21434,1381,8400,58044,1247890,56531,33819,173150,71522,134835,20940,,msa,20940,,2024
"El Dorado, AR Micro Area",847,303,118,342,855,4097,456,3647,18649,296680,14744,7286,37270,16966,30183,20980,,msa,20980,,2024
"Elizabeth City, NC Micro Area",1170,254,388,671,1160,5132,196,1936,17721,459230,16408,4224,38261,19526,33083,21020,,msa,21020,,2024
"Elizabethtown, KY Metro Area",964,1419,622,1141,3067,17937,1180,4063,54681,1203860,52174,16903,123945,61981,99640,21060,,msa,21060,,2024
"Elk City, OK Micro Area",904,253,162,201,466,2634,408,1949,10137,123935,7668,4163,19202,8863,17748,21120,,msa,21120,,2024
"Elkhart-Goshen, IN Metro Area",1047,1563,1134,1436,4727,20560,2052,8184,80493,1829810,91646,25311,204191,102139,157016,21140,,msa,21140,,2024
"Elkins, WV Micro Area",821,199,158,169,424,2671,561,2394,13072,207305,9841,4018,25254,11781,23086,21180,,msa,21180,,2024
"Elko, NV Micro Area",1158,351,401,469,696,5729,639,2904,23153,740695,25351,5624,54767,28347,42741,21220,,msa,21220,,2024
"Ellensburg, WA Micro Area",1341,754,474,632,2227,7699,652,4681,24674,453070,19447,6527,45392,24677,40168,21260,,msa,21260,,2024
"Elmira, NY Metro Area",1059,732,558,761,3269,11130,809,3990,39252,651890,32339,12857,78810,38530,67064,21300,,msa,21300,,2024
"El Paso, TX Metro Area",1079,9374,7980,10656,25450,107403,7520,24225,324704,8530145,353835,161105,859648,420836,673147,21340,,msa,21340,,2024
"Emporia, KS Micro Area",817,358,248,516,1108,5986,450,1787,16415,254220,16732,4766,33612,19102,28012,21380,,msa,21380,,2024
"Enid, OK Metro Area",919,633,529,667,1307,8131,699,3911,27804,479735,27217,7534,60038,30974,47828,21420,,msa,21420,,2024
"Enterprise, AL Micro Area",1018,339,150,269,1132,5821,962,3672,24656,507020,22063,9033,54052,24733,43348,21460,,msa,21460,,2024
"Erie, PA Metro Area",904,2506,1844,2937,8872,35311,2448,9524,120111,2159025,110024,38291,255825,129657,220125,21500,,msa,21500,,2024
"Escanaba, MI Micro Area",692,126,225,139,557,2873,306,3874,19845,254160,13982,4579,36162,15743,30761,21540,,msa,21540,,2024
"Espanola, NM Micro Area",740,116,193,180,370,3130,631,4215,19862,427415,14183,7263,39823,17007,32057,21580,,msa,21580,,2024
"Eufaula, AL-GA Micro Area",691,216,139,76,415,3067,690,3334,13529,227910,8454,4970,23847,10068,22303,21640,,msa,21640,,2024
"Eugene-Springfield, OR Metro Area",1355,5212,3580,6578,18187,64671,3568,9343,169788,3079095,152079,57613,375499,195863,325423,21660,,msa,21660,,2024
"Eureka-Arcata, CA Micro Area",1287,1501,1752,2838,7231,23869,1689,7961,62883,933135,49024,24587,131689,63959,112461,21700,,msa,21700,,2024
"Evanston, WY-UT Micro Area",891,245,22,96,185,1946,155,3635,12274,205795,10003,1964,22952,11369,17672,21740,,msa,21740,,2024
"Evansville, IN Metro Area",986,2502,1799,2737,7629,33658,2077,9348,123314,2542850,121862,31846,263004,138451,217910,21780,,msa,21780,,2024
"Fairbanks-College, AK Metro Area",1459,1169,800,1471,2548,13935,890,6321,42680,863010,45028,5619,91697,51385,74981,21820,,msa,21820,,2024
"Fairmont, MN Micro Area",761,302,326,186,412,2749,338,890,9729,144760,8574,2564,19529,9900,15739,21860,,msa,21860,,2024
"Fairmont, WV Micro Area",932,669,228,185,972,5442,745,2937,26276,580550,22589,7395,54526,27163,45968,21900,,msa,21900,,2024
"Fallon, NV Micro Area",1319,387,129,187,427,2866,234,1492,11008,258305,10740,2053,25210,12386,20677,21980,,msa,21980,,2024
"Fargo, ND-MN Metro Area",967,3903,2736,3947,9514,49340,1810,6210,116597,2294685,129703,28945,250150,152510,205912,22020,,msa,22020,,2024
"Faribault-Northfield, MN Micro Area",1083,387,344,520,1059,5575,399,1802,25295,636350,29158,6157,60338,35425,55065,22060,,msa,22060,,2024
"Farmington, MO Micro Area",794,520,620,584,1180,7891,677,4129,28945,641535,24749,9814,61571,28493,54813,22100,,msa,22100,,2024
"Farmington, NM Metro Area",956,751,511,899,2254,12019,1615,6523,48255,1031140,42626,27595,119577,50349,94846,22140,,msa,22140,,2024
"Fayetteville, NC Metro Area",1212,5226,4221,6670,14189,63635,5093,15703,164719,3718000,165120,62627,373796,193769,302895,22180,,msa,22180,,2024
"Fayetteville, TN Micro Area",857,146,367,251,525,3590,452,1442,16291,459840,14928,4585,35408,16982,28952,22190,,msa,22190,,2024
"Fayetteville-Springdale-Rogers, AR Metro Area",1157,6444,4679,5551,12670,81374,6367,20342,235908,5317805,246258,61183,564735,297639,452768,22220,,msa,22220,,2024
"Fergus Falls, MN Micro Area",868,383,209,389,902,5161,730,11541,36698,516805,24961,5187,59440,29701,48848,22260,,msa,22260,,2024
"Findlay, OH Micro Area",979,517,542,488,1671,9235,464,2305,33920,601615,33364,7259,73017,38743,60452,22300,,msa,22300,,2024
"Fitzgerald, GA Micro Area",688,195,28,63,584,2601,463,1059,8141,112155,6690,4207,16725,7398,13435,22340,,msa,22340,,2024
"Flagstaff, AZ Metro Area",1473,1814,1477,1711,5748,22209,1392,15527,70645,1156135,60009,22229,132531,74732,119681,22380,,msa,22380,,2024
"Flint, MI Metro Area",989,3729,3243,4069,12695,48971,3823,16569,183903,4152550,154243,65374,398506,189680,324071,22420,,msa,22420,,2024
"Florence, SC Metro Area",934,1376,1343,2500,6419,26199,4001,13436,91853,1739905,78587,37966,195466,92067,159129,22500,,msa,22500,,2024
"Florence-Muscle Shoals, AL Metro Area",853,1212,619,1145,3295,19189,2968,9417,72976,1586830,64443,21247,150170,73765,126226,22520,,msa,22520,,2024
"Fond du Lac, WI Metro Area",960,1061,659,1238,1987,12664,653,2851,46094,1003895,47396,9313,100827,54623,84957,22540,,msa,22540,,2024
"Forest City, NC Micro Area",783,493,342,419,1427,6958,1232,6133,32775,636380,24371,10665,63670,29343,53451,22580,,msa,22580,,2024
"Forrest City, AR Micro Area",779,343,113,209,1008,3464,418,1787,9570,165395,7195,5553,19503,8421,18169,22620,,msa,22620,,2024
"Fort Collins-Loveland, CO Metro Area",1716,5519,3744,5051,14917,55495,2747,10458,164690,3553940,151960,39999,357262,206626,309052,22660,,msa,22660,,2024
"Fort Dodge, IA Micro Area",785,382,131,431,734,4560,386,1707,17082,337900,16726,4383,34094,18803,30201,22700,,msa,22700,,2024
"Fort Leonard Wood, MO Micro Area",1112,421,427,315,789,6545,845,2580,19431,458465,23453,5498,43391,30148,43154,22780,,msa,22780,,2024
"Fort Madison, IA Micro Area",835,540,183,149,576,3389,447,1471,15794,277270,13621,4130,31541,15401,26643,22800,,msa,22800,,2024
"Fort Morgan, CO Micro Area",1025,240,307,138,932,3616,465,735,11804,286885,12314,4164,29061,14723,22865,22820,,msa,22820,,2024
"Fort Payne, AL Micro Area",693,402,229,327,946,5691,1398,4782,30963,703765,28431,15894,71091,31641,56846,22840,,msa,22840,,2024
"Fort Smith, AR-OK Metro Area",866,1998,1446,2698,5598,30387,2601,10466,101458,1974365,91680,37015,226346,105076,181656,22900,,msa,22900,,2024
"Fort Wayne, IN Metro Area",1003,4429,2906,4378,11384,54108,3402,11244,193389,4436075,200563,53665,447882,234799,354430,23060,,msa,23060,,2024
"Frankfort, IN Micro Area",920,452,42,214,429,3225,232,1021,13517,323070,14884,3156,32043,16480,25296,23140,,msa,23140,,2024
"Frankfort, KY Micro Area",953,702,594,823,2076,10233,714,2118,34489,728395,31032,9605,74320,38100,61720,23180,,msa,23180,,2024
"Franklin, KY Micro Area",1012,207,120,125,597,2674,315,602,8627,180120,8567,3031,19493,9588,15799,23190,,msa,23190,,2024
"Fredericksburg, TX Micro Area",1340,234,292,270,474,2889,521,2860,14373,229915,10499,2503,27121,12523,22825,23240,,msa,23240,,2024
"Freeport, IL Micro Area",798,668,278,336,916,5632,558,1972,21330,379295,18349,5991,43013,21627,35662,23300,,msa,23300,,2024
"Fremont, NE Micro Area",1060,255,197,223,928,5018,273,1557,16725,327335,17452,4000,36284,19198,28924,23340,,msa,23340,,2024
"Fremont, OH Micro Area",783,453,324,430,1301,6564,697,1815,26501,519700,25075,8662,57735,28059,47707,23380,,msa,23380,,2024
"Fresno, CA Metro Area",1392,13971,9463,14484,44793,159097,10454,25828,395909,10374500,431773,212586,1153390,543507,890960,23420,,msa,23420,,2024
"Gadsden, AL Metro Area",847,781,351,801,2324,10283,1492,8192,47603,1046710,40988,17227,101715,45922,83147,23460,,msa,23460,,2024
"Gaffney, SC Micro Area",869,435,297,439,1057,5773,896,3087,25150,560455,22322,10223,55512,25530,45281,23500,,msa,23500,,2024
"Gainesville, FL Metro Area",1295,4130,3552,5951,19128,58066,5337,14567,157066,3237510,138892,66650,331164,170457,292822,23540,,msa,23540,,2024
"Gainesville, GA Metro Area",1341,1936,2125,1966,5332,23130,1706,7375,80926,2456495,89857,24796,210143,107035,168392,23580,,msa,23580,,2024
"Gainesville, TX Micro Area",1047,228,499,286,796,4655,461,1416,17944,488005,18980,5737,42401,21765,34263,23620,,msa,23620,,2024
"Galesburg, IL Micro Area",788,677,390,442,1470,6120,407,2786,23758,399770,19560,6599,45294,22279,40263,23660,,msa,23660,,2024
"Gallipolis, OH Micro Area",813,102,191,147,489,2942,653,1850,13464,270380,10645,4676,28438,12156,23055,23680,,msa,23680,,2024
"Gallup, NM Micro Area",859,441,332,498,1071,6453,1079,3951,25304,581410,21498,23187,69749,26134,53832,23700,,msa,23700,,2024
"Garden City, KS Micro Area",1048,408,281,186,560,4640,270,1126,14355,259725,17704,4134,37313,19500,28190,23780,,msa,23780,,2024
"Gardnerville Ranchos, NV-CA Micro Area",1592,365,173,535,1214,4609,405,4623,26383,494775,18734,4622,50960,22682,44945,23820,,msa,23820,,2024
"Gettysburg, PA Metro Area",1115,903,458,527,1566,8627,773,2831,43672,1311495,46425,8336,101730,56128,88081,23900,,msa,23900,,2024
"Gillette, WY Micro Area",1009,276,329,343,844,4017,428,2035,20023,468890,22129,4385,46436,24894,35977,23940,,msa,23940,,2024
"Glasgow, KY Micro Area",776,522,349,513,1530,7189,818,2901,25018,493225,20683,11403,54471,23882,43807,23980,,msa,23980,,2024
"Glens Falls, NY Metro Area",1077,1433,494,1238,3286,14116,991,14932,69534,1288850,53571,12960,122308,62829,106424,24020,,msa,24020,,2024
"Gloversville, NY Micro Area",912,643,299,394,1213,6546,395,5333,28199,575450,22693,6764,51509,25736,43282,24100,,msa,24100,,2024
"Goldsboro, NC Metro Area",965,1687,1044,1386,3769,18312,1646,5998,53505,1158395,50506,20075,115809,57486,93902,24140,,msa,24140,,2024
"Granbury, TX Micro Area",1428,358,107,539,927,4807,606,3543,29066,798805,24331,4978,64987,30560,54180,24180,,msa,24180,,2024
"Grand Forks, ND-MN Metro Area",967,1403,1350,1338,4183,18641,818,4933,48588,860995,51886,12526,97834,58035,83290,24220,,msa,24220,,2024
"Grand Island, NE Metro Area",929,1275,437,1042,1659,10464,747,1765,32061,663205,35584,9599,75660,39697,58535,24260,,msa,24260,,2024
"Grand Junction, CO Metro Area",1182,1390,1067,1429,4111,18123,1713,4139,69969,1202745,63707,16561,154440,79435,130415,24300,,msa,24300,,2024
"Grand Rapids, MN Micro Area",988,355,248,161,889,3145,300,7138,25679,412840,17145,5403,44125,20611,37325,24330,,msa,24330,,2024
"Grand Rapids-Wyoming-Kentwood, MI Metro Area",1202,10019,7851,9153,24601,111780,6085,27212,467528,11185500,509570,109944,1134584,616345,927493,24340,,msa,24340,,2024
"Grants Pass, OR Metro Area",1194,1012,561,1001,2863,10382,661,2788,39503,626935,29217,13581,87095,36460,73393,24420,,msa,24420,,2024
"Great Bend, KS Micro Area",761,309,177,238,481,3616,433,2003,12383,164225,10774,3787,24591,12424,19743,24460,,msa,24460,,2024
"Great Falls, MT Metro Area",939,1247,701,643,2008,11207,827,3882,39497,619030,37497,10763,82433,42741,67999,24500,,msa,24500,,2024
"Greeley, CO Metro Area",1539,2795,2443,2815,7454,29797,1850,5350,129637,4238915,151843,32991,344481,189304,271306,24540,,msa,24540,,2024
"Green Bay, WI Metro Area",1010,3910,2400,2645,7125,41375,1999,12831,148932,3108800,149060,28650,323391,177512,265794,24580,,msa,24580,,2024
"Greencastle, IN Micro Area",884,363,412,534,282,3479,311,1126,15268,402470,14615,2846,32749,17477,31003,24600,,msa,24600,,2024
"Greeneville, TN Micro Area",737,349,379,448,978,6501,1388,4297,32697,695445,26756,10712,69746,31713,59840,24620,,msa,24620,,2024
"Greenfield, MA Micro Area",1177,773,829,899,2508,9427,698,2958,34528,713475,29955,8472,69876,37877,60698,24640,,msa,24640,,2024
"Greensboro-High Point, NC Metro Area",1093,10279,8443,10681,24207,114917,9278,27756,344801,7595505,326997,111874,757779,397343,635170,24660,,msa,24660,,2024
"Greensburg, IN Micro Area",861,201,54,70,480,2561,309,973,11685,278600,11623,2639,25880,13720,20873,24700,,msa,24700,,2024
"Greenville, MS Micro Area",833,757,351,357,1973,6812,781,3754,20867,306245,15618,11088,41927,17475,33228,24740,,msa,24740,,2024
"Greenville, NC Metro Area",993,2804,2561,2496,9212,36189,2429,8105,82638,1606845,72719,33915,170955,90738,144411,24780,,msa,24780,,2024
"Greenville, OH Micro Area",779,476,250,500,957,5884,542,1354,22651,513775,22320,5619,50951,24599,40881,24820,,msa,24820,,2024
"Greenville-Anderson-Greer, SC Metro Area",1150,9987,7769,9108,25804,112590,8729,37441,421283,9812385,398351,121964,935901,482841,773887,24860,,msa,24860,,2024
"Greenwood, MS Micro Area",686,422,163,389,1001,5547,1276,3122,17583,294325,12937,9787,35063,15270,28883,24900,,msa,24900,,2024
"Greenwood, SC Micro Area",886,943,763,714,2147,11333,1940,5862,43508,794805,37097,13674,89755,41370,76146,24940,,msa,24940,,2024
"Grenada, MS Micro Area",804,371,115,351,844,3830,629,3297,15898,262775,12244,7492,30229,13553,24552,24980,,msa,24980,,2024
"Guayama, PR Metro Area",470,531,237,575,1528,8595,2491,6659,35624,511030,18895,32056,64461,21595,56864,25020,,msa,25020,,2024
"Gulfport-Biloxi, MS Metro Area",1097,4129,3168,4506,12343,52788,4850,21894,189841,4392100,170371,64423,413315,201078,336937,25060,,msa,25060,,2024
"Guymon, OK Micro Area",873,133,88,108,498,2292,309,1637,8461,152730,9038,3197,20333,9814,15539,25100,,msa,25100,,2024
"Hagerstown-Martinsburg, MD-WV Metro Area",1159,3198,2146,1921,7212,33288,2539,9033,127214,3825600,126620,34532,293366,151701,243795,25180,,msa,25180,,2024
"Hailey, ID Micro Area",1282,256,16,268,320,3219,549,6050,18681,320650,14717,2264,31186,17870,25904,25200,,msa,25200,,2024
"Hammond, LA Metro Area",1003,985,843,1620,3964,15459,2411,8007,60006,1600590,54124,25394,132393,63523,107130,25220,,msa,25220,,2024
"Hanford-Corcoran, CA Metro Area",1331,1682,1236,1644,4531,20182,1515,2934,46986,1259550,54772,22320,139658,65779,117102,25260,,msa,25260,,2024
"Hannibal, MO Micro Area",799,257,188,298,673,4051,469,2680,17973,293315,15588,5085,37846,17787,30973,25300,,msa,25300,,2024
"Harrisburg-Carlisle, PA Metro Area",1212,5697,4491,6282,15970,78632,4688,13071,259155,5481465,243987,59377,585422,313237,489625,25420,,msa,25420,,2024
"Harrison, AR Micro Area",715,569,202,286,720,5231,958,3016,21558,380225,17238,5500,44481,20390,36521,25460,,msa,25460,,2024
"Harrisonburg, VA Metro Area",1173,1300,681,1240,4599,18587,1227,5171,55217,1217135,59783,19519,127476,70745,112344,25500,,msa,25500,,2024
"Hartford-West Hartford-East Hartford, CT Metro Area",1416,12355,10238,12422,38354,151991,9805,34341,499522,11623605,485006,108744,1114419,628375,955265,25540,,msa,25540,,2024
"Hastings, NE Micro Area",827,485,190,479,1001,4696,297,1456,18515,329825,19578,4490,38933,21460,31898,25580,,msa,25580,,2024
"Hattiesburg, MS Metro Area",1014,1741,1253,2120,3979,21495,3142,6781,66936,1606790,67614,27106,150176,77090,123667,25620,,msa,25620,,2024
"Hays, KS Micro Area",943,512,298,391,1149,4509,218,1036,13287,196130,15211,5039,27466,17009,23611,25700,,msa,25700,,2024
"Heber, UT Micro Area",1992,466,282,413,959,5651,630,14167,42777,706575,32190,3814,79148,42735,61909,25720,,msa,25720,,2024
"Helena, MT Metro Area",1082,864,515,997,1531,10471,816,3634,42667,800005,39967,7491,92211,48708,76856,25740,,msa,25740,,2024
"Hemlock Farms, PA Micro Area",1378,162,80,268,921,3146,305,15915,40177,933740,22083,5888,60014,28889,51802,25770,,msa,25770,,2024
"Henderson, KY Micro Area",778,540,553,593,1170,7798,701,2429,25874,562970,23410,8041,55921,25713,45639,25775,,msa,25775,,2024
"Henderson, NC Micro Area",883,567,416,528,1596,6435,976,3342,19489,409235,15814,8296,41918,19467,33296,25780,,msa,25780,,2024
"Hereford, TX Micro Area",926,189,28,73,370,2008,131,933,6984,134840,8119,3213,18187,8689,13214,25820,,msa,25820,,2024
"Hermiston-Pendleton, OR Micro Area",997,1107,735,535,1777,10433,744,4078,37111,728700,37034,10598,88459,42654,72181,25840,,msa,25840,,2024
"Hermitage, PA Micro Area",843,968,704,1030,2517,12845,1426,4406,50930,907435,41764,13486,102490,49812,91187,25850,,msa,25850,,2024
"Hickory-Lenoir-Morganton, NC Metro Area",869,3435,1396,2695,6150,39124,4681,17518,167096,3751370,155468,48748,360087,178780,303642,25860,,msa,25860,,2024
"Hillsdale, MI Micro Area",832,252,122,152,599,3213,455,3655,21515,436775,18201,6328,44027,21130,37038,25880,,msa,25880,,2024
"Hilo-Kailua, HI Micro Area",1510,1869,1056,1109,4503,19277,2739,16663,90735,2083020,75932,30331,202960,94862,167969,25900,,msa,25900,,2024
"Hilton Head Island-Bluffton-Port Royal, SC Metro Area",1573,1591,1433,2305,5140,22802,2768,22484,117935,2164340,89162,23584,218854,107404,192394,25940,,msa,25940,,2024
"Hinesville, GA Metro Area",1213,1202,1497,1054,2540,13937,1136,4376,34536,887240,35419,13041,82747,41637,64140,25980,,msa,25980,,2024
"Hobbs, NM Micro Area",1101,441,456,419,1428,7111,1438,3733,28403,714675,29274,13366,71522,33479,54518,26020,,msa,26020,,2024
"Holland, MI Micro Area",1100,475,385,424,1081,5750,590,7114,52636,1254410,51860,10091,120505,59883,96886,26090,,msa,26090,,2024
"Homosassa Springs, FL Metro Area",1107,857,677,729,2801,10533,1490,13638,84929,1255865,45228,24890,159617,57140,141589,26140,,msa,26140,,2024
"Hood River, OR Micro Area",1417,254,73,146,647,2736,463,1351,10290,179040,9805,1902,23733,13126,19313,26220,,msa,26220,,2024
"Hot Springs, AR Metro Area",966,1170,733,766,2697,13371,1514,9093,52760,821585,38416,15608,98780,45186,82853,26300,,msa,26300,,2024
"Houghton, MI Micro Area",835,359,185,439,1099,4140,437,5735,21175,246365,15560,5826,35480,18815,32975,26340,,msa,26340,,2024
"Houma-Bayou Cane-Thibodaux, LA Metro Area",1014,759,1099,957,4035,17991,3189,8950,88839,2113870,82970,32672,198473,92449,159685,26380,,msa,26380,,2024
"Houston-Pasadena-The Woodlands, TX Metro Area",1430,91085,70985,96783,260520,1031551,53791,244625,2906364,90767090,3032377,1019961,7348276,3812352,5743065,26420,,msa,26420,,2024
"Hudson, NY Micro Area",1260,459,410,521,1724,6312,881,6766,33393,598690,23289,7247,59845,30394,52712,26460,,msa,26460,,2024
"Huntingdon, PA Micro Area",810,219,117,224,557,3399,555,4643,20984,506610,16257,4111,38649,18831,36835,26500,,msa,26500,,2024
"Huntington, IN Micro Area",879,298,246,188,519,3483,313,937,16340,361155,16448,3472,35227,18801,29805,26540,,msa,26540,,2024
"Huntington-Ashland, WV-KY-OH Metro Area",884,3212,2094,2472,8973,40196,6419,21560,173725,3440910,141742,59998,361483,163288,302484,26580,,msa,26580,,2024
"Huntsville, AL Metro Area",1183,4831,3631,4530,11947,61473,4463,16977,222961,4974145,216390,50614,501592,266382,417749,26620,,msa,26620,,2024
"Huntsville, TX Micro Area",1031,961,841,1162,3116,11323,727,4366,30383,690710,26632,11582,63074,32875,69907,26660,,msa,26660,,2024
"Huron, SD Micro Area",879,127,97,72,476,2042,123,938,8474,118225,8854,2581,18963,9738,14410,26700,,msa,26700,,2024
"Hutchinson, KS Micro Area",863,520,317,669,1568,7884,827,2682,28274,466475,26607,7279,58121,30452,49838,26740,,msa,26740,,2024
"Hutchinson, MN Micro Area",941,295,118,155,707,3434,220,757,15972,398530,17323,3134,36168,20096,29815,26780,,msa,26780,,2024
"Idaho Falls, ID Metro Area",1127,804,1286,943,2081,14459,1104,4148,59604,1448940,66686,16190,163481,78853,121091,26820,,msa,26820,,2024
"Indiana, PA Micro Area",800,585,615,711,1996,9052,1100,5139,37626,807425,32451,10879,77822,39379,70057,26860,,msa,26860,,2024
"Indianapolis-Carmel-Greenwood, IN Metro Area",1191,24518,18522,21996,63903,279600,12638,67161,909926,23008200,902962,224015,2090904,1133633,1670209,26900,,msa,26900,,2024
"Iowa City, IA Metro Area",1097,2691,1400,2468,8021,28067,1233,5561,77874,1661255,83275,27162,170627,102161,147601,26980,,msa,26980,,2024
"Iron Mountain, MI-WI Micro Area",796,205,77,178,499,2301,283,4487,18589,214775,12337,3038,30220,14328,25422,27020,,msa,27020,,2024
"Ithaca, NY Metro Area",1411,1740,1002,1742,6131,19841,1719,4541,47804,795420,39552,14612,89313,53481,91539,27060,,msa,27060,,2024
"Jackson, MI Metro Area",985,997,830,1180,3620,15613,995,6752,69292,1398250,62131,17542,150606,74084,130419,27100,,msa,27100,,2024
"Jackson, MS Metro Area",1072,6619,4743,6689,19203,77293,8794,34086,271927,6201435,247676,104071,588778,289786,485486,27140,,msa,27140,,2024
"Jackson, TN Metro Area",997,1869,1469,2163,5345,24745,3009,7670,80121,1694155,74031,28755,175145,87280,144998,27180,,msa,27180,,2024
"Jackson, WY-ID Micro Area",1745,221,276,249,675,4992,263,5632,20139,384695,18039,2463,35662,22704,29734,27220,,msa,27220,,2024
"Jacksonville, FL Metro Area",1513,23590,14304,20782,58464,222323,12592,69318,732419,17386370,669967,194563,1651923,863697,1354395,27260,,msa,27260,,2024
"Jacksonville, IL Micro Area",718,398,180,137,478,3993,297,2278,17400,293480,15165,4701,35743,17761,31467,27300,,msa,27300,,2024
"Jacksonville, NC Metro Area",1265,2635,1521,2925,5812,27294,1879,12089,87354,2083685,93224,21551,185911,112951,161366,27340,,msa,27340,,2024
"Jacksonville, TX Micro Area",933,224,105,328,665,4732,1484,2868,21053,473065,17612,8839,48681,21577,40215,27380,,msa,27380,,2024
"Jamestown, ND Micro Area",774,431,141,171,980,3486,249,976,10413,135145,9602,2506,19872,10882,17816,27420,,msa,27420,,2024
"Jamestown-Dunkirk, NY Micro Area",812,1540,766,1223,3997,16631,1430,13083,66476,947525,48456,21053,120805,57311,102871,27460,,msa,27460,,2024
"Janesville-Beloit, WI Metro Area",1037,1444,1171,1511,3664,19382,1226,3908,71109,1764135,74018,14980,161769,86311,132288,27500,,msa,27500,,2024
"Jasper, IN Micro Area",834,172,354,70,691,4443,357,1262,18836,414950,20986,4716,42812,22868,34305,27540,,msa,27540,,2024
"Jefferson, GA Micro Area",1126,315,277,513,1061,5870,569,2343,30745,1128925,36087,6132,83924,43235,65954,27600,,msa,27600,,2024
"Jefferson City, MO Metro Area",827,957,671,713,2978,16305,1267,6267,64854,1374065,64694,13955,141155,74463,121468,27620,,msa,27620,,2024
"Jesup, GA Micro Area",846,126,178,125,847,3614,645,1643,12704,308690,11015,6192,29066,12598,24401,27700,,msa,27700,,2024
"Johnson City, TN Metro Area",939,2485,1567,2060,5308,28295,3584,9965,98944,1917020,84589,32369,204208,101562,177153,27740,,msa,27740,,2024
"Johnstown, PA Metro Area",739,883,546,976,2488,13228,1725,8483,64456,1167585,49843,17830,125314,59527,109564,27780,,msa,27780,,2024
"Jonesboro, AR Metro Area",929,1717,1475,1498,4738,20851,2265,6105,59334,1142050,56276,26471,131602,65309,105509,27860,,msa,27860,,2024
"Joplin, MO-KS Metro Area",928,2257,1462,1968,5292,25513,2108,8970,88475,1747125,85485,31278,199614,99444,159807,27900,,msa,27900,,2024
"Juneau, AK Micro Area",1444,371,227,295,748,4792,246,1082,14249,215780,14249,2771,31099,17506,26044,27940,,msa,27940,,2024
"Kahului-Wailuku, HI Metro Area",1914,1723,1277,1421,5116,19243,2163,16505,72386,1614525,70114,14947,162840,85338,133821,27980,,msa,27980,,2024
"Kalamazoo-Portage, MI Metro Area",1093,2788,2757,3778,9305,38004,2230,7798,114908,2356585,113648,32277,254983,139578,212376,28020,,msa,28020,,2024
"Kalispell, MT Micro Area",1142,1568,1000,497,2555,12225,1134,7447,51680,884350,45007,10201,109445,55955,89736,28060,,msa,28060,,2024
"Kankakee, IL Metro Area",1097,863,691,1037,2690,12355,1140,4419,45415,1120535,45014,12498,102444,52772,85656,28100,,msa,28100,,2024
"Kansas City, MO-KS Metro Area",1249,27189,18918,24783,63309,305888,16135,65582,960950,21708695,935301,217768,2187262,1193891,1755134,28140,,msa,28140,,2024
"Kapaa, HI Micro Area",1870,669,476,839,1468,7422,779,6839,30471,712975,31811,6630,72935,38421,59765,28180,,msa,28180,,2024
"Kearney, NE Micro Area",930,480,454,549,1212,7349,562,1476,24274,486725,29397,5245,54888,32244,45752,28260,,msa,28260,,2024
"Keene, NH Micro Area",1276,833,554,788,1623,8356,556,5279,35899,792355,33412,6405,73579,40699,65152,28300,,msa,28300,,2024
"Kendallville, IN Micro Area",832,671,205,179,555,4154,437,2118,20297,551660,21155,4261,46554,23489,37337,28340,,msa,28340,,2024
"Kennett, MO Micro Area",648,231,265,388,519,4246,682,2190,13447,238845,10323,5879,26692,11304,21253,28380,,msa,28380,,2024
"Kennewick-Richland, WA Metro Area",1284,2999,2047,3068,7135,33948,2302,6348,114284,2721305,122084,35804,307140,148614,236388,28420,,msa,28420,,2024
"Kenosha, WI Metro Area",1219,1869,1351,1933,5005,22941,1444,4774,73678,1925325,76607,17282,164672,91269,136479,28450,,msa,28450,,2024
"Kerrville, TX Micro Area",1109,697,396,510,1260,6752,395,3017,25632,449795,20952,5834,51367,25004,45030,28500,,msa,28500,,2024
"Ketchikan, AK Micro Area",1505,162,146,152,357,1799,131,966,6698,96560,6625,1180,13573,7524,11341,28540,,msa,28540,,2024
"Key West-Key Largo, FL Micro Area",1999,1138,1075,1062,3763,11769,855,20429,54834,717225,36699,8616,80902,44163,70589,28580,,msa,28580,,2024
"Kill Devil Hills, NC Micro Area",1345,277,354,252,733,3634,269,18442,35278,366240,16365,2497,37711,20600,32212,28620,,msa,28620,,2024
"Killeen-Temple, TX Metro Area",1217,7224,5584,6698,15548,74736,3910,16720,194401,4841690,199522,64217,466740,238705,378009,28660,,msa,28660,,2024
"Kingsland, GA Micro Area",1235,428,501,605,1730,6987,466,1978,23671,647035,22842,7052,54780,27260,44727,28680,,msa,28680,,2024
"Kingsport-Bristol, TN-VA Metro Area",849,2217,1847,2297,5498,33965,5116,18821,149760,2736420,116419,46087,305460,140008,260158,28700,,msa,28700,,2024
"Kingston, NY Metro Area",1425,1524,1397,1871,6735,22354,2197,12225,86503,1863465,67844,25635,175158,90316,155580,28740,,msa,28740,,2024
"Kingsville, TX Micro Area",1043,279,313,211,1663,5628,448,2159,14012,252285,12588,8077,28749,14638,23974,28780,,msa,28780,,2024
"Kinston, NC Micro Area",861,612,770,758,1732,9525,1197,3528,26879,517725,21294,11854,53999,24832,44107,28820,,msa,28820,,2024
"Kirksville, MO Micro Area",752,237,91,145,749,3820,673,2855,13288,193795,11397,5499,27443,13076,24187,28860,,msa,28860,,2024
"Kiryas Joel-Poughkeepsie-Newburgh, NY Metro Area",1638,6777,4774,7521,22544,80434,4836,17985,272868,9310545,283718,74184,681143,356446,565995,28880,,msa,28880,,2024
"Klamath Falls, OR Micro Area",991,559,585,501,2677,8869,995,4163,33162,430290,24010,12655,69127,28872,56705,28900,,msa,28900,,2024
"Knoxville, TN Metro Area",1145,8934,6566,9608,22865,111972,10531,40671,418905,9368390,384498,111503,911647,466210,764634,28940,,msa,28940,,2024
"Kokomo, IN Metro Area",937,868,845,599,2460,10474,1176,4283,39876,684835,33618,11040,82329,39378,66705,29020,,msa,29020,,2024
"Laconia, NH Micro Area",1167,382,211,561,1140,5240,633,12666,39003,707515,28248,5394,63634,34531,55072,29060,,msa,29060,,2024
"La Crosse-Onalaska, WI-MN Metro Area",1027,1868,1012,2034,4499,23288,1451,4795,76850,1535120,76398,19596,165089,90631,138994,29100,,msa,29100,,2024
"Lafayette, LA Metro Area",977,3212,3676,4385,12166,52283,7095,22883,187261,4279100,170172,75025,408055,200203,323170,29180,,msa,29180,,2024
"Lafayette-West Lafayette, IN Metro Area",1107,4121,2386,3339,10074,38069,3464,6968,97674,1867200,97110,37015,209689,115881,185400,29200,,msa,29200,,2024
"La Grande, OR Micro Area",982,318,51,302,769,3759,300,929,11829,174240,10663,4138,25768,12512,21151,29260,,msa,29260,,2024
"LaGrange, GA-AL Micro Area",1036,1405,1055,1287,3289,14397,1377,5887,46225,979235,42421,16871,102118,49178,82449,29300,,msa,29300,,2024
"Lake Charles, LA Metro Area",1081,1819,1181,1672,6272,24080,2862,21172,113215,2297720,100696,40432,240573,113931,189547,29340,,msa,29340,,2024
"Lake City, FL Micro Area",976,520,466,723,1503,7544,814,2870,30300,686515,26619,11227,67337,31300,57625,29380,,msa,29380,,2024
"Lake Havasu City-Kingman, AZ Metro Area",1091,2274,1523,2640,5072,26438,2924,19908,121881,1382440,69524,34700,215691,84091,189002,29420,,msa,29420,,2024
"Lakeland-Winter Haven, FL Metro Area",1363,7344,6221,7932,21114,85480,6917,51323,340748,9229135,302675,111996,774119,369267,636810,29460,,msa,29460,,2024
"Lake of the Woods, VA Micro Area",1205,242,191,121,509,3168,473,1275,16131,565110,15266,3667,37291,18658,30447,29470,,msa,29470,,2024
"Lancaster, PA Metro Area",1357,5222,4183,5296,13569,64198,3284,6476,219224,5820485,244287,44440,542321,291212,443347,29540,,msa,29540,,2024
"Lansing-East Lansing, MI Metro Area",1086,4830,3603,5470,16896,64837,3333,13137,207300,4159285,192692,60985,452222,248969,388821,29620,,msa,29620,,2024
"Laramie, WY Micro Area",931,569,453,594,2456,8537,571,1768,18851,293230,19126,7430,35570,22977,33034,29660,,msa,29660,,2024
"Laredo, TX Metro Area",1027,2914,1423,2501,7439,28743,2821,6803,88176,2384495,108033,56731,266254,122787,194687,29700,,msa,29700,,2024
"Lares, PR Micro Area",505,187,99,265,626,3983,1675,2151,12921,260195,8471,15268,27579,10363,24091,29720,,msa,29720,,2024
"Las Cruces, NM Metro Area",934,2022,2142,2992,7093,29315,3111,7547,92436,1972390,86460,46562,218348,104144,178768,29740,,msa,29740,,2024
"Las Vegas, NM Micro Area",829,234,77,339,949,3474,471,3891,17790,259455,10952,7191,29966,13249,26512,29780,,msa,29780,,2024
"Las Vegas-Henderson-North Las Vegas, NV Metro Area",1626,32149,24807,39281,102496,364134,19962,86477,948995,23799230,947872,300884,2307841,1196049,1873028,29820,,msa,29820,,2024
"Laurel, MS Micro Area",846,636,361,525,1259,7401,1668,5355,36959,836430,32245,15268,80890,35590,64724,29860,,msa,29860,,2024
"Laurinburg, NC Micro Area",778,351,234,296,1144,4807,901,1861,14441,287505,11451,8068,31257,14086,26646,29900,,msa,29900,,2024
"Lawrence, KS Metro Area",1099,2364,1660,1738,6735,25160,895,3269,53675,1153120,55374,16487,111939,69858,101247,29940,,msa,29940,,2024
"Lawrenceburg, TN Micro Area",763,216,283,339,628,3814,717,1739,18730,441535,17273,6700,44703,20733,35299,29980,,msa,29980,,2024
"Lawton, OK Metro Area",965,1754,1117,1175,4061,20335,1541,8425,55363,934525,50047,21366,117403,60363,100306,30020,,msa,30020,,2024
"Lebanon, MO Micro Area",809,314,286,365,680,4628,473,1454,16012,330935,15493,6529,35871,17175,28367,30060,,msa,30060,,2024
"Lebanon, PA Metro Area",1110,1609,818,1477,3234,16293,1076,3209,59921,1332175,60233,14171,140297,72573,115015,30140,,msa,30140,,2024
"Lebanon-Claremont, NH-VT Micro Area",1209,1993,1613,1784,4545,23234,1769,32042,123802,2196615,92626,21177,214700,116380,190848,30150,,msa,30150,,2024
"Le Mars, IA Micro Area",910,250,142,44,329,2722,223,578,10891,232980,12146,1751,25362,13867,20138,30180,,msa,30180,,2024
"Lewisburg, PA Micro Area",974,317,428,344,666,4026,335,1659,16205,278035,15550,3025,33770,17812,35976,30260,,msa,30260,,2024
"Lewisburg, TN Micro Area",946,220,221,151,537,3159,324,1127,14749,427000,14267,4186,35545,17726,28579,30280,,msa,30280,,2024
"Lewiston, ID-WA Metro Area",1024,619,382,538,1583,7646,586,2001,28761,420765,25895,8207,63545,30685,53316,30300,,msa,30300,,2024
"Lewiston-Auburn, ME Metro Area",1010,1431,1114,1347,3451,15088,792,3518,50471,1160465,47646,15686,109060,59052,92775,30340,,msa,30340,,2024
"Lewistown, PA Micro Area",822,426,224,373,834,5344,548,2958,21468,493135,19750,7360,45336,21899,36700,30380,,msa,30380,,2024
"Lexington, NE Micro Area",921,236,32,159,447,3236,459,1189,11170,233560,13077,2803,26003,13806,19881,30420,,msa,30420,,2024
"Lexington-Fayette, KY Metro Area",1138,7918,4710,7163,19812,88039,5719,14894,231167,5021380,229704,69593,505850,279882,421344,30460,,msa,30460,,2024
"Lexington Park, MD Metro Area",1750,1051,923,1053,3707,15669,1116,6603,82504,3007325,88166,12614,206414,112385,166111,30500,,msa,30500,,2024
"Liberal, KS Micro Area",905,204,159,176,332,2772,169,1051,8308,139450,9466,2581,21131,10567,15459,30580,,msa,30580,,2024
"Lima, OH Metro Area",922,755,969,847,2537,13343,879,3496,44791,799985,42789,13051,98208,48765,80198,30620,,msa,30620,,2024
"Lincoln, IL Micro Area",829,361,100,339,673,3550,437,701,11967,229490,10919,3203,24396,12677,23120,30660,,msa,30660,,2024
"Lincoln, NE Metro Area",1082,4807,3600,4910,12158,56961,2346,6616,147530,3111105,162118,38414,329665,192086,276080,30700,,msa,30700,,2024
"Little Rock-North Little Rock-Conway, AR Metro Area",1055,9132,6209,8536,23028,112967,11061,32258,343805,7397990,316208,105816,742621,374759,602924,30780,,msa,30780,,2024
"Lock Haven, PA Micro Area",820,351,238,353,751,4272,368,3193,18617,361270,15291,5334,36010,18209,31233,30820,,msa,30820,,2024
"Logan, UT-ID Metro Area",1201,1568,886,1581,3454,17229,538,2506,51877,1218105,66452,17369,150393,80660,115028,30860,,msa,30860,,2024
"Logansport, IN Micro Area",783,236,228,477,491,3870,333,1351,16388,365900,16376,4874,36822,18334,30240,30900,,msa,30900,,2024
"Longview, TX Metro Area",1060,2703,1998,2493,6697,32060,3046,14295,122469,2783100,117688,42249,279129,134698,228872,30980,,msa,30980,,2024
"Longview-Kelso, WA Metro Area",1206,1091,1129,1007,3319,14067,791,2479,46422,1122345,42926,13548,111069,51099,90051,31020,,msa,31020,,2024
"Los Alamos, NM Micro Area",1375,217,100,227,43,2076,41,466,8713,130490,8875,683,19340,10710,15787,31060,,msa,31060,,2024
"Los Angeles-Long Beach-Anaheim, CA Metro Area",2063,207444,157980,226620,676652,2320767,112556,297226,4796635,152295605,5160865,1623320,12782759,6900926,10617893,31080,,msa,31080,,2024
"Louisville/Jefferson County, KY-IN Metro Area",1116,13932,11195,13221,36588,173549,12492,44421,602727,13955150,578627,166306,1347422,713336,1101643,31140,,msa,31140,,2024
"Lubbock, TX Metro Area",1159,4912,2933,4750,17106,60206,4707,16662,157215,2852160,160335,58064,343783,184833,283796,31180,,msa,31180,,2024
"Ludington, MI Micro Area",896,275,144,259,513,2776,320,4795,17596,216195,11079,4077,28851,13184,24173,31220,,msa,31220,,2024
"Lufkin, TX Micro Area",1076,1271,512,1200,2404,11621,1098,4752,37023,718920,34343,13351,84720,39781,67755,31260,,msa,31260,,2024
"Lumberton, NC Micro Area",805,1043,824,1025,2708,14735,3108,5977,49111,1029745,40667,30870,113373,45864,90067,31300,,msa,31300,,2024
"Lynchburg, VA Metro Area",991,2082,1501,1904,6640,29368,2757,15647,119048,2425055,106390,30738,250419,128835,218434,31340,,msa,31340,,2024
"Macomb, IL Micro Area",761,280,217,236,1179,4333,363,1731,13587,218995,11781,4194,24377,14096,22633,31380,,msa,31380,,2024
"Macon-Bibb County, GA Metro Area",1044,2486,2189,2366,9803,33774,3297,16122,104712,2163910,88447,46872,226669,106490,186337,31420,,msa,31420,,2024
"Madison, IN Micro Area",890,399,168,233,495,3602,305,1727,14517,307520,13867,3808,30858,15804,27322,31500,,msa,31500,,2024
"Madison, WI Metro Area",1354,10365,7467,9684,25668,119582,5505,13949,315529,6660410,310007,68337,675626,397471,570505,31540,,msa,31540,,2024
"Madisonville, KY Micro Area",837,521,291,365,1057,5388,815,2604,21001,364295,17141,8748,43786,19401,36156,31580,,msa,31580,,2024
"Magnolia, AR Micro Area",649,153,14,55,373,2461,547,2621,11030,202210,9055,4281,20260,9995,17961,31620,,msa,31620,,2024
"Malvern, AR Micro Area",768,116,28,90,437,2896,938,1992,14302,376985,12622,4661,30872,13836,27459,31680,,msa,31680,,2024
"Manchester-Nashua, NH Metro Area",1623,5599,3477,5003,11529,55030,1941,8994,177734,5272745,193323,28204,418518,248651,353268,31700,,msa,31700,,2024
"Manhattan, KS Metro Area",1063,2091,1392,2065,5165,24597,1634,5674,56908,1151120,64563,20220,122203,74885,106419,31740,,msa,31740,,2024
"Manitowoc, WI Micro Area",797,364,286,444,1200,8059,685,2896,38084,743785,36670,7661,80201,41509,67062,31820,,msa,31820,,2024
"Mankato, MN Metro Area",1069,950,936,1055,3256,14280,852,2852,43460,825905,49576,12920,98054,59028,85519,31860,,msa,31860,,2024
"Mansfield, OH Metro Area",824,1514,877,1087,2867,16075,1059,4557,54668,1091930,50041,16185,117599,57057,101051,31900,,msa,31900,,2024
"Marietta, OH Micro Area",852,452,408,624,1211,6099,677,3170,27949,569240,24221,7881,57322,28414,48902,31930,,msa,31930,,2024
"Marinette, WI-MI Micro Area",768,387,186,310,901,5501,700,13334,42746,581975,26781,6793,63944,30711,54908,31940,,msa,31940,,2024
"Marion, IN Micro Area",853,379,360,474,1571,7303,726,3134,29907,580505,26389,12101,61022,31426,53773,31980,,msa,31980,,2024
"Marion, NC Micro Area",806,265,136,381,741,4550,715,2937,21575,442125,17910,6447,43538,20217,37088,32000,,msa,32000,,2024
"Marion, OH Micro Area",864,592,348,805,1655,8032,928,2675,27358,596080,24281,9894,59436,28086,52795,32020,,msa,32020,,2024
"Marion-Herrin, IL Micro Area",930,880,907,384,1471,8506,658,3101,32084,634860,27037,8880,64568,31976,54389,32060,,msa,32060,,2024
"Marquette, MI Micro Area",949,891,475,748,2262,8576,418,5352,33607,522765,29116,8824,63235,33800,56704,32100,,msa,32100,,2024
"Marshall, MN Micro Area",781,202,175,108,582,2780,270,1161,11269,161305,11072,3015,24766,13185,19546,32140,,msa,32140,,2024
"Marshall, MO Micro Area",739,338,246,142,377,2431,201,1760,9813,174065,9957,3558,21676,10973,18754,32180,,msa,32180,,2024
"Marshalltown, IA Micro Area",885,215,226,307,405,3874,313,1441,16937,360900,18168,4333,38845,20805,31170,32260,,msa,32260,,2024
"Martin, TN Micro Area",803,183,365,238,836,4510,699,1672,15056,280075,13396,5872,30841,15159,27513,32280,,msa,32280,,2024
"Martinsville, VA Micro Area",761,624,255,601,1550,7772,1032,5685,32439,570730,23360,10950,62208,27644,51967,32300,,msa,32300,,2024
"Maryville, MO Micro Area",786,240,213,140,733,3190,253,1076,9536,146565,9290,3122,18265,10378,17684,32340,,msa,32340,,2024
"Mason City, IA Micro Area",842,352,193,462,910,6327,605,3544,26260,377885,22954,4999,48983,26090,40826,32380,,msa,32380,,2024
"Massena-Ogdensburg, NY Micro Area",818,1040,444,896,2949,11721,1170,10304,51970,854680,40647,16253,96376,47329,88729,32390,,msa,32390,,2024
"Mayaguez, PR Metro Area",504,1602,1016,1457,5438,30196,13344,34895,119067,1464295,60684,97872,207735,76832,182524,32420,,msa,32420,,2024
"Mayfield, KY Micro Area",775,165,308,182,664,3384,543,2286,16425,292105,14140,7176,36148,16194,28770,32460,,msa,32460,,2024
"McAlester, OK Micro Area",860,455,251,430,964,5099,871,4401,22252,336775,15783,7328,41319,18412,34749,32540,,msa,32540,,2024
"McAllen-Edinburg-Mission, TX Metro Area",957,6230,4524,6134,21340,87939,9409,38346,308556,7063900,313630,235512,883207,383436,648434,32580,,msa,32580,,2024
"McComb, MS Micro Area",910,421,191,363,1195,6027,1336,5820,26117,553520,18717,12956,51944,21211,41525,32620,,msa,32620,,2024
"McMinnville, TN Micro Area",827,406,122,487,642,4465,778,2334,18537,455930,16918,6532,41591,19422,33623,32660,,msa,32660,,2024
"McPherson, KS Micro Area",916,123,159,179,613,2983,351,1014,13176,214375,14476,2684,28370,16163,24360,32700,,msa,32700,,2024
"Meadville, PA Micro Area",802,698,439,593,1649,8562,1118,8319,42157,735040,31496,11229,78397,36804,67834,32740,,msa,32740,,2024
"Medford, OR Metro Area",1358,3014,2204,3057,7843,31342,2524,5956,97991,1627775,85435,27159,219744,106024,182824,32780,,msa,32780,,2024
"Memphis, TN-MS-AR Metro Area",1220,16557,13812,17955,53367,206526,15729,57306,580185,13453315,553545,218212,1318743,670980,1046402,32820,,msa,32820,,2024
"Menomonie, WI Micro Area",985,353,238,400,1078,5747,469,1543,18983,496520,21231,4524,42376,25435,37777,32860,,msa,32860,,2024
"Merced, CA Metro Area",1343,3365,2315,3197,9700,39581,3768,4817,90872,3243865,103732,54568,285864,128696,217521,32900,,msa,32900,,2024
"Meridian, MS Micro Area",937,628,366,1014,2938,11071,1651,6544,41196,864240,33685,20692,83764,38342,69091,32940,,msa,32940,,2024
"Mexico, MO Micro Area",693,193,124,132,588,2600,437,1342,10561,208270,9616,4154,23299,10812,19737,33020,,msa,33020,,2024
"Miami, OK Micro Area",788,347,184,352,619,3870,639,1780,13701,237575,11538,6095,29201,12746,23504,33060,,msa,33060,,2024
"Miami-Fort Lauderdale-West Palm Beach, FL Metro Area",1869,83152,69419,102315,305034,921750,49934,345668,2680465,76410570,2607045,807868,6164776,3282694,5148722,33100,,msa,33100,,2024
"Michigan City-La Porte, IN Metro Area",976,997,475,898,2146,11019,1418,6405,50038,1105345,44175,14248,104625,51027,90740,33140,,msa,33140,,2024
"Middlesborough, KY Micro Area",592,379,373,211,776,4092,923,1692,11631,153745,6761,6553,22735,8079,19075,33180,,msa,33180,,2024
"Midland, MI Metro Area",1016,472,543,612,2009,7671,530,2167,37160,790125,33317,8856,82467,40678,68329,33220,,msa,33220,,2024
"Midland, TX Metro Area",1400,1688,1239,2152,5282,22335,1282,5234,74858,1822255,83769,20083,178350,92883,133052,33260,,msa,33260,,2024
"Milledgeville, GA Micro Area",923,753,382,493,1630,6457,584,3720,20302,378690,14997,8309,38274,17579,36826,33300,,msa,33300,,2024
"Milwaukee-Waukesha, WI Metro Area",1139,21249,15656,20717,59823,260051,13165,45122,701558,15114385,665030,190233,1544527,827375,1257099,33340,,msa,33340,,2024
"Minden, LA Micro Area",795,332,208,571,1288,4753,1133,4043,18377,339785,12459,8071,34889,14178,28753,33380,,msa,33380,,2024
"Mineral Wells, TX Micro Area",1093,342,157,192,790,3256,243,3972,15206,314210,10959,4858,29008,12971,23190,33420,,msa,33420,,2024
"Minneapolis-St. Paul-Bloomington, MN-WI Metro Area",1440,40447,28072,34704,97418,432465,18054,74137,1551396,36953835,1543647,300663,3654249,2081265,2955179,33460,,msa,33460,,2024
"Minot, ND Metro Area",1039,792,725,806,1911,11827,712,4878,36659,749010,37034,6458,74596,41797,60227,33500,,msa,33500,,2024
"Missoula, MT Metro Area",1184,1818,1502,1823,5001,22107,992,4673,59502,1080615,58598,12610,122889,72926,105682,33540,,msa,33540,,2024
"Mitchell, SD Micro Area",838,248,251,205,577,3751,401,1061,12038,191235,12218,2559,24746,13872,20220,33580,,msa,33580,,2024
"Moberly, MO Micro Area",760,202,199,395,306,2646,232,1615,10862,212380,9728,3118,22464,11050,19700,33620,,msa,33620,,2024
"Mobile, AL Metro Area",1052,5324,3518,4628,13394,54913,6570,24417,186082,4240740,162567,65608,404346,191437,327117,33660,,msa,33660,,2024
"Modesto, CA Metro Area",1623,5613,4714,6341,18142,69046,4732,7275,185149,6597685,214320,74260,548756,262384,424141,33700,,msa,33700,,2024
"Monroe, LA Metro Area",931,2133,1481,2783,8837,31360,4878,15229,102235,2007720,85547,52894,215940,100569,175819,33740,,msa,33740,,2024
"Monroe, MI Metro Area",1059,979,759,1056,2461,11527,1146,3565,66594,1684725,64241,16177,153642,75635,127187,33780,,msa,33780,,2024
"Montgomery, AL Metro Area",1095,3396,2811,4270,13372,52384,5174,21892,173330,3779835,155439,61600,370961,180465,306668,33860,,msa,33860,,2024
"Monticello, IN Micro Area",901,197,117,102,342,1948,108,2707,12961,248585,10635,2481,24371,12037,19618,33900,,msa,33900,,2024
"Monticello, NY Micro Area",1106,833,541,695,2442,10256,896,18560,49994,842205,30029,12173,76778,37977,64445,33910,,msa,33910,,2024
"Montrose, CO Micro Area",1188,430,244,331,1065,4446,240,1689,19758,358390,17000,5003,43435,20703,36267,33940,,msa,33940,,2024
"Morehead City, NC Micro Area",1108,384,989,1103,1492,8092,1129,20204,52181,617420,26659,6845,68003,32489,59040,33980,,msa,33980,,2024
"Morgan City, LA Micro Area",848,450,464,440,1155,5790,824,4044,22507,414510,17846,9809,47172,20274,37386,34020,,msa,34020,,2024
"Morgantown, WV Metro Area",967,1546,950,2303,5284,21182,2476,7677,65115,1379220,59820,24008,130931,72895,120502,34060,,msa,34060,,2024
"Morristown, TN Metro Area",873,999,858,829,2365,13182,1465,5764,53727,1347530,51266,18131,119716,58744,99178,34100,,msa,34100,,2024
"Moscow, ID Micro Area",929,466,370,703,1890,6721,272,1321,17591,326245,17463,6545,37108,21304,34334,34140,,msa,34140,,2024
"Moses Lake, WA Micro Area",1116,875,828,742,2048,11937,1495,4816,40214,796830,39419,15987,100877,47637,76441,34180,,msa,34180,,2024
"Moultrie, GA Micro Area",818,463,324,517,1052,6095,779,2598,19401,400885,18977,10439,45648,21343,35828,34220,,msa,34220,,2024
"Mountain Home, AR Micro Area",846,390,213,399,1011,4799,882,3535,22883,260225,13392,6492,41906,15785,35999,34260,,msa,34260,,2024
"Mountain Home, ID Micro Area",1243,317,245,360,504,3808,582,1204,12271,285590,13001,2945,28062,14566,22916,34300,,msa,34300,,2024
"Mount Airy, NC Micro Area",761,610,315,657,1411,7939,1030,3878,33747,709520,29145,11829,70337,33232,58226,34340,,msa,34340,,2024
"Mount Pleasant, MI Micro Area",913,817,482,776,2515,9508,665,3746,28660,552095,28236,13012,59408,33969,54480,34380,,msa,34380,,2024
"Mount Pleasant, TX Micro Area",872,485,342,527,1127,5642,608,2923,23791,490085,22454,10152,55637,25401,42930,34420,,msa,34420,,2024
"Mount Sterling, KY Micro Area",763,208,160,143,754,5283,1151,2916,21097,489285,17967,9182,46807,20789,37706,34460,,msa,34460,,2024
"Mount Vernon, IL Micro Area",885,403,179,273,702,4197,598,1809,16629,296825,15174,4726,34923,17364,29415,34500,,msa,34500,,2024
"Mount Vernon, OH Micro Area",950,495,242,411,1124,5752,768,2587,26078,638470,24874,6930,59536,30216,50359,34540,,msa,34540,,2024
"Mount Vernon-Anacortes, WA Metro Area",1536,1685,989,1640,3494,15665,1261,4721,57050,1334145,50629,15068,129735,62739,107446,34580,,msa,34580,,2024
"Muncie, IN Metro Area",906,947,832,980,4313,15505,1428,5379,51635,1013510,47875,20492,104289,56575,94148,34620,,msa,34620,,2024
"Murray, KY Micro Area",870,360,150,373,1150,5501,550,2867,18106,282185,16320,6083,35367,18566,32146,34660,,msa,34660,,2024
"Murrells Inlet, SC Micro Area",1204,678,277,499,788,4353,533,10044,37173,685555,23523,9602,64124,27939,55282,34680,,msa,34680,,2024
"Muscatine, IA Micro Area",971,300,278,358,951,4525,360,1109,18454,370450,19529,5727,41867,21871,33670,34700,,msa,34700,,2024
"Muskegon-Norton Shores, MI Metro Area",1028,1008,821,1232,4051,14861,1325,7534,75266,1537195,71121,23920,170197,83997,141156,34740,,msa,34740,,2024
"Muskogee, OK Micro Area",849,785,582,602,1785,8618,914,3610,29349,519610,23485,11941,62456,27757,52023,34780,,msa,34780,,2024
"Myrtle Beach-Conway-North Myrtle Beach, SC Metro Area",1255,2695,2834,2741,8687,36099,3498,58640,217419,3342205,144632,49738,375755,174146,326352,34820,,msa,34820,,2024
"Nacogdoches, TX Micro Area",965,716,517,938,3209,10309,986,3854,29156,537545,26689,13099,60090,31734,51569,34860,,msa,34860,,2024
"Nantucket, MA Micro Area",2213,184,69,265,238,1482,97,7342,12594,112520,7046,451,14287,8587,11965,34880,,msa,34880,,2024
"Napa, CA Metro Area",2237,1718,1028,2143,4614,18208,882,6054,55817,1402010,56218,11184,132242,71107,112410,34900,,msa,34900,,2024
"Naples-Marco Island, FL Metro Area",1862,3459,2665,4126,12504,38817,2879,73531,239406,3592950,137788,42152,394172,174727,341236,34940,,msa,34940,,2024
"Nashville-Davidson--Murfreesboro--Franklin, TN Metro Area",1528,28564,21186,26147,63729,288490,16859,68072,897206,24610775,885701,212218,2038615,1143728,1660372,34980,,msa,34980,,2024
"Natchez, MS-LA Micro Area",731,476,326,424,1202,5826,1028,6622,27358,396245,17850,14914,50783,20406,43888,35020,,msa,35020,,2024
"Natchitoches, LA Micro Area",786,261,314,433,1582,5666,1083,4238,18746,316820,14084,8723,34321,15579,29305,35060,,msa,35060,,2024
"New Bern, NC Micro Area",1079,1291,978,1178,2903,15310,1539,8101,60553,1135245,50399,16888,118915,57513,101420,35100,,msa,35100,,2024
"Newberry, SC Micro Area",872,219,243,140,906,4123,724,3233,18558,412930,15208,6435,37076,17582,31069,35140,,msa,35140,,2024
"New Castle, IN Micro Area",820,292,281,278,793,4439,408,2354,20996,480495,18658,6248,45850,21804,40177,35220,,msa,35220,,2024
"New Haven, CT Metro Area",1525,7772,5636,8624,23963,91053,5121,17594,248267,5691885,242407,62718,549839,307881,473045,35300,,msa,35300,,2024
"New Iberia, LA Micro Area",897,539,457,550,2013,8781,1668,4528,31344,643400,25457,15482,67787,30091,52657,35340,,msa,35340,,2024
"New Orleans-Metairie, LA Metro Area",1217,12597,8899,13359,47704,156983,13294,66584,465148,9715445,398408,178924,963049,490970,792206,35380,,msa,35380,,2024
"New Philadelphia-Dover, OH Micro Area",908,1004,591,917,2336,11985,1220,2421,40913,885060,38203,12246,91232,44874,73499,35420,,msa,35420,,2024
"Newport, OR Micro Area",1201,581,295,398,1726,6581,687,9513,32628,367890,16623,8025,50503,21529,44040,35440,,msa,35440,,2024
"Newport, TN Micro Area",798,417,252,205,644,3951,758,2448,17957,483150,14720,7934,36207,16161,30218,35460,,msa,35460,,2024
"New Ulm, MN Micro Area",890,325,62,128,496,2327,218,800,11827,176880,12076,2096,24753,13593,20710,35580,,msa,35580,,2024
"New York-Newark-Jersey City, NY-NJ Metro Area",1830,304225,220961,293631,970249,3594730,181810,628719,8038666,281580550,7904165,2467089,19480143,10443406,16095209,35620,,msa,35620,,2024
"Niles, MI Metro Area",942,1381,882,1476,4266,17388,1336,13277,77276,1287635,60765,22693,150495,74815,124807,35660,,msa,35660,,2024
"Nogales, AZ Micro Area",829,338,348,489,1136,5217,589,2266,19232,409230,16936,9851,48805,21762,37974,35700,,msa,35700,,2024
"Norfolk, NE Micro Area",882,496,158,336,1045,6121,748,1512,21129,364575,22690,5619,47606,25239,37655,35740,,msa,35740,,2024
"North Platte, NE Micro Area",899,532,410,310,867,5181,375,1765,16954,250275,16176,4114,33706,17909,27690,35820,,msa,35820,,2024
"North Port-Bradenton-Sarasota, FL Metro Area",1747,8344,6406,10937,27134,94802,6603,98775,487726,8088810,312372,80232,875753,397103,767383,35840,,msa,35840,,2024
"North Wilkesboro, NC Micro Area",723,459,536,430,982,7179,1574,4729,31836,667500,25736,10807,64604,30285,54328,35900,,msa,35900,,2024
"Norwalk, OH Micro Area",848,435,177,500,1291,6107,460,2107,25597,566405,25317,7621,57698,28463,46224,35940,,msa,35940,,2024
"Norwich-New London-Willimantic, CT Metro Area",1365,3900,2698,3685,9086,40427,2413,10657,126425,2900400,121184,28665,269074,148716,232254,35980,,msa,35980,,2024
"Oak Harbor, WA Micro Area",1662,1072,668,796,2020,9084,602,6772,42744,875540,33430,6502,84468,41093,73388,36020,,msa,36020,,2024
"Ocala, FL Metro Area",1277,3055,2015,3175,9052,37144,4315,23396,188277,3602320,134402,56349,390908,164012,334316,36100,,msa,36100,,2024
"Ocean Pines, MD Micro Area",1159,446,245,337,1493,5319,762,32731,56867,501200,21526,5266,52974,26876,45683,36180,,msa,36180,,2024
"Odessa, TX Metro Area",1259,1852,1488,1930,5372,22810,2471,4336,68899,1804340,72167,26727,162467,80508,119739,36220,,msa,36220,,2024
"Ogden, UT Metro Area",1500,5168,3598,4574,9007,51101,2660,11560,225389,6301370,272394,45385,647261,342604,488538,36260,,msa,36260,,2024
"Oil City, PA Micro Area",795,502,333,312,944,5287,925,4847,26244,447400,19339,6418,48798,22876,41569,36340,,msa,36340,,2024
"Okeechobee, FL Micro Area",1082,265,307,214,871,3952,597,3459,18572,415930,14670,6851,38082,16698,33355,36380,,msa,36380,,2024
"Oklahoma City, OK Metro Area",1124,16801,12776,16241,47514,207805,15473,50976,622187,14667040,626047,198783,1428298,747351,1152533,36420,,msa,36420,,2024
"Olean, NY Micro Area",770,730,414,525,1527,7899,891,8461,40356,656865,29051,14056,73591,34008,61551,36460,,msa,36460,,2024
"Olympia-Lacey-Tumwater, WA Metro Area",1736,4266,2819,3429,9814,38412,1730,6264,125163,2861030,110794,28156,294924,149994,243990,36500,,msa,36500,,2024
"Omaha, NE-IA Metro Area",1192,11911,8244,10994,28626,131901,6689,22298,412110,9044625,432941,96695,965582,532583,763743,36540,,msa,36540,,2024
"Oneonta, NY Micro Area",987,581,424,529,999,6060,309,6868,30057,533745,23266,6904,55059,28870,52282,36580,,msa,36580,,2024
"Ontario, OR-ID Micro Area",832,334,511,223,1031,6256,590,1873,21857,451740,21411,7672,54799,24620,45506,36620,,msa,36620,,2024
"Opelousas, LA Micro Area",748,777,589,628,2142,9632,1482,5046,37229,828540,27822,21477,80268,32898,62346,36660,,msa,36660,,2024
"Orangeburg, SC Micro Area",841,582,393,771,2584,10928,2968,8450,41527,913220,29701,17886,79701,35907,67191,36700,,msa,36700,,2024
"Orlando-Kissimmee-Sanford, FL Metro Area",1760,35827,29015,43113,106979,377641,19761,123045,1145360,33186535,1137319,319657,2741480,1479524,2271535,36740,,msa,36740,,2024
"Oshkosh-Neenah, WI Metro Area",965,2214,1395,1699,4575,24876,907,4651,77318,1530390,78946,18699,164992,93012,141291,36780,,msa,36780,,2024
"Oskaloosa, IA Micro Area",793,163,189,180,237,2801,456,985,9728,180135,9990,2683,21227,11356,17471,36820,,msa,36820,,2024
"Othello, WA Micro Area",877,153,113,108,420,1930,236,638,6926,167915,7577,4033,20630,8601,14344,36830,,msa,36830,,2024
"Ottawa, IL Micro Area",908,959,797,1005,2968,15411,1345,6697,68563,1621775,65041,18604,143350,74098,120291,36837,,msa,36837,,2024
"Ottawa, KS Micro Area",1042,252,226,233,398,2891,245,901,11310,274360,11709,2209,25487,13784,20854,36840,,msa,36840,,2024
"Ottumwa, IA Micro Area",920,277,287,263,1111,4422,352,1733,15730,301615,15110,5464,34498,17300,27952,36900,,msa,36900,,2024
"Owatonna, MN Micro Area",1061,369,207,493,670,3118,261,857,15995,321940,16842,3079,36946,19498,29519,36940,,msa,36940,,2024
"Owensboro, KY Metro Area",907,1195,870,691,2340,13926,1722,3324,48604,963835,47755,15725,110052,54349,88507,36980,,msa,36980,,2024
"Owosso, MI Micro Area",899,406,391,469,1160,5590,387,2228,30354,805285,28971,8080,67106,33543,55972,37020,,msa,37020,,2024
"Oxford, MS Micro Area",1025,694,513,449,2139,8432,1206,11178,35218,675795,28158,12285,64309,32210,58868,37060,,msa,37060,,2024
"Oxnard-Thousand Oaks-Ventura, CA Metro Area",2317,9607,7182,10800,27625,99321,5419,15518,295878,8629840,337659,77301,827795,435970,678019,37100,,msa,37100,,2024
"Ozark, AL Micro Area",889,596,393,460,1210,7517,854,3241,22968,414515,18448,9117,48703,21236,39364,37120,,msa,37120,,2024
"Paducah, KY-IL Metro Area",874,913,713,929,2016,11682,1256,8016,49751,842055,42099,15789,100849,47642,83127,37140,,msa,37140,,2024
"Pahrump, NV Micro Area",1181,293,84,585,1240,4925,627,3114,25289,456455,15722,7487,52957,19621,46637,37220,,msa,37220,,2024
"Palatka, FL Micro Area",906,847,610,594,1470,7730,1374,5705,37065,703340,23754,17328,73986,28972,61037,37260,,msa,37260,,2024
"Palestine, TX Micro Area",1041,147,222,393,1447,4863,868,3069,20648,475075,19694,8373,48218,22510,48633,37300,,msa,37300,,2024
"Palm Bay-Melbourne-Titusville, FL Metro Area",1556,4834,3686,5754,17162,60086,3670,41610,299305,6116110,240989,63841,624135,302424,533121,37340,,msa,37340,,2024
"Pampa, TX Micro Area",930,131,185,127,323,1936,370,2031,10345,159325,8921,3083,20147,9913,17142,37420,,msa,37420,,2024
"Panama City-Panama City Beach, FL Metro Area",1456,3866,2385,3079,6394,27980,1677,31341,119406,2275270,90617,25757,206222,106210,172596,37460,,msa,37460,,2024
"Paragould, AR Micro Area",904,443,336,512,1382,6084,652,1609,19603,434205,19034,7874,45217,21646,36628,37500,,msa,37500,,2024
"Paris, TN Micro Area",761,172,237,158,522,3561,608,3636,17088,259770,12032,5831,31918,13921,26634,37540,,msa,37540,,2024
"Paris, TX Micro Area",962,391,235,584,2092,8212,1167,4021,29018,523375,24645,11245,61301,28645,49268,37580,,msa,37580,,2024
"Parkersburg-Vienna, WV Metro Area",818,888,767,805,1539,9174,1042,5131,43008,726740,33980,12944,87061,40356,72399,37620,,msa,37620,,2024
"Payson, AZ Micro Area",1030,295,220,432,867,5316,613,9097,32742,368110,16837,8902,52713,21150,44798,37740,,msa,37740,,2024
"Pella, IA Micro Area",884,198,110,244,528,2970,143,1070,14386,314925,15006,2604,31871,17587,26836,37800,,msa,37800,,2024
"Pensacola-Ferry Pass-Brent, FL Metro Area",1354,4912,4069,6815,13044,59515,4168,27587,229219,5430790,207663,62111,500392,258861,426308,37860,,msa,37860,,2024
"Peoria, IL Metro Area",955,2731,2018,2865,9398,40976,3614,13937,167807,3118645,149800,43276,355179,180417,290482,37900,,msa,37900,,2024
"Peru, IN Micro Area",838,260,62,291,534,3175,332,1634,14952,357520,13966,5029,33281,16009,29280,37940,,msa,37940,,2024
"Petoskey, MI Micro Area",1112,289,232,272,615,3488,300,6789,21979,293405,14740,2870,33625,17446,28781,37950,,msa,37950,,2024
"Philadelphia-Camden-Wilmington, PA-NJ-DE-MD Metro Area",1480,68597,48503,67881,211658,818726,47227,156496,2624257,71567035,2495957,705061,6119775,3347276,5091473,37980,,msa,37980,,2024
"Phoenix-Mesa-Chandler, AZ Metro Area",1702,56451,44923,61969,149059,632407,35363,176372,2068985,50963575,1927852,543008,4941271,2585403,4038654,38060,,msa,38060,,2024
"Picayune, MS Micro Area",906,229,244,368,891,4291,672,3562,25442,758410,21425,9273,56204,25804,46025,38100,,msa,38100,,2024
"Pierre, SD Micro Area",985,168,117,158,280,2250,282,996,9539,150930,9961,1692,19813,10664,16313,38180,,msa,38180,,2024
"Pikeville, KY Micro Area",773,541,288,573,1893,10086,2901,7565,46549,742790,28560,23135,89748,32665,75014,38210,,msa,38210,,2024
"Pine Bluff, AR Micro Area",880,1111,496,784,1557,9687,1241,7318,34266,592680,25553,12134,66500,29846,58624,38220,,msa,38220,,2024
"Pinehurst-Southern Pines, NC Metro Area",1254,978,734,847,1887,10392,1281,6267,50280,1059975,39802,10410,103328,48308,84413,38240,,msa,38240,,2024
"Pittsburg, KS Micro Area",849,599,428,474,1399,6210,487,2288,18126,319965,18015,7695,37333,20441,31387,38260,,msa,38260,,2024
"Pittsburgh, PA Metro Area",1053,25049,16290,22081,63653,311321,26321,112444,1174149,25276880,978226,263456,2377066,1272248,2036451,38300,,msa,38300,,2024
"Pittsfield, MA Metro Area",1097,1660,1330,1752,3856,17322,1397,12419,70004,1130325,53394,14169,123990,67495,111519,38340,,msa,38340,,2024
"Plainview, TX Micro Area",821,302,308,215,1118,4872,454,3008,15984,296295,15314,7119,35319,16999,28654,38380,,msa,38380,,2024
"Platteville, WI Micro Area",813,445,388,450,1162,6025,563,2372,22332,474660,22529,6242,48068,26660,42075,38420,,msa,38420,,2024
"Plattsburgh, NY Micro Area",1003,758,551,680,2360,10283,804,4102,37658,671105,32961,10003,73050,38187,66158,38460,,msa,38460,,2024
"Plymouth, IN Micro Area",938,252,248,149,589,4197,449,2353,20111,460555,20619,5332,45640,22912,36418,38500,,msa,38500,,2024
"Pocatello, ID Metro Area",960,630,745,903,2418,10237,481,2578,36168,645645,36585,10667,86711,44048,69771,38540,,msa,38540,,2024
"Ponca City, OK Micro Area",842,315,441,341,737,5167,525,4137,20913,336670,17769,6773,42333,19988,34044,38620,,msa,38620,,2024
"Ponce, PR Metro Area",533,1921,1118,1466,4326,30955,14221,27147,133534,1932225,78033,124878,266441,97592,230349,38660,,msa,38660,,2024
"Pontiac, IL Micro Area",880,290,172,215,510,3755,398,1315,15930,328345,15204,3529,33560,17315,28792,38700,,msa,38700,,2024
"Poplar Bluff, MO Micro Area",780,454,579,535,1123,5868,516,2709,19303,341435,16231,8439,41159,18332,33320,38740,,msa,38740,,2024
"Port Angeles, WA Micro Area",1152,787,563,1098,1992,9209,614,3567,38613,493285,25561,8093,76500,31774,66814,38820,,msa,38820,,2024
"Portland-South Portland, ME Metro Area",1485,6219,4702,4915,12766,64276,4735,47589,287616,6021415,239538,42023,549610,314633,474497,38860,,msa,38860,,2024
"Portland-Vancouver-Hillsboro, OR-WA Metro Area",1724,35562,25933,37046,94124,387297,15586,52230,1062495,24751240,989113,236906,2487633,1377322,2070411,38900,,msa,38900,,2024
"Port Lavaca, TX Micro Area",891,336,155,325,203,1971,157,2163,10833,178195,9171,1503,19612,10537,15911,38920,,msa,38920,,2024
"Port St. Lucie, FL Metro Area",1580,4180,2850,4512,13668,43272,3769,38013,243267,5589730,192456,61696,515065,239711,437794,38940,,msa,38940,,2024
"Portsmouth, OH Micro Area",742,809,584,670,2194,9115,1523,4206,33070,715565,25633,15092,69371,29116,58769,39020,,msa,39020,,2024
"Port Townsend, WA Micro Area",1522,332,53,508,509,3424,508,3194,19534,197855,9303,3669,33076,13278,30274,39040,,msa,39040,,2024
"Pottsville, PA Micro Area",876,985,593,1010,2429,13863,1977,9307,67295,1603750,58842,17389,136339,68606,118651,39060,,msa,39060,,2024
"Prescott Valley-Prescott, AZ Metro Area",1351,1877,1655,2161,5932,27716,2555,14938,126095,1937835,82338,29082,241492,102666,212797,39150,,msa,39150,,2024
"Price, UT Micro Area",870,343,113,156,569,2604,246,1546,9669,153230,7863,3438,20210,9066,16003,39220,,msa,39220,,2024
"Providence-Warwick, RI-MA Metro Area",1307,23658,14280,19974,58537,248744,13322,55562,730957,19431550,731152,182805,1629576,909898,1397710,39300,,msa,39300,,2024
"Provo-Orem-Lehi, UT Metro Area",1534,5762,3960,5378,12806,65014,3138,8266,215146,6396270,283097,60758,701849,370763,516900,39340,,msa,39340,,2024
"Pueblo, CO Metro Area",1111,1474,1732,1383,5707,21324,1683,5123,73646,1425580,65091,23987,164306,75857,136833,39380,,msa,39380,,2024
"Pullman, WA Micro Area",1049,447,607,814,3702,9956,950,3370,22091,339945,20604,9271,40910,25228,40428,39420,,msa,39420,,2024
"Punta Gorda, FL Metro Area",1464,1415,1211,1661,3942,14665,1454,28137,118679,1617905,60125,17669,196637,78049,180544,39460,,msa,39460,,2024
"Putnam, CT Micro Area",1155,892,595,545,1321,8959,756,2324,41736,1241735,42857,7151,95380,53298,80946,39480,,msa,39480,,2024
"Quincy, IL-MO Micro Area",808,473,475,538,1593,8533,833,3522,34622,595920,33651,9245,72113,38676,60173,39500,,msa,39500,,2024
"Racine-Mount Pleasant, WI Metro Area",1080,1585,1089,2104,4668,23284,1356,5252,85658,2053720,85836,19848,192435,101726,158064,39540,,msa,39540,,2024
"Raleigh-Cary, NC Metro Area",1573,18680,12954,16149,41012,191714,8482,44737,619032,15176815,567322,126752,1461543,814378,1183168,39580,,msa,39580,,2024
"Rapid City, SD Metro Area",1140,2468,1085,1353,2800,18128,1336,7054,69843,1390735,69429,15163,148370,80355,124059,39660,,msa,39660,,2024
"Raymondville, TX Micro Area",809,209,33,99,307,1437,265,1194,6885,142275,7233,4393,18332,8823,15930,39700,,msa,39700,,2024
"Reading, PA Metro Area",1181,4074,2827,4556,11310,46902,3128,8344,171580,4656105,183509,51396,420373,224959,349775,39740,,msa,39740,,2024
"Red Bluff, CA Micro Area",1184,667,453,944,1989,8148,926,2739,27527,521050,22274,10025,64435,27567,51339,39780,,msa,39780,,2024
"Redding, CA Metro Area",1317,2279,1960,2204,5618,24538,1930,8836,80068,1336775,67508,23705,178431,82345,146829,39820,,msa,39820,,2024
"Red Wing, MN Micro Area",966,400,270,372,842,4179,397,1440,21167,502905,21145,4363,47029,24948,38667,39860,,msa,39860,,2024
"Reno, NV Metro Area",1592,8054,5695,8578,19858,85601,3507,20706,245639,5681170,243516,59664,555548,298467,461008,39900,,msa,39900,,2024
"Rexburg, ID Micro Area",1002,1120,476,793,1581,8771,416,5975,23955,523940,29441,11900,56474,37301,56106,39940,,msa,39940,,2024
"Rice Lake, WI Micro Area",879,611,226,294,671,4516,491,4112,24067,429690,20582,5083,46166,23596,37994,39960,,msa,39960,,2024
"Richmond, IN Micro Area",815,607,616,817,1858,8302,701,3761,30736,580795,26669,11507,64324,31085,53158,39980,,msa,39980,,2024
"Richmond, VA Metro Area",1447,15854,11322,15338,42817,176082,9537,36284,569714,13990850,550249,130692,1304931,723986,1088411,40060,,msa,40060,,2024
"Richmond-Berea, KY Micro Area",855,1585,936,1127,3361,17531,1806,5151,54711,1343205,51151,20451,119544,61289,102608,40080,,msa,40080,,2024
"Rifle, CO Micro Area",1716,996,710,1254,1821,10537,659,5746,38365,1098815,37932,6357,78312,45592,63643,40090,,msa,40090,,2024
"Rio Grande City-Roma, TX Micro Area",726,383,252,405,1326,5837,1600,3982,23139,478935,21213,21981,65584,26764,47143,40100,,msa,40100,,2024
"Riverside-San Bernardino-Ontario, CA Metro Area",1846,48309,35184,51059,141894,495428,26617,163050,1613300,60067845,1809184,547256,4600027,2258194,3660670,40140,,msa,40140,,2024
"Riverton, WY Micro Area",898,349,279,351,495,4490,584,2432,17469,260230,15164,4940,38548,18979,31010,40180,,msa,40180,,2024
"Roanoke, VA Metro Area",1043,3031,2195,3650,7437,41343,3423,16914,148424,2837285,125928,36518,306816,153758,258457,40220,,msa,40220,,2024
"Roanoke Rapids, NC Micro Area",803,633,517,580,2229,9550,1579,7273,35513,600445,22430,14032,62729,27692,53237,40260,,msa,40260,,2024
"Rochelle, IL Micro Area",936,425,163,457,744,5128,423,1861,22682,567540,21834,4258,50938,25496,41401,40300,,msa,40300,,2024
"Rochester, MN Metro Area",1276,2434,1592,1585,4740,23830,1702,6738,99618,2087675,101331,16848,224685,124876,180485,40340,,msa,40340,,2024
"Rochester, NY Metro Area",1143,12443,8897,11581,36682,145655,7704,35197,481033,9100880,432978,130703,1022609,541610,872165,40380,,msa,40380,,2024
"Rockford, IL Metro Area",1023,3727,2496,3665,10192,43151,2578,9819,145293,3213135,136238,48820,331725,166294,267582,40420,,msa,40420,,2024
"Rockingham, NC Micro Area",724,437,156,154,1518,5798,1387,2867,19893,398615,16537,10429,41347,19367,33776,40460,,msa,40460,,2024
"Rock Springs, WY Micro Area",911,261,228,453,772,4453,315,1787,19289,459225,19299,5271,40996,21649,32438,40540,,msa,40540,,2024
"Rocky Mount, NC Metro Area",920,1796,1137,1618,3954,21841,2174,8629,67078,1333050,57153,21582,142279,68789,116485,40580,,msa,40580,,2024
"Rolla, MO Micro Area",798,899,509,519,1196,6640,425,2966,20295,337385,17648,7070,42143,20242,36714,40620,,msa,40620,,2024
"Rome, GA Metro Area",1014,991,800,1208,2844,13422,1375,4062,40918,935445,40154,15318,95616,46933,79633,40660,,msa,40660,,2024
"Roseburg, OR Micro Area",1055,1127,1046,774,2931,12952,1481,3043,50562,763835,37019,18011,110710,46307,93331,40700,,msa,40700,,2024
"Roswell, NM Micro Area",867,465,228,413,1674,6808,988,3152,26864,474485,24552,14997,61730,28084,50350,40740,,msa,40740,,2024
"Ruidoso, NM Micro Area",956,111,52,220,518,2319,578,7871,17871,145555,7264,3864,20062,8954,17293,40760,,msa,40760,,2024
"Russellville, AL Micro Area",676,134,179,295,347,3303,641,2048,14002,342455,13194,6040,31559,14163,24809,40770,,msa,40770,,2024
"Russellville, AR Micro Area",826,615,490,785,1450,9912,1716,3797,36468,703385,34288,13385,80673,38541,67247,40780,,msa,40780,,2024
"Ruston, LA Micro Area",825,429,412,678,3088,8549,1639,2340,20827,323675,16891,13575,43531,20273,39691,40820,,msa,40820,,2024
"Rutland, VT Micro Area",1000,517,424,486,1560,6304,354,8670,33991,577940,25162,6901,58726,29790,51309,40860,,msa,40860,,2024
"Sacramento-Roseville-Folsom, CA Metro Area",1819,29296,22524,32220,90637,326239,16905,72862,954751,24215705,892509,275672,2394695,1220118,1951272,40900,,msa,40900,,2024
"Safford, AZ Micro Area",935,184,131,154,409,3424,495,1376,14122,321960,14104,6295,36466,16141,30250,40940,,msa,40940,,2024
"Saginaw, MI Metro Area",947,1744,1022,1644,5786,20188,1646,8250,86208,1621305,72451,33290,182852,87671,153345,40980,,msa,40980,,2024
"St. Cloud, MN Metro Area",1042,1540,1431,2087,6415,25302,1243,6111,84233,2080230,94509,23946,195330,111956,159392,41060,,msa,41060,,2024
"St. George, UT Metro Area",1566,1845,1752,1965,5004,19792,1158,12403,82189,1392290,72609,19116,194330,88712,154215,41100,,msa,41100,,2024
"St. Joseph, MO-KS Metro Area",895,1395,910,814,3055,14475,1222,6790,53673,996970,50802,15395,113789,58002,96657,41140,,msa,41140,,2024
"St. Louis, MO-IL Metro Area",1113,26803,19516,25639,75309,343477,22258,112916,1273302,29218560,1175702,288411,2748655,1480241,2272280,41180,,msa,41180,,2024
"St. Marys, PA Micro Area",719,127,307,107,449,2725,451,3555,16880,254845,13935,2625,30193,15454,25484,41260,,msa,41260,,2024
"Salem, OH Micro Area",756,624,558,655,2665,11300,1470,4662,46121,1037645,42248,14740,97293,47593,83239,41400,,msa,41400,,2024
"Salem, OR Metro Area",1399,5633,3923,5071,15785,59459,2264,7306,167162,4199325,172487,55299,426749,215519,350126,41420,,msa,41420,,2024
"Salina, KS Micro Area",954,274,322,567,1698,7952,1053,1919,26850,456350,27508,6790,57931,31636,47429,41460,,msa,41460,,2024
"Salinas, CA Metro Area",2055,6420,4205,7171,15925,63496,2886,12980,145469,4304065,169622,53589,420883,203293,338030,41500,,msa,41500,,2024
"Salisbury, MD Metro Area",1274,1726,1074,1231,4159,17511,1064,6237,55055,1288835,55473,17350,121034,65405,105046,41540,,msa,41540,,2024
"Salt Lake City-Murray, UT Metro Area",1583,14921,9961,12800,31474,148733,6151,24457,474627,12396050,543683,100141,1258277,713955,989070,41620,,msa,41620,,2024
"San Angelo, TX Metro Area",1155,1355,1204,1530,3374,16397,1145,5745,53089,1067100,52510,12914,116247,60983,95491,41660,,msa,41660,,2024
"San Antonio-New Braunfels, TX Metro Area",1363,31373,25266,33186,86925,354612,20533,90335,1057823,28747995,1073303,349229,2615008,1357575,2090690,41700,,msa,41700,,2024
"San Diego-Chula Vista-Carlsbad, CA Metro Area",2246,51262,39024,53392,150516,532140,23023,79363,1250641,33954335,1329787,328769,3198446,1775427,2680294,41740,,msa,41740,,2024
"Sandpoint, ID Micro Area",1122,553,181,275,785,4406,437,6584,26867,437345,18076,5616,50509,22045,42469,41760,,msa,41760,,2024
"Sandusky, OH Metro Area",932,802,693,670,2543,12172,1199,16459,67445,1142015,50409,12813,112572,57604,95818,41780,,msa,41780,,2024
"Sanford, NC Micro Area",1017,593,358,658,1628,8218,833,2021,27166,722735,28036,10663,64724,31645,52021,41820,,msa,41820,,2024
"San Francisco-Oakland-Fremont, CA Metro Area",2474,62054,45616,66453,183345,776462,35011,136304,1880374,54373990,1753627,407620,4584267,2576097,3862868,41860,,msa,41860,,2024
"San Jose-Sunnyvale-Santa Clara, CA Metro Area",2840,25228,20538,24219,61285,302797,11679,40245,720159,20408915,767036,137301,1936188,1086753,1613626,41940,,msa,41940,,2024
"San Juan-Bayamon-Caguas, PR Metro Area",623,13211,11871,14305,44392,268667,104556,199018,1028553,20735955,705932,753577,2036810,864813,1770324,41980,,msa,41980,,2024
"San Luis Obispo-Paso Robles, CA Metro Area",1992,3597,2779,4117,11943,41517,2537,16166,125669,2391870,107355,34565,267830,138571,238275,42020,,msa,42020,,2024
"Santa Cruz-Watsonville, CA Metro Area",2264,2942,2059,3588,10331,38819,2223,10079,106977,2606840,101503,29478,253688,139522,222296,42100,,msa,42100,,2024
"Santa Fe, NM Metro Area",1389,1386,891,1797,5209,20164,1975,8067,78834,1391055,58476,18428,153999,76964,134364,42140,,msa,42140,,2024
"Santa Maria-Santa Barbara, CA Metro Area",2131,5605,5418,6653,21363,71264,3654,10984,160592,3641540,174681,62400,423298,222507,355920,42200,,msa,42200,,2024
"Santa Rosa-Petaluma, CA Metro Area",2158,7185,5207,6793,17702,71400,4093,16701,207699,5007295,199413,42583,478922,258941,404334,42220,,msa,42220,,2024
"Sault Ste. Marie, MI Micro Area",797,337,238,239,620,3516,486,6268,20348,245655,14102,4485,31950,16244,30563,42300,,msa,42300,,2024
"Savannah, GA Metro Area",1454,4399,4667,5564,14957,61020,4076,20159,181432,4615530,179944,49199,404926,217631,334313,42340,,msa,42340,,2024
"Sayre, PA Micro Area",901,482,547,313,992,6851,831,4876,29486,557325,23152,7479,59143,27038,48337,42380,,msa,42380,,2024
"Scottsbluff, NE Micro Area",909,399,187,495,1007,4725,458,1480,16863,262315,16577,4561,35721,18446,28833,42420,,msa,42420,,2024
"Scottsboro, AL Micro Area",780,547,192,349,907,5421,972,3119,24914,549350,20094,9024,52285,22262,43230,42460,,msa,42460,,2024
"Scranton--Wilkes-Barre, PA Metro Area",1003,5693,3636,5273,17975,76419,6956,30130,264360,5306305,233781,81315,550086,281069,468646,42540,,msa,42540,,2024
"Seaford, DE Micro Area",1238,1871,1702,1517,4298,19590,2037,45358,151799,2555395,93716,27441,252418,116285,214861,42580,,msa,42580,,2024
"Searcy, AR Micro Area",850,923,823,689,1514,9147,1104,4271,33900,694655,30964,13137,74861,35176,62190,42620,,msa,42620,,2024
"Seattle-Tacoma-Bellevue, WA Metro Area",2000,61326,43882,56312,142710,643789,23424,95927,1704523,46776330,1600370,341005,3999602,2269793,3310307,42660,,msa,42660,,2024
"Sebastian-Vero Beach-West Vero Corridor, FL Metro Area",1357,987,769,1424,4012,14081,1376,15624,86440,1355035,56852,18276,165290,70313,144680,42680,,msa,42680,,2024
"Sebring, FL Metro Area",1035,1179,357,800,2623,10034,1109,11756,58635,778060,32705,15895,104129,39330,90234,42700,,msa,42700,,2024
"Sedalia, MO Micro Area",885,492,228,267,1105,5245,371,1677,18673,343970,18361,6649,42628,21013,33829,42740,,msa,42740,,2024
"Selinsgrove, PA Micro Area",929,286,150,356,539,3565,397,1453,16053,394575,17196,3439,36431,19753,32575,42780,,msa,42780,,2024
"Selma, AL Micro Area",733,281,399,895,1532,5769,771,2989,18936,333470,12646,11318,36464,15272,29193,42820,,msa,42820,,2024
"Seneca, SC Micro Area",881,654,333,515,1882,8212,1193,7585,42100,711620,29789,14009,79743,35671,67411,42860,,msa,42860,,2024
"Seneca Falls, NY Micro Area",957,260,314,185,864,3952,312,2588,16194,274965,12897,4197,31168,15146,26927,42900,,msa,42900,,2024
"Sevierville, TN Micro Area",1072,743,712,970,1814,11825,1364,18623,58967,1193885,44838,13277,98566,50791,81385,42940,,msa,42940,,2024
"Seymour, IN Micro Area",1004,495,311,325,522,4866,645,1213,19351,473405,20960,5605,45590,22907,36010,42980,,msa,42980,,2024
"Shawano, WI Micro Area",806,358,206,323,707,4219,454,4205,22856,426905,18762,5395,44480,21747,36631,43020,,msa,43020,,2024
"Shawnee, OK Micro Area",894,585,421,499,1384,7973,990,3390,30317,657915,27225,11069,69663,31934,58581,43060,,msa,43060,,2024
"Sheboygan, WI Metro Area",934,1043,644,755,2036,14184,1006,3342,53067,968245,53302,9805,114776,62092,95765,43100,,msa,43100,,2024
"Shelby-Kings Mountain, NC Micro Area",914,854,565,1175,2308,11310,1412,5454,44304,1038550,41112,16432,99001,47586,81106,43140,,msa,43140,,2024
"Shelbyville, TN Micro Area",1051,446,231,523,1241,5488,315,983,20488,618545,21807,6476,51355,25880,40695,43180,,msa,43180,,2024
"Shelton, WA Micro Area",1285,299,199,261,1049,4603,721,8123,34152,779840,21621,8104,66096,27774,56350,43220,,msa,43220,,2024
"Sheridan, WY Micro Area",939,474,118,293,840,4063,455,1616,15461,224320,14194,3193,31225,16278,25923,43260,,msa,43260,,2024
"Sherman-Denison, TX Metro Area",1310,1277,1912,1553,4113,18353,1203,6884,62132,1517685,58887,15664,140436,70606,113026,43300,,msa,43300,,2024
"Show Low, AZ Micro Area",858,396,675,740,1280,10742,1785,17167,57230,784100,31397,26122,105673,38520,84125,43320,,msa,43320,,2024
"Shreveport-Bossier City, LA Metro Area",1014,4281,3373,4519,15390,58254,7047,24951,182052,3278790,150909,76342,378858,177799,305154,43340,,msa,43340,,2024
"Sidney, OH Micro Area",922,365,433,191,642,4976,455,1243,20149,419170,22047,5486,47307,24769,37827,43380,,msa,43380,,2024
"Sierra Vista-Douglas, AZ Metro Area",995,1503,943,1277,2637,14769,1582,8684,59666,946885,40430,18446,119600,50749,102646,43420,,msa,43420,,2024
"Sikeston, MO Micro Area",841,561,285,281,1268,6091,695,2324,22133,401545,21075,6780,47820,23152,39446,43460,,msa,43460,,2024
"Silver City, NM Micro Area",825,129,150,183,641,2734,279,3460,14755,151265,8464,5268,27009,10586,23496,43500,,msa,43500,,2024
"Sioux City, IA-NE-SD Metro Area",1002,1150,804,1166,3966,17604,839,3316,58784,1167150,67007,17919,141450,75553,111202,43580,,msa,43580,,2024
"Sioux Falls, SD-MN Metro Area",1022,3629,2581,3205,6695,41478,1449,6253,128770,2698000,145259,23604,292313,170151,229767,43620,,msa,43620,,2024
"Slidell-Mandeville-Covington, LA Metro Area",1332,1951,1298,2309,5069,22206,1952,8829,113911,3439380,109355,30699,269214,135759,215864,43640,,msa,43640,,2024
"Snyder, TX Micro Area",1020,35,148,48,151,1362,171,1005,6881,129835,6391,1692,14591,6894,12881,43660,,msa,43660,,2024
"Somerset, KY Micro Area",803,636,343,547,1606,7214,956,5512,31722,557605,23973,12724,64553,27823,53081,43700,,msa,43700,,2024
"Somerset, PA Micro Area",753,430,241,272,971,5750,899,8519,37863,717500,28836,7531,68552,34040,61120,43740,,msa,43740,,2024
"Sonora, CA Micro Area",1302,609,285,775,1508,5919,557,8899,31589,532465,17722,5384,51578,22881,46170,43760,,msa,43760,,2024
"South Bend-Mishawaka, IN-MI Metro Area",1046,3320,2186,3054,8305,37123,2584,15800,144259,2931570,135390,43229,312336,162501,259708,43780,,msa,43780,,2024
"Sparta, WI Micro Area",914,416,314,363,624,4985,650,1721,20022,400835,19734,5343,45540,22776,35953,43890,,msa,43890,,2024
"Spartanburg, SC Metro Area",1057,3336,2138,3182,8687,38913,4145,14414,157697,3963210,156483,55287,366501,183283,298171,43900,,msa,43900,,2024
"Spearfish, SD Micro Area",938,178,118,315,675,4208,419,2786,14840,257290,13501,3052,26403,14964,23479,43940,,msa,43940,,2024
"Spencer, IA Micro Area",811,130,112,88,327,1942,136,875,8157,136330,7662,1844,16167,8540,12980,43980,,msa,43980,,2024
"Spirit Lake, IA Micro Area",922,91,80,118,428,1994,178,5361,14206,138405,8268,1340,17710,9655,14978,44020,,msa,44020,,2024
"Spokane-Spokane Valley, WA Metro Area",1264,7353,6070,7569,18988,81473,4184,16218,253987,5299185,231148,68239,582912,294669,483006,44060,,msa,44060,,2024
"Springfield, IL Metro Area",979,2052,1165,1676,5716,25393,2411,8992,98982,1657135,82605,26292,203224,102083,166981,44100,,msa,44100,,2024
"Springfield, MA Metro Area",1136,6289,4230,6449,18049,69691,4857,13120,197591,4264735,187492,73610,450512,227207,378172,44140,,msa,44140,,2024
"Springfield, MO Metro Area",972,6499,3824,5589,14357,72346,4762,13329,212213,4596585,207068,62130,472900,244694,390433,44180,,msa,44180,,2024
"Springfield, OH Metro Area",872,1465,982,934,3639,17131,1029,5151,61126,1218495,52679,20038,131956,63577,108176,44220,,msa,44220,,2024
"Starkville, MS Micro Area",897,500,925,996,3822,12337,1747,4819,30732,538290,24586,13344,55789,29382,51549,44260,,msa,44260,,2024
"State College, PA Metro Area",1207,1651,1017,2073,7094,22546,1796,7462,66475,1225645,60702,22319,136787,76950,138205,44300,,msa,44300,,2024
"Statesboro, GA Micro Area",971,915,550,1215,3878,15878,1643,3949,38882,948810,37176,19358,85825,45360,76539,44340,,msa,44340,,2024
"Staunton-Stuarts Draft, VA Metro Area",1068,965,1022,1236,2947,14526,884,3785,56018,1271020,55911,10538,122049,64296,105384,44420,,msa,44420,,2024
"Steamboat Springs, CO Micro Area",1568,360,361,261,952,4360,313,6634,23305,350900,17339,2376,37866,21695,31589,44460,,msa,44460,,2024
"Stephenville, TX Micro Area",1146,432,279,514,1955,6197,554,1878,18694,406755,19578,6687,40379,22753,35827,44500,,msa,44500,,2024
"Sterling, CO Micro Area",1013,323,110,290,385,2764,517,538,8741,144705,8331,2945,18674,9978,17576,44540,,msa,44540,,2024
"Sterling, IL Micro Area",856,390,433,460,840,5334,666,2717,25837,485315,23946,6447,53820,27368,44241,44580,,msa,44580,,2024
"Stevens Point-Plover, WI Micro Area",940,562,391,923,1461,8984,452,2067,31746,631490,32345,6863,68049,39237,59149,44620,,msa,44620,,2024
"Stillwater, OK Micro Area",917,1211,791,1377,5024,15968,1224,4460,37069,635925,34599,16566,73287,40954,69234,44660,,msa,44660,,2024
"Stockton-Lodi, CA Metro Area",1734,8803,6783,9049,22405,93220,5931,14901,260151,10297460,301691,97455,785218,380455,613844,44700,,msa,44700,,2024
"Storm Lake, IA Micro Area",894,79,78,117,298,2021,107,747,8293,134285,9588,1542,19801,10923,15832,44740,,msa,44740,,2024
"Sturgis, MI Micro Area",849,460,375,236,853,5640,669,3682,27302,526075,25069,6854,60087,29411,47846,44780,,msa,44780,,2024
"Sulphur Springs, TX Micro Area",1109,379,274,286,621,4045,543,1880,15882,357410,15836,4421,37224,18210,29675,44860,,msa,44860,,2024
"Summerville, GA Micro Area",790,207,378,311,510,3040,333,1728,10882,248335,8832,4968,23437,9975,20164,44900,,msa,44900,,2024
"Sumter, SC Metro Area",1057,1470,929,1235,2106,13093,2021,6499,47582,986580,42901,16879,101949,48483,82610,44940,,msa,44940,,2024
"Sunbury, PA Micro Area",863,968,683,623,2132,11769,1208,5791,51539,1057345,43607,12465,104128,51316,90192,44980,,msa,44980,,2024
"Susanville, CA Micro Area",1000,159,145,244,636,2942,162,2984,12231,171560,8776,3332,23868,10508,25434,45000,,msa,45000,,2024
"Sweetwater, TX Micro Area",913,143,219,70,314,1878,208,1218,7104,109850,6010,3165,14061,6684,11310,45020,,msa,45020,,2024
"Syracuse, NY Metro Area",1077,7096,4967,5800,22018,85637,6071,26325,297576,5754535,268349,86559,623424,329568,537165,45060,,msa,45060,,2024
"Tahlequah, OK Micro Area",831,475,267,407,1208,6407,849,3665,22363,450135,18920,8442,46348,22054,38848,45140,,msa,45140,,2024
"Talladega-Sylacauga, AL Micro Area",779,589,734,469,1694,10249,2583,6543,44605,956545,33718,15096,87378,38888,74695,45180,,msa,45180,,2024
"Tallahassee, FL Metro Area",1252,5292,3903,6192,20318,66794,5416,20457,178422,3793550,163636,68565,366129,202964,325721,45220,,msa,45220,,2024
"Tampa-St. Petersburg-Clearwater, FL Metro Area",1628,41044,30515,44362,117988,426933,23940,184875,1515178,35542320,1257786,389922,3246591,1679802,2742007,45300,,msa,45300,,2024
"Taos, NM Micro Area",1034,223,226,237,1022,3482,458,5701,21250,305960,12020,5304,34309,16465,29734,45340,,msa,45340,,2024
"Taylorville, IL Micro Area",785,235,101,77,582,3369,600,1598,15184,304385,13863,3237,31768,15813,28040,45380,,msa,45380,,2024
"Terre Haute, IN Metro Area",892,2116,1222,1808,5142,21739,2169,7290,74664,1578555,69591,26824,158363,79313,137951,45460,,msa,45460,,2024
"Texarkana, TX-AR Metro Area",950,1858,1049,1829,4005,19610,2483,9599,65851,1124525,55848,25886,139008,63118,116053,45500,,msa,45500,,2024
"The Dalles, OR Micro Area",1008,108,128,291,801,3432,560,1635,12198,201775,10678,3018,25961,12908,21514,45520,,msa,45520,,2024
"Thomaston, GA Micro Area",849,156,196,286,1246,4133,441,1839,12434,298380,11325,5269,27259,12269,22412,45580,,msa,45580,,2024
"Thomasville, GA Micro Area",945,732,529,818,2109,10195,1339,3983,32775,664095,29799,13377,71145,34191,56498,45620,,msa,45620,,2024
"Tiffin, OH Micro Area",856,410,320,342,1118,5933,646,1703,23982,508455,24598,6195,51984,27536,44769,45660,,msa,45660,,2024
"Tifton, GA Micro Area",762,717,380,516,1105,7286,871,2743,21678,429370,19526,9944,48025,21936,39368,45700,,msa,45700,,2024
"Toccoa, GA Micro Area",820,245,59,179,637,2776,225,1830,12354,256140,10771,4079,25892,12519,21982,45740,,msa,45740,,2024
"Toledo, OH Metro Area",939,6752,4845,6321,19994,92382,6605,21900,276386,5333105,256908,93650,587020,307804,483981,45780,,msa,45780,,2024
"Topeka, KS Metro Area",971,2176,1373,2386,5931,28916,1741,8225,105224,2003895,97255,26003,227203,115156,185653,45820,,msa,45820,,2024
"Torrington, CT Micro Area",1193,744,460,634,2648,11342,1187,7907,55752,1308260,48633,9887,112023,61841,95568,45860,,msa,45860,,2024
"Town of Pecos, TX Micro Area",981,233,17,84,235,1111,88,943,5167,93920,5216,1957,11680,5559,9796,45880,,msa,45880,,2024
"Traverse City, MI Metro Area",1225,1156,653,866,2498,11870,1250,21349,86778,1420705,63185,14570,153575,77651,129746,45900,,msa,45900,,2024
"Trenton-Princeton, NJ Metro Area",1623,4521,3339,4792,13285,54545,2752,7024,151138,4017505,148384,37849,368376,203051,311073,45940,,msa,45940,,2024
"Troy, AL Micro Area",856,301,132,477,1312,4827,780,3754,16238,272465,13450,7074,30343,15359,27403,45980,,msa,45980,,2024
"Truckee-Grass Valley, CA Micro Area",1677,862,597,937,3015,10523,1100,11444,54309,767280,32458,11173,101478,46712,87139,46020,,msa,46020,,2024
"Tucson, AZ Metro Area",1212,12824,9991,14405,37872,152188,11039,42112,479939,9703195,400031,147853,1032494,509207,877330,46060,,msa,46060,,2024
"Tullahoma-Manchester, TN Micro Area",907,441,448,348,1260,7639,1079,2648,28484,676785,26561,10773,65553,31324,52652,46100,,msa,46100,,2024
"Tulsa, OK Metro Area",1078,11598,8266,10576,27526,140418,12370,40561,447008,9469470,429231,140367,1018879,516620,813483,46140,,msa,46140,,2024
"Tupelo, MS Micro Area",878,1048,897,1023,2848,13706,1573,7438,59243,1253340,56036,19451,128459,62918,104829,46180,,msa,46180,,2024
"Tuscaloosa, AL Metro Area",1005,3018,1851,2694,9971,39074,4691,19209,124892,2810375,116091,47445,261623,135854,227431,46220,,msa,46220,,2024
"Twin Falls, ID Metro Area",1071,1314,970,983,2329,12315,962,2208,45239,963890,51885,13747,117324,58596,90591,46300,,msa,46300,,2024
"Tyler, TX Metro Area",1238,1994,1865,2341,5203,25919,1994,16539,99673,2307405,99984,27158,234771,117568,190160,46340,,msa,46340,,2024
"Ukiah, CA Micro Area",1317,1257,1268,1197,2910,13342,1252,6833,41675,691525,32106,13637,88773,41504,73513,46380,,msa,46380,,2024
"Union City, TN Micro Area",770,165,133,413,549,3994,773,1799,14326,247435,12273,5578,30055,13495,24607,46460,,msa,46460,,2024
"Urbana, OH Micro Area",905,314,319,308,313,3629,291,1298,16944,455140,16779,3056,38293,19829,31375,46500,,msa,46500,,2024
"Urban Honolulu, HI Metro Area",2083,13293,9102,14201,36804,136264,9014,35436,374304,12048020,451346,89493,969622,532141,816681,46520,,msa,46520,,2024
"Utica-Rome, NY Metro Area",925,2977,2017,2256,8081,36803,2973,16941,137902,2455680,113294,41675,277143,136475,234803,46540,,msa,46540,,2024
"Utuado, PR Micro Area",476,114,71,69,414,3920,2232,2313,13624,241935,7459,13833,27496,10091,23824,46580,,msa,46580,,2024
"Uvalde, TX Micro Area",981,261,204,86,257,2478,322,1678,10095,188725,9557,5324,24010,10779,19108,46620,,msa,46620,,2024
"Valdosta, GA Metro Area",1025,1617,1701,1779,5522,22805,3069,7548,64334,1269200,61550,29328,145058,69741,118243,46660,,msa,46660,,2024
"Vallejo, CA Metro Area",2163,6001,3716,6475,17129,58249,2891,7181,164693,5565050,179516,44182,442305,225952,364721,46700,,msa,46700,,2024
"Van Wert, OH Micro Area",782,103,95,175,315,2071,212,1024,12573,264740,13416,2560,28508,14825,23170,46780,,msa,46780,,2024
"Vermillion, SD Micro Area",770,218,74,83,816,2728,308,715,6262,141510,7254,2514,12739,8673,12853,46820,,msa,46820,,2024
"Vernal, UT Micro Area",941,262,155,237,259,3217,306,1693,13838,288020,13999,4299,36539,16427,26989,46860,,msa,46860,,2024
"Vernon, TX Micro Area",932,125,16,181,244,1568,220,1067,5845,74120,5288,2121,12148,6168,10454,46900,,msa,46900,,2024
"Vicksburg, MS Micro Area",888,193,641,184,905,5055,818,4794,21566,385175,17972,8287,42461,19870,33984,46980,,msa,46980,,2024
"Victoria, TX Metro Area",1151,914,566,982,3100,12475,749,5362,43028,916410,40906,15487,96723,46603,76562,47020,,msa,47020,,2024
"Vidalia, GA Micro Area",766,420,161,448,796,4858,678,2345,15897,304660,13736,7605,34480,15643,27899,47080,,msa,47080,,2024
"Vincennes, IN Micro Area",796,390,261,301,743,4884,405,1805,16974,326235,16521,4698,34322,17730,28891,47180,,msa,47180,,2024
"Vineland, NJ Metro Area",1282,1767,988,1383,5285,17999,1218,3501,57282,1504385,59074,22583,144964,69078,120238,47220,,msa,47220,,2024
"Vineyard Haven, MA Micro Area",1277,134,74,159,125,1359,310,10238,17822,141770,8644,915,20655,12057,17910,47240,,msa,47240,,2024
"Virginia Beach-Chesapeake-Norfolk, VA-NC Metro Area",1478,23982,17179,25978,66423,258713,13623,56270,763678,19536285,784808,187432,1732064,951664,1438419,47260,,msa,47260,,2024
"Visalia, CA Metro Area",1280,4264,3389,5713,14524,59494,4236,11007,154202,4212360,177413,84619,473100,215741,353108,47300,,msa,47300,,2024
"Wabash, IN Micro Area",762,216,124,200,294,2474,362,1423,14097,287080,13339,3243,29240,15158,25084,47340,,msa,47340,,2024
"Waco, TX Metro Area",1151,3427,2859,3392,10891,40488,3361,14074,125252,2721000,124005,46515,290285,146681,238731,47380,,msa,47380,,2024
"Wahpeton, ND-MN Micro Area",714,176,64,144,473,2724,201,1009,10513,224650,10555,2352,21453,12026,18393,47420,,msa,47420,,2024
"Walla Walla, WA Metro Area",1218,535,795,1005,1698,8211,759,1975,25422,366440,24247,6927,57446,29828,51010,47460,,msa,47460,,2024
"Wapakoneta, OH Micro Area",868,220,324,124,582,4146,268,1116,20056,407915,21744,3224,45524,24092,36332,47540,,msa,47540,,2024
"Warner Robins, GA Metro Area",1167,1742,1250,2768,5161,24339,1544,7621,82070,1875460,81508,23212,194559,98037,155007,47580,,msa,47580,,2024
"Warren, PA Micro Area",755,224,115,168,449,3310,417,5506,21629,312715,15115,4025,37220,17143,31382,47620,,msa,47620,,2024
"Warrensburg, MO Micro Area",932,691,624,552,1058,7696,533,1644,22731,603300,25448,5956,50430,29109,43934,47660,,msa,47660,,2024
"Warsaw, IN Micro Area",1043,536,466,521,1613,7351,557,6930,38864,720515,35513,7754,78737,41439,64004,47700,,msa,47700,,2024
"Washington, IN Micro Area",847,344,224,127,514,3262,493,1073,12887,299880,13995,3852,32996,15281,24766,47780,,msa,47780,,2024
"Washington, NC Micro Area",871,469,384,419,1167,5907,1128,5141,24526,436545,17602,7820,43881,20409,36998,47820,,msa,47820,,2024
"Washington-Arlington-Alexandria, DC-VA-MD-WV Metro Area",2027,77779,54503,68788,192979,862280,38125,133609,2506631,80867625,2494262,504173,6217346,3576797,5049376,47900,,msa,47900,,2024
"Washington Court House, OH Micro Area",822,269,118,264,641,4090,489,1143,12725,328385,12144,4395,28306,13467,23022,47920,,msa,47920,,2024
"Waterbury-Shelton, CT Metro Area",1330,4700,3608,4696,14838,56640,4559,12435,192551,5537935,195964,50371,449225,243943,374770,47930,,msa,47930,,2024
"Waterloo-Cedar Falls, IA Metro Area",977,1553,1174,1706,4946,21194,1110,5678,75074,1309795,76859,21376,161984,89986,135290,47940,,msa,47940,,2024
"Watertown, SD Micro Area",938,276,143,228,637,3779,231,1007,13533,204550,14466,2504,28347,15741,23073,47980,,msa,47980,,2024
"Watertown-Fort Atkinson, WI Micro Area",1035,786,266,566,1819,9371,538,2017,36890,1023035,41191,6747,83170,48653,71203,48020,,msa,48020,,2024
"Watertown-Fort Drum, NY Metro Area",1213,1898,1178,1953,4609,21588,1446,14256,61862,978635,50179,15052,109997,58091,89866,48060,,msa,48060,,2024
"Wausau, WI Metro Area",999,1454,810,1242,2510,15452,1132,3044,60910,1185425,61927,11887,136619,74302,111067,48140,,msa,48140,,2024
"Waycross, GA Micro Area",793,774,361,475,1106,6575,1228,3924,24486,490160,21290,10027,53725,23517,43854,48180,,msa,48180,,2024
"Waynesville, NC Micro Area",1067,489,376,541,1467,6809,1240,8437,35560,598920,25143,8116,61836,29706,53039,48200,,msa,48200,,2024
"Weatherford, OK Micro Area",822,513,517,301,975,5386,492,2936,18111,352645,17758,5903,37420,19967,30388,48220,,msa,48220,,2024
"Weirton-Steubenville, WV-OH Metro Area",785,950,740,830,2525,13721,2206,6268,55910,1096145,45165,17019,111020,53827,96151,48260,,msa,48260,,2024
"Wenatchee-East Wenatchee, WA Metro Area",1251,1201,1055,1089,2715,16049,1874,9194,56637,1040000,51545,10170,123025,60222,99002,48300,,msa,48300,,2024
"West Plains, MO Micro Area",733,428,269,353,859,4742,489,2184,18149,356505,15402,8044,39608,17713,31843,48460,,msa,48460,,2024
"Wheeling, WV-OH Metro Area",812,1083,1196,915,3771,16034,2350,9319,67343,1305780,55056,21572,130145,63242,114328,48540,,msa,48540,,2024
"Whitewater-Elkhorn, WI Micro Area",1150,1003,803,520,2720,12656,742,11037,54124,1166115,48737,9622,102780,57846,87955,48580,,msa,48580,,2024
"Wichita, KS Metro Area",987,7888,4474,6426,17260,88426,5741,25417,280193,5720855,285571,82874,638657,332492,509846,48620,,msa,48620,,2024
"Wichita Falls, TX Metro Area",995,1277,1297,1947,3440,20137,2194,8105,64879,1096980,66770,21178,137428,74879,119550,48660,,msa,48660,,2024
"Wildwood-The Villages, FL Metro Area",1269,622,259,857,2666,8714,1489,13750,84068,802060,27713,13159,135493,34686,134496,48680,,msa,48680,,2024
"Williamsport, PA Metro Area",913,1315,630,1192,3114,14486,1246,5854,52715,998870,47377,13821,107687,55588,93093,48700,,msa,48700,,2024
"Williston, ND Micro Area",1123,677,538,257,489,7125,376,5222,20376,355445,18970,3379,39095,20941,28530,48780,,msa,48780,,2024
"Willmar, MN Micro Area",909,478,161,427,796,4839,351,2734,20337,341240,19524,3930,43149,22763,34607,48820,,msa,48820,,2024
"Wilmington, NC Metro Area",1389,4000,3346,5235,15234,55500,3984,51700,250971,4150430,176343,48455,445163,227775,384201,48900,,msa,48900,,2024
"Wilmington, OH Micro Area",910,230,210,228,977,4727,541,1278,18039,441375,17910,5258,40829,20873,33551,48940,,msa,48940,,2024
"Wilson, NC Micro Area",953,755,1169,781,2926,13212,1149,3985,37053,706815,31458,15441,78000,36574,63553,48980,,msa,48980,,2024
"Winchester, TN Micro Area",894,312,310,204,483,3942,699,2665,20110,447505,17854,4988,41640,20650,36511,49010,,msa,49010,,2024
"Winchester, VA-WV Metro Area",1358,1553,872,1254,2811,15294,1648,6948,62468,1881175,60311,15077,142768,74152,118231,49020,,msa,49020,,2024
"Winnemucca, NV Micro Area",994,153,53,23,296,1799,357,857,7768,206940,7299,1821,17134,8354,13233,49080,,msa,49080,,2024
"Winona, MN Micro Area",907,474,250,631,1654,6180,274,1602,21855,433240,24626,6917,46730,28644,41874,49100,,msa,49100,,2024
"Winston-Salem, NC Metro Area",1016,7428,5450,6415,18357,86779,7394,28492,310088,6765895,277677,91282,675472,338483,557379,49180,,msa,49180,,2024
"Wisconsin Rapids-Marshfield, WI Micro Area",856,652,416,680,1427,8845,489,2502,34755,653960,31553,7875,73140,37230,60132,49220,,msa,49220,,2024
"Woodward, OK Micro Area",838,145,112,175,228,2121,208,1466,9391,195035,9137,2727,19449,10088,15947,49260,,msa,49260,,2024
"Wooster, OH Micro Area",881,829,357,509,1509,10400,963,2589,46954,1003340,48604,10559,112220,55932,91625,49300,,msa,49300,,2024
"Worcester, MA Metro Area",1426,11004,7289,9578,27145,114910,6169,19359,355185,10775935,368994,86943,841858,472524,710987,49340,,msa,49340,,2024
"Worthington, MN Micro Area",896,129,161,50,364,1982,304,722,8396,179145,9160,3027,21621,10277,16276,49380,,msa,49380,,2024
"Yakima, WA Metro Area",1109,2344,2338,2496,6321,33464,3019,4724,92432,2007035,99090,39240,253802,119030,191229,49420,,msa,49420,,2024
"Yankton, SD Micro Area",781,170,24,207,441,2649,167,921,10616,163045,10685,2600,21823,11849,19133,49460,,msa,49460,,2024
"York-Hanover, PA Metro Area",1193,3944,3354,3708,8441,42959,2459,8274,189857,5298960,201361,37988,454311,246047,374245,49620,,msa,49620,,2024
"Youngstown-Warren, OH Metro Area",795,3758,3238,5137,11618,54008,5231,17839,202454,3842810,167641,74373,417386,198753,350735,49660,,msa,49660,,2024
"Yuba City, CA Metro Area",1386,2558,1760,2303,4793,23328,1966,3532,65459,2106460,71319,25945,181212,85941,140842,49700,,msa,49700,,2024
"Yuma, AZ Metro Area",993,2306,2084,1473,4052,23031,2372,15859,95200,1571500,73875,31795,203814,87573,165791,49740,,msa,49740,,2024
"Zanesville, OH Micro Area",833,667,751,1257,2022,10934,705,4000,38357,916045,36091,12716,84346,40906,68857,49780,,msa,49780,,2024
"Zapata, TX Micro Area",617,85,24,41,201,1280,414,1690,6255,104270,4412,5190,13518,5293,10030,49820,,msa,49820,,2024
"Atlanta-Sandy Springs-Roswell, GA Metro Division; Atlanta-Sandy Springs-Roswell, GA Metro Area",1665,57450,42377,60265,173621,637055,34105,152409,1955662,58884015,1900517,561213,4800643,2592052,3865060,12060,12054,division,12054,12060,2024
"Marietta, GA Metro Division; Atlanta-Sandy Springs-Roswell, GA Metro Area",1701,13175,9764,14205,33472,146531,6543,31858,541660,17622040,563638,114380,1363867,760658,1101014,12060,31924,division,31924,12060,2024
"Boston, MA Metro Division; Boston-Cambridge-Newton, MA-NH Metro Area",2075,32295,22263,28680,85701,341864,18516,56937,870613,27650595,867804,204928,1979939,1176817,1711168,14460,14454,division,14454,14460,2024
"Cambridge-Newton-Framingham, MA Metro Division; Boston-Cambridge-Newton, MA-NH Metro Area",2043,33633,22081,29495,86656,359631,17419,46681,994043,29921090,1016615,197306,2380566,1397213,2022440,14460,15764,division,15764,14460,2024
"Rockingham County-Strafford County, NH Metro Division; Boston-Cambridge-Newton, MA-NH Metro Area",1608,4182,3213,3691,10065,44625,2538,14753,194403,5551635,198361,25846,440699,258099,380138,14460,40484,division,40484,14460,2024
"Chicago-Naperville-Schaumburg, IL Metro Division; Chicago-Naperville-Elgin, IL-IN Metro Area",1457,88795,59174,81914,249964,1049678,63874,207186,3040636,89432400,2897625,820985,7069129,3888514,5822699,16980,16984,division,16984,16980,2024
"Elgin, IL Metro Division; Chicago-Naperville-Elgin, IL-IN Metro Area",1370,6715,4681,5775,15875,66922,2984,9560,279188,9361450,329969,62008,743843,416716,596330,16980,20994,division,20994,16980,2024
"Lake County, IL Metro Division; Chicago-Naperville-Elgin, IL-IN Metro Area",1477,5555,4280,5279,14763,65052,4453,12163,270618,8293735,290615,57917,694769,388679,569578,16980,29404,division,29404,16980,2024
"Lake County-Porter County-Jasper County, IN Metro Division; Chicago-Naperville-Elgin, IL-IN Metro Area",1142,5717,4035,6625,17514,73739,7893,27728,309978,8565750,299860,91660,711797,355695,578655,16980,29414,division,29414,16980,2024
"Dallas-Plano-Irving, TX Metro Division; Dallas-Fort Worth-Arlington, TX Metro Area",1648,74659,56412,76087,186362,802904,33711,133042,2095269,61735170,2204052,549216,5320645,2924745,4201472,19100,19124,division,19124,19100,2024
"Fort Worth-Arlington-Grapevine, TX Metro Division; Dallas-Fort Worth-Arlington, TX Metro Area",1532,33253,28249,36907,85985,350901,16167,71964,1001462,30768275,1109814,276001,2564978,1378656,2023893,19100,23104,division,23104,19100,2024
"Detroit-Dearborn-Livonia, MI Metro Division; Detroit-Warren-Dearborn, MI Metro Area",1132,20282,14322,17641,69024,246939,23808,100492,801083,15684400,634345,364882,1754502,829173,1401632,19820,19804,division,19804,19820,2024
"Warren-Troy-Farmington Hills, MI Metro Division; Detroit-Warren-Dearborn, MI Metro Area",1282,22592,15425,20660,59127,262509,15213,56849,1125074,28788425,1073241,224934,2579474,1384878,2140754,19820,47664,division,47664,19820,2024
"Anaheim-Santa Ana-Irvine, CA Metro Division; Los Angeles-Long Beach-Anaheim, CA Metro Area",2434,43332,32663,45086,134017,472301,21860,63209,1146169,34076880,1275607,296883,3126062,1694900,2584525,31080,11244,division,11244,31080,2024
"Los Angeles-Long Beach-Glendale, CA Metro Division; Los Angeles-Long Beach-Anaheim, CA Metro Area",1954,164112,125317,181534,542635,1848466,90696,234017,3650466,118218725,3885258,1326437,9656697,5206026,8033368,31080,31084,division,31084,31080,2024
"Fort Lauderdale-Pompano Beach-Sunrise, FL Metro Division; Miami-Fort Lauderdale-West Palm Beach, FL Metro Area",1907,25432,21347,32144,91026,274613,13785,112063,866019,24596335,844895,239716,1958597,1069946,1614654,33100,22744,division,22744,33100,2024
"Miami-Miami Beach-Kendall, FL Metro Division; Miami-Fort Lauderdale-West Palm Beach, FL Metro Area",1829,41684,34476,51765,155804,465971,25581,119572,1094983,36045900,1167018,397279,2698120,1450359,2255508,33100,33124,division,33124,33100,2024
"West Palm Beach-Boca Raton-Delray Beach, FL Metro Division; Miami-Fort Lauderdale-West Palm Beach, FL Metro Area",1916,16036,13596,18406,58204,181166,10568,114033,719463,15768335,595132,170873,1508059,762389,1278560,33100,48424,division,48424,33100,2024
"Lakewood-New Brunswick, NJ Metro Division; New York-Newark-Jersey City, NY-NJ Metro Area",1860,21022,15620,22695,64104,254017,12829,84251,1018390,31261455,1001789,200703,2478714,1325131,2030109,35620,29484,division,29484,35620,2024
"Nassau County-Suffolk County, NY Metro Division; New York-Newark-Jersey City, NY-NJ Metro Area",2254,15592,11694,14357,50136,174119,13146,89085,1059816,41600515,1247351,170785,2873299,1552067,2380394,35620,35004,division,35004,35620,2024
"Newark, NJ Metro Division; New York-Newark-Jersey City, NY-NJ Metro Area",1648,26645,23466,31062,83556,329523,15549,38896,863833,29157010,912512,214194,2196567,1213653,1793535,35620,35084,division,35084,35620,2024
"New York-Jersey City-White Plains, NY-NJ Metro Division; New York-Newark-Jersey City, NY-NJ Metro Area",1831,240966,170181,225517,772453,2837071,140286,416487,5096627,179561570,4742513,1881407,11931563,6352555,9891171,35620,35614,division,35614,35620,2024
"Camden, NJ Metro Division; Philadelphia-Camden-Wilmington, PA-NJ-DE-MD Metro Area",1513,13703,9095,11453,35503,136176,6963,25697,518004,15322640,542692,118241,1279484,702883,1055466,37980,15804,division,15804,37980,2024
"Montgomery County-Bucks County-Chester County, PA Metro Division; Philadelphia-Camden-Wilmington, PA-NJ-DE-MD Metro Area",1682,16715,12400,16982,46799,202399,10426,30636,820102,23112115,826021,125901,2018307,1131724,1684130,37980,33874,division,33874,37980,2024
"Philadelphia, PA Metro Division; Philadelphia-Camden-Wilmington, PA-NJ-DE-MD Metro Area",1392,30722,21470,32509,109520,393453,25016,81611,977985,25221560,821087,384641,2092765,1119135,1744440,37980,37964,division,37964,37980,2024
"Wilmington, DE-MD-NJ Metro Division; Philadelphia-Camden-Wilmington, PA-NJ-DE-MD Metro Area",1425,7457,5538,6937,19836,86698,4822,18552,308166,7910720,306157,76278,729219,393534,607437,37980,48864,division,48864,37980,2024
"Oakland-Fremont-Berkeley, CA Metro Division; San Francisco-Oakland-Fremont, CA Metro Area",2364,33587,26099,38719,103855,405335,18377,53809,1066472,34591015,1056293,246068,2777443,1520682,2303774,41860,36084,division,36084,41860,2024
"San Francisco-San Mateo-Redwood City, CA Metro Division; San Francisco-Oakland-Fremont, CA Metro Area",2665,25563,16982,24720,68681,334725,14896,73397,701786,17478170,613122,140484,1553225,921559,1344340,41860,41884,division,41884,41860,2024
"San Rafael, CA Metro Division; San Francisco-Oakland-Fremont, CA Metro Area",2668,2904,2535,3014,10809,36402,1738,9098,112116,2304805,84212,21068,253599,133856,214754,41860,42034,division,42034,41860,2024
"Everett, WA Metro Division; Seattle-Tacoma-Bellevue, WA Metro Area",1949,11420,7029,9736,23756,100610,3806,15318,331530,10518370,341020,67143,835002,457217,679525,42660,21794,division,21794,42660,2024
"Seattle-Bellevue-Kent, WA Metro Division; Seattle-Tacoma-Bellevue, WA Metro Area",2092,37550,27403,34261,90077,419249,14485,62230,1003284,24067435,870459,193848,2255985,1322767,1891563,42660,42644,division,42644,42660,2024
"Tacoma-Lakewood, WA Metro Division; Seattle-Tacoma-Bellevue, WA Metro Area",1806,12356,9450,12315,28877,123930,5133,18379,369709,12190525,388891,80014,908615,489809,739219,42660,45104,division,45104,42660,2024
"St. Petersburg-Clearwater-Largo, FL Metro Division; Tampa-St. Petersburg-Clearwater, FL Metro Area",1642,12492,9549,14167,37833,130561,7325,91634,520107,9254770,367916,108981,944399,490483,833565,45300,41304,division,41304,45300,2024
"Tampa, FL Metro Division; Tampa-St. Petersburg-Clearwater, FL Metro Area",1622,28552,20966,30195,80155,296372,16615,93241,995071,26287550,889870,280941,2302192,1189319,1908442,45300,45294,division,45294,45300,2024
"Arlington-Alexandria-Reston, VA-WV Metro Division; Washington-Arlington-Alexandria, DC-VA-MD-WV Metro Area",2167,33047,23082,29073,76188,371392,14649,54776,1200843,39587795,1252814,194208,3117111,1788442,2498633,47900,11694,division,11694,47900,2024
"Frederick-Gaithersburg-Bethesda, MD Metro Division; Washington-Arlington-Alexandria, DC-VA-MD-WV Metro Area",2018,14509,10593,14672,37922,159111,7252,21610,515455,16605300,515627,95712,1339653,753529,1079877,47900,23224,division,23224,47900,2024
"Washington, DC-MD Metro Division; Washington-Arlington-Alexandria, DC-VA-MD-WV Metro Area",1867,30223,20828,25043,78869,331777,16224,57223,790333,24674530,725821,214253,1760582,1034826,1470866,47900,47764,division,47764,47900,2024
