series_id,cbsa_code,year,period,value
LAUMT481018000000003,10180,2024,M13,3.4
LAUMT481018000000003,10180,2023,M13,3.4
LAUMT481018000000003,10180,2022,M13,3.4
LAUMT481018000000003,10180,2021,M13,4.5
LAUMT481018000000003,10180,2020,M13,5.6
LAUMT481018000000003,10180,2019,M13,3.0
LAUMT481018000000003,10180,2018,M13,3.3
LAUMT481018000000003,10180,2017,M13,3.7
LAUMT481018000000003,10180,2016,M13,3.9
LAUMT481018000000003,10180,2015,M13,3.9
LAUMT481018000000003,10180,2024,M12,2.9
LAUMT391042000000003,10420,2024,M13,4.5
LAUMT391042000000003,10420,2023,M13,3.7
LAUMT391042000000003,10420,2022,M13,3.9
LAUMT391042000000003,10420,2021,M13,5.3
LAUMT391042000000003,10420,2020,M13,8.0
LAUMT391042000000003,10420,2019,M13,4.2
LAUMT391042000000003,10420,2018,M13,4.6
LAUMT391042000000003,10420,2017,M13,5.0
LAUMT391042000000003,10420,2016,M13,5.1
LAUMT391042000000003,10420,2015,M13,5.0
LAUMT391042000000003,10420,2024,M12,4.9
LAUMT131050000000003,10500,2024,M13,4.0
LAUMT131050000000003,10500,2023,M13,3.8
LAUMT131050000000003,10500,2022,M13,3.9
LAUMT131050000000003,10500,2021,M13,5.3
LAUMT131050000000003,10500,2020,M13,7.4
LAUMT131050000000003,10500,2019,M13,4.4
LAUMT131050000000003,10500,2018,M13,4.9
LAUMT131050000000003,10500,2017,M13,5.6
LAUMT131050000000003,10500,2016,M13,6.4
LAUMT131050000000003,10500,2015,M13,7.1
LAUMT131050000000003,10500,2024,M12,3.6
LAUMT411054000000003,10540,2024,M13,4.8
LAUMT411054000000003,10540,2023,M13,4.1
LAUMT411054000000003,10540,2022,M13,4.4
LAUMT411054000000003,10540,2021,M13,5.6
LAUMT411054000000003,10540,2020,M13,7.7
LAUMT411054000000003,10540,2019,M13,4.3
LAUMT411054000000003,10540,2018,M13,4.6
LAUMT411054000000003,10540,2017,M13,4.7
LAUMT411054000000003,10540,2016,M13,5.6
LAUMT411054000000003,10540,2015,M13,6.6
LAUMT411054000000003,10540,2024,M12,5.0
LAUMT361058000000003,10580,2024,M13,3.3
LAUMT361058000000003,10580,2023,M13,3.1
LAUMT361058000000003,10580,2022,M13,3.1
LAUMT361058000000003,10580,2021,M13,4.4
LAUMT361058000000003,10580,2020,M13,6.9
LAUMT361058000000003,10580,2019,M13,3.5
LAUMT361058000000003,10580,2018,M13,3.7
LAUMT361058000000003,10580,2017,M13,4.3
LAUMT361058000000003,10580,2016,M13,4.2
LAUMT361058000000003,10580,2015,M13,4.5
LAUMT361058000000003,10580,2024,M12,3.1
LAUMT351074000000003,10740,2024,M13,3.8
LAUMT351074000000003,10740,2023,M13,3.4
LAUMT351074000000003,10740,2022,M13,3.7
LAUMT351074000000003,10740,2021,M13,6.5
LAUMT351074000000003,10740,2020,M13,7.6
LAUMT351074000000003,10740,2019,M13,4.6
LAUMT351074000000003,10740,2018,M13,4.6
LAUMT351074000000003,10740,2017,M13,5.6
LAUMT351074000000003,10740,2016,M13,6.0
LAUMT351074000000003,10740,2015,M13,6.2
LAUMT351074000000003,10740,2024,M12,3.5
LAUMT221078000000003,10780,2024,M13,4.0
LAUMT221078000000003,10780,2023,M13,3.4
LAUMT221078000000003,10780,2022,M13,3.2
LAUMT221078000000003,10780,2021,M13,4.1
LAUMT221078000000003,10780,2020,M13,6.5
LAUMT221078000000003,10780,2019,M13,4.8
LAUMT221078000000003,10780,2018,M13,5.1
LAUMT221078000000003,10780,2017,M13,5.5
LAUMT221078000000003,10780,2016,M13,6.0
LAUMT221078000000003,10780,2015,M13,6.5
LAUMT221078000000003,10780,2024,M12,3.8
LAUMT421090000000003,10900,2024,M13,4.1
LAUMT421090000000003,10900,2023,M13,4.0
LAUMT421090000000003,10900,2022,M13,4.2
LAUMT421090000000003,10900,2021,M13,6.1
LAUMT421090000000003,10900,2020,M13,9.1
LAUMT421090000000003,10900,2019,M13,4.4
LAUMT421090000000003,10900,2018,M13,4.7
LAUMT421090000000003,10900,2017,M13,5.1
LAUMT421090000000003,10900,2016,M13,5.3
LAUMT421090000000003,10900,2015,M13,5.5
LAUMT421090000000003,10900,2024,M12,3.7
LAUMT421102000000003,11020,2024,M13,3.7
LAUMT421102000000003,11020,2023,M13,3.7
LAUMT421102000000003,11020,2022,M13,4.4
LAUMT421102000000003,11020,2021,M13,5.8
LAUMT421102000000003,11020,2020,M13,8.7
LAUMT421102000000003,11020,2019,M13,4.6
LAUMT421102000000003,11020,2018,M13,4.5
LAUMT421102000000003,11020,2017,M13,5.1
LAUMT421102000000003,11020,2016,M13,5.4
LAUMT421102000000003,11020,2015,M13,5.3
LAUMT421102000000003,11020,2024,M12,3.7
LAUMT481110000000003,11100,2024,M13,3.1
LAUMT481110000000003,11100,2023,M13,3.1
LAUMT481110000000003,11100,2022,M13,3.1
LAUMT481110000000003,11100,2021,M13,4.0
LAUMT481110000000003,11100,2020,M13,5.0
LAUMT481110000000003,11100,2019,M13,2.6
LAUMT481110000000003,11100,2018,M13,2.9
LAUMT481110000000003,11100,2017,M13,3.1
LAUMT481110000000003,11100,2016,M13,3.2
LAUMT481110000000003,11100,2015,M13,3.1
LAUMT481110000000003,11100,2024,M12,2.7
LAUMT191118000000003,11180,2024,M13,2.5
LAUMT191118000000003,11180,2023,M13,2.4
LAUMT191118000000003,11180,2022,M13,2.4
LAUMT191118000000003,11180,2021,M13,3.1
LAUMT191118000000003,11180,2020,M13,3.9
LAUMT191118000000003,11180,2019,M13,2.1
LAUMT191118000000003,11180,2018,M13,1.9
LAUMT191118000000003,11180,2017,M13,2.2
LAUMT191118000000003,11180,2016,M13,2.6
LAUMT191118000000003,11180,2015,M13,2.6
LAUMT191118000000003,11180,2024,M12,2.5
LAUMT251120000000003,11200,2024,M13,3.8
LAUMT251120000000003,11200,2023,M13,3.3
LAUMT251120000000003,11200,2022,M13,3.5
LAUMT251120000000003,11200,2021,M13,4.8
LAUMT251120000000003,11200,2020,M13,7.7
LAUMT251120000000003,11200,2019,M13,2.9
LAUMT251120000000003,11200,2018,M13,3.2
LAUMT251120000000003,11200,2017,M13,3.7
LAUMT251120000000003,11200,2016,M13,3.9
LAUMT251120000000003,11200,2015,M13,4.5
LAUMT251120000000003,11200,2024,M12,3.7
LAUMT021126000000003,11260,2024,M13,4.1
LAUMT021126000000003,11260,2023,M13,3.9
LAUMT021126000000003,11260,2022,M13,4.0
LAUMT021126000000003,11260,2021,M13,6.1
LAUMT021126000000003,11260,2020,M13,8.1
LAUMT021126000000003,11260,2019,M13,5.1
LAUMT021126000000003,11260,2018,M13,5.6
LAUMT021126000000003,11260,2017,M13,6.1
LAUMT021126000000003,11260,2016,M13,6.0
LAUMT021126000000003,11260,2015,M13,5.5
LAUMT021126000000003,11260,2024,M12,4.0
LAUMT261146000000003,11460,2024,M13,3.8
LAUMT261146000000003,11460,2023,M13,3.2
LAUMT261146000000003,11460,2022,M13,3.5
LAUMT261146000000003,11460,2021,M13,4.1
LAUMT261146000000003,11460,2020,M13,6.6
LAUMT261146000000003,11460,2019,M13,2.9
LAUMT261146000000003,11460,2018,M13,3.0
LAUMT261146000000003,11460,2017,M13,3.4
LAUMT261146000000003,11460,2016,M13,3.5
LAUMT261146000000003,11460,2015,M13,3.7
LAUMT261146000000003,11460,2024,M12,3.9
LAUMT011150000000003,11500,2024,M13,3.1
LAUMT011150000000003,11500,2023,M13,2.6
LAUMT011150000000003,11500,2022,M13,2.7
LAUMT011150000000003,11500,2021,M13,3.7
LAUMT011150000000003,11500,2020,M13,7.2
LAUMT011150000000003,11500,2019,M13,3.5
LAUMT011150000000003,11500,2018,M13,4.3
LAUMT011150000000003,11500,2017,M13,4.8
LAUMT011150000000003,11500,2016,M13,6.1
LAUMT011150000000003,11500,2015,M13,7.0
LAUMT011150000000003,11500,2024,M12,3.0
LAUMT551154000000003,11540,2024,M13,2.5
LAUMT551154000000003,11540,2023,M13,2.3
LAUMT551154000000003,11540,2022,M13,2.4
LAUMT551154000000003,11540,2021,M13,3.0
LAUMT551154000000003,11540,2020,M13,5.4
LAUMT551154000000003,11540,2019,M13,2.8
LAUMT551154000000003,11540,2018,M13,2.7
LAUMT551154000000003,11540,2017,M13,2.9
LAUMT551154000000003,11540,2016,M13,3.3
LAUMT551154000000003,11540,2015,M13,3.8
LAUMT551154000000003,11540,2024,M12,2.5
LAUMT371170000000003,11700,2024,M13,4.1
LAUMT371170000000003,11700,2023,M13,2.9
LAUMT371170000000003,11700,2022,M13,3.1
LAUMT371170000000003,11700,2021,M13,4.3
LAUMT371170000000003,11700,2020,M13,7.9
LAUMT371170000000003,11700,2019,M13,3.2
LAUMT371170000000003,11700,2018,M13,3.2
LAUMT371170000000003,11700,2017,M13,3.7
LAUMT371170000000003,11700,2016,M13,4.1
LAUMT371170000000003,11700,2015,M13,4.5
LAUMT371170000000003,11700,2024,M12,5.6
LAUMT131202000000003,12020,2024,M13,3.2
LAUMT131202000000003,12020,2023,M13,3.0
LAUMT131202000000003,12020,2022,M13,3.0
LAUMT131202000000003,12020,2021,M13,3.3
LAUMT131202000000003,12020,2020,M13,5.4
LAUMT131202000000003,12020,2019,M13,3.3
LAUMT131202000000003,12020,2018,M13,3.6
LAUMT131202000000003,12020,2017,M13,4.3
LAUMT131202000000003,12020,2016,M13,5.0
LAUMT131202000000003,12020,2015,M13,5.7
LAUMT131202000000003,12020,2024,M12,2.6
LAUMT341210000000003,12100,2024,M13,6.4
LAUMT341210000000003,12100,2023,M13,6.0
LAUMT341210000000003,12100,2022,M13,5.5
LAUMT341210000000003,12100,2021,M13,9.4
LAUMT341210000000003,12100,2020,M13,15.6
LAUMT341210000000003,12100,2019,M13,5.3
LAUMT341210000000003,12100,2018,M13,6.1
LAUMT341210000000003,12100,2017,M13,7.3
LAUMT341210000000003,12100,2016,M13,7.7
LAUMT341210000000003,12100,2015,M13,9.9
LAUMT341210000000003,12100,2024,M12,7.2
LAUMT011222000000003,12220,2024,M13,2.9
LAUMT011222000000003,12220,2023,M13,2.3
LAUMT011222000000003,12220,2022,M13,2.4
LAUMT011222000000003,12220,2021,M13,2.9
LAUMT011222000000003,12220,2020,M13,5.8
LAUMT011222000000003,12220,2019,M13,2.9
LAUMT011222000000003,12220,2018,M13,3.6
LAUMT011222000000003,12220,2017,M13,4.1
LAUMT011222000000003,12220,2016,M13,5.2
LAUMT011222000000003,12220,2015,M13,5.5
LAUMT011222000000003,12220,2024,M12,2.5
LAUMT131226000000003,12260,2024,M13,4.2
LAUMT131226000000003,12260,2023,M13,3.7
LAUMT131226000000003,12260,2022,M13,3.5
LAUMT131226000000003,12260,2021,M13,3.9
LAUMT131226000000003,12260,2020,M13,5.8
LAUMT131226000000003,12260,2019,M13,3.7
LAUMT131226000000003,12260,2018,M13,4.2
LAUMT131226000000003,12260,2017,M13,5.0
LAUMT131226000000003,12260,2016,M13,5.7
LAUMT131226000000003,12260,2015,M13,6.4
LAUMT131226000000003,12260,2024,M12,3.9
LAUMT481242000000003,12420,2024,M13,3.5
LAUMT481242000000003,12420,2023,M13,3.4
LAUMT481242000000003,12420,2022,M13,3.0
LAUMT481242000000003,12420,2021,M13,4.2
LAUMT481242000000003,12420,2020,M13,6.3
LAUMT481242000000003,12420,2019,M13,2.8
LAUMT481242000000003,12420,2018,M13,3.0
LAUMT481242000000003,12420,2017,M13,3.2
LAUMT481242000000003,12420,2016,M13,3.3
LAUMT481242000000003,12420,2015,M13,3.4
LAUMT481242000000003,12420,2024,M12,3.2
LAUMT061254000000003,12540,2024,M13,8.7
LAUMT061254000000003,12540,2023,M13,8.1
LAUMT061254000000003,12540,2022,M13,7.1
LAUMT061254000000003,12540,2021,M13,9.9
LAUMT061254000000003,12540,2020,M13,12.7
LAUMT061254000000003,12540,2019,M13,7.8
LAUMT061254000000003,12540,2018,M13,8.1
LAUMT061254000000003,12540,2017,M13,9.2
LAUMT061254000000003,12540,2016,M13,10.4
LAUMT061254000000003,12540,2015,M13,10.2
LAUMT061254000000003,12540,2024,M12,8.3
LAUMT241258000000003,12580,2024,M13,3.2
LAUMT241258000000003,12580,2023,M13,2.3
LAUMT241258000000003,12580,2022,M13,3.0
LAUMT241258000000003,12580,2021,M13,5.0
LAUMT241258000000003,12580,2020,M13,6.4
LAUMT241258000000003,12580,2019,M13,3.5
LAUMT241258000000003,12580,2018,M13,3.9
LAUMT241258000000003,12580,2017,M13,4.2
LAUMT241258000000003,12580,2016,M13,4.4
LAUMT241258000000003,12580,2015,M13,5.2
LAUMT241258000000003,12580,2024,M12,3.0
LAUMT231262000000003,12620,2024,M13,3.2
LAUMT231262000000003,12620,2023,M13,2.8
LAUMT231262000000003,12620,2022,M13,3.1
LAUMT231262000000003,12620,2021,M13,4.9
LAUMT231262000000003,12620,2020,M13,5.1
LAUMT231262000000003,12620,2019,M13,3.2
LAUMT231262000000003,12620,2018,M13,3.6
LAUMT231262000000003,12620,2017,M13,3.8
LAUMT231262000000003,12620,2016,M13,4.3
LAUMT231262000000003,12620,2015,M13,4.8
LAUMT231262000000003,12620,2024,M12,3.6
LAUMT251270000000003,12700,2024,M13,4.7
LAUMT251270000000003,12700,2023,M13,4.4
LAUMT251270000000003,12700,2022,M13,4.7
LAUMT251270000000003,12700,2021,M13,6.3
LAUMT251270000000003,12700,2020,M13,10.8
LAUMT251270000000003,12700,2019,M13,4.1
LAUMT251270000000003,12700,2018,M13,4.5
LAUMT251270000000003,12700,2017,M13,4.8
LAUMT251270000000003,12700,2016,M13,5.1
LAUMT251270000000003,12700,2015,M13,6.1
LAUMT251270000000003,12700,2024,M12,5.3
LAUMT221294000000003,12940,2024,M13,4.0
LAUMT221294000000003,12940,2023,M13,3.5
LAUMT221294000000003,12940,2022,M13,3.5
LAUMT221294000000003,12940,2021,M13,5.2
LAUMT221294000000003,12940,2020,M13,8.1
LAUMT221294000000003,12940,2019,M13,4.5
LAUMT221294000000003,12940,2018,M13,4.5
LAUMT221294000000003,12940,2017,M13,4.7
LAUMT221294000000003,12940,2016,M13,5.5
LAUMT221294000000003,12940,2015,M13,5.5
LAUMT221294000000003,12940,2024,M12,3.8
LAUMT261298000000003,12980,2024,M13,5.2
LAUMT261298000000003,12980,2023,M13,4.3
LAUMT261298000000003,12980,2022,M13,4.7
LAUMT261298000000003,12980,2021,M13,6.3
LAUMT261298000000003,12980,2020,M13,10.1
LAUMT261298000000003,12980,2019,M13,4.2
LAUMT261298000000003,12980,2018,M13,4.3
LAUMT261298000000003,12980,2017,M13,4.8
LAUMT261298000000003,12980,2016,M13,4.8
LAUMT261298000000003,12980,2015,M13,5.1
LAUMT261298000000003,12980,2024,M12,5.6
LAUMT261302000000003,13020,2024,M13,5.5
LAUMT261302000000003,13020,2023,M13,5.0
LAUMT261302000000003,13020,2022,M13,5.1
LAUMT261302000000003,13020,2021,M13,6.0
LAUMT261302000000003,13020,2020,M13,9.7
LAUMT261302000000003,13020,2019,M13,4.8
LAUMT261302000000003,13020,2018,M13,4.9
LAUMT261302000000003,13020,2017,M13,5.5
LAUMT261302000000003,13020,2016,M13,5.5
LAUMT261302000000003,13020,2015,M13,5.8
LAUMT261302000000003,13020,2024,M12,5.8
LAUMT481314000000003,13140,2024,M13,5.4
LAUMT481314000000003,13140,2023,M13,5.5
LAUMT481314000000003,13140,2022,M13,5.6
LAUMT481314000000003,13140,2021,M13,8.8
LAUMT481314000000003,13140,2020,M13,10.7
LAUMT481314000000003,13140,2019,M13,5.2
LAUMT481314000000003,13140,2018,M13,5.8
LAUMT481314000000003,13140,2017,M13,6.8
LAUMT481314000000003,13140,2016,M13,6.5
LAUMT481314000000003,13140,2015,M13,6.7
LAUMT481314000000003,13140,2024,M12,5.2
LAUMT541322000000003,13220,2024,M13,4.0
LAUMT541322000000003,13220,2023,M13,3.9
LAUMT541322000000003,13220,2022,M13,4.0
LAUMT541322000000003,13220,2021,M13,5.6
LAUMT541322000000003,13220,2020,M13,9.2
LAUMT541322000000003,13220,2019,M13,5.0
LAUMT541322000000003,13220,2018,M13,5.4
LAUMT541322000000003,13220,2017,M13,5.6
LAUMT541322000000003,13220,2016,M13,7.3
LAUMT541322000000003,13220,2015,M13,7.6
LAUMT541322000000003,13220,2024,M12,3.5
LAUMT531338000000003,13380,2024,M13,4.4
LAUMT531338000000003,13380,2023,M13,4.0
LAUMT531338000000003,13380,2022,M13,4.1
LAUMT531338000000003,13380,2021,M13,5.4
LAUMT531338000000003,13380,2020,M13,9.0
LAUMT531338000000003,13380,2019,M13,5.0
LAUMT531338000000003,13380,2018,M13,4.8
LAUMT531338000000003,13380,2017,M13,4.9
LAUMT531338000000003,13380,2016,M13,5.7
LAUMT531338000000003,13380,2015,M13,6.0
LAUMT531338000000003,13380,2024,M12,4.3
LAUMT411346000000003,13460,2024,M13,4.4
LAUMT411346000000003,13460,2023,M13,3.9
LAUMT411346000000003,13460,2022,M13,4.1
LAUMT411346000000003,13460,2021,M13,5.4
LAUMT411346000000003,13460,2020,M13,7.9
LAUMT411346000000003,13460,2019,M13,4.0
LAUMT411346000000003,13460,2018,M13,4.3
LAUMT411346000000003,13460,2017,M13,4.4
LAUMT411346000000003,13460,2016,M13,5.0
LAUMT411346000000003,13460,2015,M13,6.1
LAUMT411346000000003,13460,2024,M12,4.6
LAUMT301374000000003,13740,2024,M13,2.8
LAUMT301374000000003,13740,2023,M13,2.5
LAUMT301374000000003,13740,2022,M13,2.4
LAUMT301374000000003,13740,2021,M13,3.1
LAUMT301374000000003,13740,2020,M13,5.4
LAUMT301374000000003,13740,2019,M13,3.2
LAUMT301374000000003,13740,2018,M13,3.3
LAUMT301374000000003,13740,2017,M13,3.6
LAUMT301374000000003,13740,2016,M13,3.8
LAUMT301374000000003,13740,2015,M13,3.4
LAUMT301374000000003,13740,2024,M12,3.0
LAUMT361378000000003,13780,2024,M13,3.9
LAUMT361378000000003,13780,2023,M13,3.6
LAUMT361378000000003,13780,2022,M13,3.7
LAUMT361378000000003,13780,2021,M13,5.0
LAUMT361378000000003,13780,2020,M13,8.0
LAUMT361378000000003,13780,2019,M13,4.3
LAUMT361378000000003,13780,2018,M13,4.6
LAUMT361378000000003,13780,2017,M13,5.3
LAUMT361378000000003,13780,2016,M13,5.4
LAUMT361378000000003,13780,2015,M13,5.9
LAUMT361378000000003,13780,2024,M12,3.8
LAUMT011382000000003,13820,2024,M13,2.8
LAUMT011382000000003,13820,2023,M13,2.3
LAUMT011382000000003,13820,2022,M13,2.3
LAUMT011382000000003,13820,2021,M13,3.1
LAUMT011382000000003,13820,2020,M13,6.0
LAUMT011382000000003,13820,2019,M13,2.9
LAUMT011382000000003,13820,2018,M13,3.5
LAUMT011382000000003,13820,2017,M13,4.2
LAUMT011382000000003,13820,2016,M13,5.4
LAUMT011382000000003,13820,2015,M13,5.5
LAUMT011382000000003,13820,2024,M12,2.6
LAUMT381390000000003,13900,2024,M13,2.3
LAUMT381390000000003,13900,2023,M13,2.0
LAUMT381390000000003,13900,2022,M13,2.1
LAUMT381390000000003,13900,2021,M13,2.7
LAUMT381390000000003,13900,2020,M13,4.2
LAUMT381390000000003,13900,2019,M13,2.2
LAUMT381390000000003,13900,2018,M13,2.5
LAUMT381390000000003,13900,2017,M13,2.5
LAUMT381390000000003,13900,2016,M13,2.6
LAUMT381390000000003,13900,2015,M13,2.6
LAUMT381390000000003,13900,2024,M12,2.5
LAUMT511398000000003,13980,2024,M13,3.1
LAUMT511398000000003,13980,2023,M13,2.8
LAUMT511398000000003,13980,2022,M13,2.8
LAUMT511398000000003,13980,2021,M13,3.4
LAUMT511398000000003,13980,2020,M13,6.1
LAUMT511398000000003,13980,2019,M13,3.1
LAUMT511398000000003,13980,2018,M13,3.2
LAUMT511398000000003,13980,2017,M13,4.3
LAUMT511398000000003,13980,2016,M13,4.8
LAUMT511398000000003,13980,2015,M13,4.5
LAUMT511398000000003,13980,2024,M12,2.7
LAUMT171401000000003,14010,2024,M13,3.9
LAUMT171401000000003,14010,2023,M13,3.7
LAUMT171401000000003,14010,2022,M13,3.6
LAUMT171401000000003,14010,2021,M13,4.5
LAUMT171401000000003,14010,2020,M13,6.4
LAUMT171401000000003,14010,2019,M13,3.5
LAUMT171401000000003,14010,2018,M13,4.0
LAUMT171401000000003,14010,2017,M13,4.0
LAUMT171401000000003,14010,2016,M13,4.8
LAUMT171401000000003,14010,2015,M13,4.7
LAUMT171401000000003,14010,2024,M12,3.4
LAUMT181402000000003,14020,2024,M13,3.7
LAUMT181402000000003,14020,2023,M13,3.0
LAUMT181402000000003,14020,2022,M13,2.7
LAUMT181402000000003,14020,2021,M13,3.1
LAUMT181402000000003,14020,2020,M13,5.4
LAUMT181402000000003,14020,2019,M13,3.1
LAUMT181402000000003,14020,2018,M13,3.3
LAUMT181402000000003,14020,2017,M13,3.4
LAUMT181402000000003,14020,2016,M13,4.3
LAUMT181402000000003,14020,2015,M13,5.1
LAUMT181402000000003,14020,2024,M12,3.0
LAUMT161426000000003,14260,2024,M13,3.4
LAUMT161426000000003,14260,2023,M13,3.0
LAUMT161426000000003,14260,2022,M13,2.6
LAUMT161426000000003,14260,2021,M13,3.4
LAUMT161426000000003,14260,2020,M13,5.6
LAUMT161426000000003,14260,2019,M13,2.7
LAUMT161426000000003,14260,2018,M13,2.7
LAUMT161426000000003,14260,2017,M13,3.0
LAUMT161426000000003,14260,2016,M13,3.5
LAUMT161426000000003,14260,2015,M13,3.8
LAUMT161426000000003,14260,2024,M12,3.3
LAUMT081450000000003,14500,2024,M13,4.1
LAUMT081450000000003,14500,2023,M13,3.1
LAUMT081450000000003,14500,2022,M13,2.7
LAUMT081450000000003,14500,2021,M13,4.6
LAUMT081450000000003,14500,2020,M13,6.0
LAUMT081450000000003,14500,2019,M13,2.4
LAUMT081450000000003,14500,2018,M13,2.8
LAUMT081450000000003,14500,2017,M13,2.4
LAUMT081450000000003,14500,2016,M13,2.7
LAUMT081450000000003,14500,2015,M13,3.0
LAUMT081450000000003,14500,2024,M12,4.0
LAUMT211454000000003,14540,2024,M13,4.5
LAUMT211454000000003,14540,2023,M13,4.0
LAUMT211454000000003,14540,2022,M13,3.7
LAUMT211454000000003,14540,2021,M13,3.9
LAUMT211454000000003,14540,2020,M13,6.1
LAUMT211454000000003,14540,2019,M13,3.6
LAUMT211454000000003,14540,2018,M13,3.5
LAUMT211454000000003,14540,2017,M13,3.9
LAUMT211454000000003,14540,2016,M13,3.9
LAUMT211454000000003,14540,2015,M13,4.7
LAUMT211454000000003,14540,2024,M12,4.0
LAUMT301458000000003,14580,2024,M13,2.3
LAUMT301458000000003,14580,2023,M13,2.1
LAUMT301458000000003,14580,2022,M13,2.0
LAUMT301458000000003,14580,2021,M13,2.5
LAUMT301458000000003,14580,2020,M13,5.2
LAUMT301458000000003,14580,2019,M13,2.4
LAUMT301458000000003,14580,2018,M13,2.6
LAUMT301458000000003,14580,2017,M13,2.9
LAUMT301458000000003,14580,2016,M13,3.0
LAUMT301458000000003,14580,2015,M13,3.1
LAUMT301458000000003,14580,2024,M12,2.3
LAUMT531474000000003,14740,2024,M13,4.4
LAUMT531474000000003,14740,2023,M13,4.0
LAUMT531474000000003,14740,2022,M13,4.0
LAUMT531474000000003,14740,2021,M13,4.9
LAUMT531474000000003,14740,2020,M13,7.8
LAUMT531474000000003,14740,2019,M13,4.9
LAUMT531474000000003,14740,2018,M13,4.9
LAUMT531474000000003,14740,2017,M13,5.1
LAUMT531474000000003,14740,2016,M13,5.7
LAUMT531474000000003,14740,2015,M13,5.6
LAUMT531474000000003,14740,2024,M12,4.3
LAUMT091486000000003,14860,2024,M13,3.2
LAUMT091486000000003,14860,2023,M13,3.1
LAUMT091486000000003,14860,2022,M13,3.8
LAUMT091486000000003,14860,2021,M13,6.0
LAUMT091486000000003,14860,2020,M13,7.6
LAUMT091486000000003,14860,2019,M13,3.3
LAUMT091486000000003,14860,2018,M13,3.6
LAUMT091486000000003,14860,2017,M13,4.0
LAUMT091486000000003,14860,2016,M13,4.3
LAUMT091486000000003,14860,2015,M13,5.2
LAUMT091486000000003,14860,2024,M12,2.9
LAUMT481518000000003,15180,2024,M13,5.2
LAUMT481518000000003,15180,2023,M13,5.3
LAUMT481518000000003,15180,2022,M13,5.6
LAUMT481518000000003,15180,2021,M13,7.8
LAUMT481518000000003,15180,2020,M13,9.9
LAUMT481518000000003,15180,2019,M13,5.4
LAUMT481518000000003,15180,2018,M13,6.0
LAUMT481518000000003,15180,2017,M13,6.8
LAUMT481518000000003,15180,2016,M13,7.0
LAUMT481518000000003,15180,2015,M13,7.2
LAUMT481518000000003,15180,2024,M12,5.0
LAUMT131526000000003,15260,2024,M13,3.0
LAUMT131526000000003,15260,2023,M13,2.9
LAUMT131526000000003,15260,2022,M13,3.0
LAUMT131526000000003,15260,2021,M13,3.7
LAUMT131526000000003,15260,2020,M13,6.5
LAUMT131526000000003,15260,2019,M13,3.6
LAUMT131526000000003,15260,2018,M13,3.8
LAUMT131526000000003,15260,2017,M13,4.9
LAUMT131526000000003,15260,2016,M13,5.6
LAUMT131526000000003,15260,2015,M13,6.4
LAUMT131526000000003,15260,2024,M12,2.7
LAUMT361538000000003,15380,2024,M13,3.9
LAUMT361538000000003,15380,2023,M13,3.6
LAUMT361538000000003,15380,2022,M13,3.6
LAUMT361538000000003,15380,2021,M13,5.3
LAUMT361538000000003,15380,2020,M13,9.1
LAUMT361538000000003,15380,2019,M13,4.1
LAUMT361538000000003,15380,2018,M13,4.4
LAUMT361538000000003,15380,2017,M13,5.2
LAUMT361538000000003,15380,2016,M13,5.0
LAUMT361538000000003,15380,2015,M13,5.5
LAUMT361538000000003,15380,2024,M12,3.9
LAUMT371550000000003,15500,2024,M13,3.6
LAUMT371550000000003,15500,2023,M13,3.5
LAUMT371550000000003,15500,2022,M13,3.8
LAUMT371550000000003,15500,2021,M13,4.9
LAUMT371550000000003,15500,2020,M13,7.2
LAUMT371550000000003,15500,2019,M13,3.8
LAUMT371550000000003,15500,2018,M13,3.8
LAUMT371550000000003,15500,2017,M13,4.3
LAUMT371550000000003,15500,2016,M13,4.8
LAUMT371550000000003,15500,2015,M13,5.3
LAUMT371550000000003,15500,2024,M12,3.3
LAUMT501554000000003,15540,2024,M13,2.0
LAUMT501554000000003,15540,2023,M13,1.6
LAUMT501554000000003,15540,2022,M13,2.0
LAUMT501554000000003,15540,2021,M13,3.1
LAUMT501554000000003,15540,2020,M13,4.9
LAUMT501554000000003,15540,2019,M13,1.8
LAUMT501554000000003,15540,2018,M13,2.1
LAUMT501554000000003,15540,2017,M13,2.5
LAUMT501554000000003,15540,2016,M13,2.6
LAUMT501554000000003,15540,2015,M13,2.9
LAUMT501554000000003,15540,2024,M12,2.1
LAUMT391594000000003,15940,2024,M13,4.6
LAUMT391594000000003,15940,2023,M13,3.9
LAUMT391594000000003,15940,2022,M13,4.1
LAUMT391594000000003,15940,2021,M13,5.5
LAUMT391594000000003,15940,2020,M13,8.2
LAUMT391594000000003,15940,2019,M13,4.6
LAUMT391594000000003,15940,2018,M13,5.0
LAUMT391594000000003,15940,2017,M13,5.3
LAUMT391594000000003,15940,2016,M13,5.7
LAUMT391594000000003,15940,2015,M13,5.4
LAUMT391594000000003,15940,2024,M12,4.9
LAUMT121598000000003,15980,2024,M13,3.5
LAUMT121598000000003,15980,2023,M13,3.3
LAUMT121598000000003,15980,2022,M13,3.4
LAUMT121598000000003,15980,2021,M13,4.4
LAUMT121598000000003,15980,2020,M13,7.8
LAUMT121598000000003,15980,2019,M13,3.3
LAUMT121598000000003,15980,2018,M13,3.6
LAUMT121598000000003,15980,2017,M13,4.2
LAUMT121598000000003,15980,2016,M13,4.7
LAUMT121598000000003,15980,2015,M13,5.2
LAUMT121598000000003,15980,2024,M12,3.3
LAUMT291602000000003,16020,2024,M13,3.5
LAUMT291602000000003,16020,2023,M13,2.9
LAUMT291602000000003,16020,2022,M13,2.5
LAUMT291602000000003,16020,2021,M13,3.6
LAUMT291602000000003,16020,2020,M13,5.4
LAUMT291602000000003,16020,2019,M13,3.1
LAUMT291602000000003,16020,2018,M13,3.1
LAUMT291602000000003,16020,2017,M13,3.8
LAUMT291602000000003,16020,2016,M13,4.6
LAUMT291602000000003,16020,2015,M13,4.8
LAUMT291602000000003,16020,2024,M12,3.0
LAUMT321618000000003,16180,2024,M13,4.5
LAUMT321618000000003,16180,2023,M13,4.4
LAUMT321618000000003,16180,2022,M13,4.2
LAUMT321618000000003,16180,2021,M13,4.3
LAUMT321618000000003,16180,2020,M13,8.0
LAUMT321618000000003,16180,2019,M13,3.9
LAUMT321618000000003,16180,2018,M13,4.3
LAUMT321618000000003,16180,2017,M13,4.7
LAUMT321618000000003,16180,2016,M13,5.8
LAUMT321618000000003,16180,2015,M13,7.3
LAUMT321618000000003,16180,2024,M12,4.3
LAUMT561622000000003,16220,2024,M13,3.1
LAUMT561622000000003,16220,2023,M13,3.0
LAUMT561622000000003,16220,2022,M13,3.7
LAUMT561622000000003,16220,2021,M13,5.7
LAUMT561622000000003,16220,2020,M13,7.5
LAUMT561622000000003,16220,2019,M13,3.8
LAUMT561622000000003,16220,2018,M13,4.4
LAUMT561622000000003,16220,2017,M13,5.1
LAUMT561622000000003,16220,2016,M13,6.7
LAUMT561622000000003,16220,2015,M13,4.9
LAUMT561622000000003,16220,2024,M12,3.3
LAUMT191630000000003,16300,2024,M13,3.4
LAUMT191630000000003,16300,2023,M13,3.3
LAUMT191630000000003,16300,2022,M13,3.1
LAUMT191630000000003,16300,2021,M13,4.4
LAUMT191630000000003,16300,2020,M13,5.9
LAUMT191630000000003,16300,2019,M13,2.7
LAUMT191630000000003,16300,2018,M13,2.7
LAUMT191630000000003,16300,2017,M13,3.2
LAUMT191630000000003,16300,2016,M13,3.6
LAUMT191630000000003,16300,2015,M13,3.8
LAUMT191630000000003,16300,2024,M12,3.4
LAUMT421654000000003,16540,2024,M13,3.2
LAUMT421654000000003,16540,2023,M13,3.1
LAUMT421654000000003,16540,2022,M13,3.6
LAUMT421654000000003,16540,2021,M13,4.9
LAUMT421654000000003,16540,2020,M13,7.4
LAUMT421654000000003,16540,2019,M13,3.8
LAUMT421654000000003,16540,2018,M13,3.8
LAUMT421654000000003,16540,2017,M13,4.5
LAUMT421654000000003,16540,2016,M13,5.1
LAUMT421654000000003,16540,2015,M13,5.1
LAUMT421654000000003,16540,2024,M12,3.0
LAUMT171658000000003,16580,2024,M13,4.3
LAUMT171658000000003,16580,2023,M13,4.3
LAUMT171658000000003,16580,2022,M13,3.9
LAUMT171658000000003,16580,2021,M13,4.9
LAUMT171658000000003,16580,2020,M13,6.4
LAUMT171658000000003,16580,2019,M13,3.7
LAUMT171658000000003,16580,2018,M13,4.4
LAUMT171658000000003,16580,2017,M13,4.3
LAUMT171658000000003,16580,2016,M13,5.0
LAUMT171658000000003,16580,2015,M13,5.0
LAUMT171658000000003,16580,2024,M12,3.4
LAUMT541662000000003,16620,2024,M13,4.0
LAUMT541662000000003,16620,2023,M13,3.7
LAUMT541662000000003,16620,2022,M13,3.9
LAUMT541662000000003,16620,2021,M13,5.5
LAUMT541662000000003,16620,2020,M13,9.1
LAUMT541662000000003,16620,2019,M13,4.9
LAUMT541662000000003,16620,2018,M13,5.3
LAUMT541662000000003,16620,2017,M13,5.4
LAUMT541662000000003,16620,2016,M13,6.1
LAUMT541662000000003,16620,2015,M13,6.3
LAUMT541662000000003,16620,2024,M12,3.5
LAUMT451670000000003,16700,2024,M13,3.5
LAUMT451670000000003,16700,2023,M13,2.5
LAUMT451670000000003,16700,2022,M13,2.8
LAUMT451670000000003,16700,2021,M13,3.5
LAUMT451670000000003,16700,2020,M13,5.8
LAUMT451670000000003,16700,2019,M13,2.3
LAUMT451670000000003,16700,2018,M13,2.8
LAUMT451670000000003,16700,2017,M13,3.5
LAUMT451670000000003,16700,2016,M13,4.2
LAUMT451670000000003,16700,2015,M13,5.1
LAUMT451670000000003,16700,2024,M12,3.4
LAUMT371674000000003,16740,2024,M13,3.7
LAUMT371674000000003,16740,2023,M13,3.4
LAUMT371674000000003,16740,2022,M13,3.5
LAUMT371674000000003,16740,2021,M13,4.7
LAUMT371674000000003,16740,2020,M13,7.2
LAUMT371674000000003,16740,2019,M13,3.6
LAUMT371674000000003,16740,2018,M13,3.8
LAUMT371674000000003,16740,2017,M13,4.3
LAUMT371674000000003,16740,2016,M13,4.8
LAUMT371674000000003,16740,2015,M13,5.4
LAUMT371674000000003,16740,2024,M12,3.5
LAUMT511682000000003,16820,2024,M13,2.6
LAUMT511682000000003,16820,2023,M13,2.5
LAUMT511682000000003,16820,2022,M13,2.5
LAUMT511682000000003,16820,2021,M13,3.4
LAUMT511682000000003,16820,2020,M13,5.9
LAUMT511682000000003,16820,2019,M13,2.4
LAUMT511682000000003,16820,2018,M13,2.7
LAUMT511682000000003,16820,2017,M13,3.2
LAUMT511682000000003,16820,2016,M13,3.5
LAUMT511682000000003,16820,2015,M13,3.8
LAUMT511682000000003,16820,2024,M12,2.3
LAUMT471686000000003,16860,2024,M13,3.1
LAUMT471686000000003,16860,2023,M13,3.0
LAUMT471686000000003,16860,2022,M13,3.3
LAUMT471686000000003,16860,2021,M13,3.9
LAUMT471686000000003,16860,2020,M13,6.5
LAUMT471686000000003,16860,2019,M13,3.3
LAUMT471686000000003,16860,2018,M13,3.5
LAUMT471686000000003,16860,2017,M13,3.9
LAUMT471686000000003,16860,2016,M13,4.9
LAUMT471686000000003,16860,2015,M13,5.4
LAUMT471686000000003,16860,2024,M12,3.1
LAUMT561694000000003,16940,2024,M13,3.3
LAUMT561694000000003,16940,2023,M13,3.0
LAUMT561694000000003,16940,2022,M13,3.5
LAUMT561694000000003,16940,2021,M13,4.1
LAUMT561694000000003,16940,2020,M13,5.2
LAUMT561694000000003,16940,2019,M13,3.6
LAUMT561694000000003,16940,2018,M13,3.9
LAUMT561694000000003,16940,2017,M13,3.8
LAUMT561694000000003,16940,2016,M13,4.1
LAUMT561694000000003,16940,2015,M13,3.9
LAUMT561694000000003,16940,2024,M12,3.3
LAUMT061702000000003,17020,2024,M13,5.9
LAUMT061702000000003,17020,2023,M13,5.2
LAUMT061702000000003,17020,2022,M13,4.6
LAUMT061702000000003,17020,2021,M13,6.9
LAUMT061702000000003,17020,2020,M13,9.5
LAUMT061702000000003,17020,2019,M13,5.2
LAUMT061702000000003,17020,2018,M13,5.1
LAUMT061702000000003,17020,2017,M13,5.9
LAUMT061702000000003,17020,2016,M13,6.7
LAUMT061702000000003,17020,2015,M13,7.2
LAUMT061702000000003,17020,2024,M12,5.7
LAUMT391714000000003,17140,2024,M13,4.2
LAUMT391714000000003,17140,2023,M13,3.4
LAUMT391714000000003,17140,2022,M13,3.5
LAUMT391714000000003,17140,2021,M13,4.5
LAUMT391714000000003,17140,2020,M13,7.0
LAUMT391714000000003,17140,2019,M13,3.7
LAUMT391714000000003,17140,2018,M13,3.9
LAUMT391714000000003,17140,2017,M13,4.2
LAUMT391714000000003,17140,2016,M13,4.4
LAUMT391714000000003,17140,2015,M13,4.5
LAUMT391714000000003,17140,2024,M12,4.1
LAUMT471730000000003,17300,2024,M13,4.0
LAUMT471730000000003,17300,2023,M13,3.8
LAUMT471730000000003,17300,2022,M13,3.8
LAUMT471730000000003,17300,2021,M13,4.6
LAUMT471730000000003,17300,2020,M13,7.1
LAUMT471730000000003,17300,2019,M13,3.9
LAUMT471730000000003,17300,2018,M13,4.0
LAUMT471730000000003,17300,2017,M13,4.4
LAUMT471730000000003,17300,2016,M13,5.1
LAUMT471730000000003,17300,2015,M13,5.9
LAUMT471730000000003,17300,2024,M12,3.8
LAUMT391741000000003,17410,2024,M13,3.8
LAUMT391741000000003,17410,2023,M13,3.7
LAUMT391741000000003,17410,2022,M13,4.5
LAUMT391741000000003,17410,2021,M13,5.8
LAUMT391741000000003,17410,2020,M13,9.7
LAUMT391741000000003,17410,2019,M13,4.1
LAUMT391741000000003,17410,2018,M13,4.7
LAUMT391741000000003,17410,2017,M13,5.5
LAUMT391741000000003,17410,2016,M13,5.4
LAUMT391741000000003,17410,2015,M13,5.1
LAUMT391741000000003,17410,2024,M12,3.4
LAUMT471742000000003,17420,2024,M13,3.7
LAUMT471742000000003,17420,2023,M13,3.5
LAUMT471742000000003,17420,2022,M13,3.6
LAUMT471742000000003,17420,2021,M13,4.3
LAUMT471742000000003,17420,2020,M13,6.7
LAUMT471742000000003,17420,2019,M13,3.5
LAUMT471742000000003,17420,2018,M13,3.7
LAUMT471742000000003,17420,2017,M13,3.8
LAUMT471742000000003,17420,2016,M13,4.6
LAUMT471742000000003,17420,2015,M13,5.3
LAUMT471742000000003,17420,2024,M12,3.6
LAUMT161766000000003,17660,2024,M13,4.3
LAUMT161766000000003,17660,2023,M13,3.7
LAUMT161766000000003,17660,2022,M13,3.4
LAUMT161766000000003,17660,2021,M13,4.2
LAUMT161766000000003,17660,2020,M13,7.1
LAUMT161766000000003,17660,2019,M13,3.5
LAUMT161766000000003,17660,2018,M13,3.5
LAUMT161766000000003,17660,2017,M13,3.8
LAUMT161766000000003,17660,2016,M13,4.5
LAUMT161766000000003,17660,2015,M13,4.8
LAUMT161766000000003,17660,2024,M12,4.6
LAUMT481778000000003,17780,2024,M13,3.5
LAUMT481778000000003,17780,2023,M13,3.5
LAUMT481778000000003,17780,2022,M13,3.4
LAUMT481778000000003,17780,2021,M13,4.5
LAUMT481778000000003,17780,2020,M13,5.7
LAUMT481778000000003,17780,2019,M13,3.0
LAUMT481778000000003,17780,2018,M13,3.2
LAUMT481778000000003,17780,2017,M13,3.5
LAUMT481778000000003,17780,2016,M13,3.8
LAUMT481778000000003,17780,2015,M13,3.5
LAUMT481778000000003,17780,2024,M12,3.0
LAUMT081782000000003,17820,2024,M13,4.1
LAUMT081782000000003,17820,2023,M13,3.3
LAUMT081782000000003,17820,2022,M13,3.2
LAUMT081782000000003,17820,2021,M13,5.6
LAUMT081782000000003,17820,2020,M13,6.6
LAUMT081782000000003,17820,2019,M13,3.1
LAUMT081782000000003,17820,2018,M13,3.5
LAUMT081782000000003,17820,2017,M13,2.9
LAUMT081782000000003,17820,2016,M13,3.5
LAUMT081782000000003,17820,2015,M13,4.4
LAUMT081782000000003,17820,2024,M12,4.2
LAUMT291786000000003,17860,2024,M13,3.2
LAUMT291786000000003,17860,2023,M13,2.7
LAUMT291786000000003,17860,2022,M13,2.1
LAUMT291786000000003,17860,2021,M13,2.9
LAUMT291786000000003,17860,2020,M13,4.4
LAUMT291786000000003,17860,2019,M13,2.5
LAUMT291786000000003,17860,2018,M13,2.4
LAUMT291786000000003,17860,2017,M13,2.8
LAUMT291786000000003,17860,2016,M13,3.5
LAUMT291786000000003,17860,2015,M13,3.8
LAUMT291786000000003,17860,2024,M12,2.7
LAUMT451790000000003,17900,2024,M13,4.0
LAUMT451790000000003,17900,2023,M13,2.9
LAUMT451790000000003,17900,2022,M13,3.1
LAUMT451790000000003,17900,2021,M13,3.7
LAUMT451790000000003,17900,2020,M13,5.2
LAUMT451790000000003,17900,2019,M13,2.6
LAUMT451790000000003,17900,2018,M13,3.3
LAUMT451790000000003,17900,2017,M13,4.1
LAUMT451790000000003,17900,2016,M13,4.6
LAUMT451790000000003,17900,2015,M13,5.4
LAUMT451790000000003,17900,2024,M12,3.8
LAUMT131798000000003,17980,2024,M13,3.9
LAUMT131798000000003,17980,2023,M13,3.6
LAUMT131798000000003,17980,2022,M13,3.6
LAUMT131798000000003,17980,2021,M13,4.3
LAUMT131798000000003,17980,2020,M13,6.7
LAUMT131798000000003,17980,2019,M13,4.2
LAUMT131798000000003,17980,2018,M13,4.6
LAUMT131798000000003,17980,2017,M13,5.4
LAUMT131798000000003,17980,2016,M13,6.2
LAUMT131798000000003,17980,2015,M13,7.0
LAUMT131798000000003,17980,2024,M12,3.6
LAUMT181802000000003,18020,2024,M13,3.9
LAUMT181802000000003,18020,2023,M13,3.2
LAUMT181802000000003,18020,2022,M13,2.7
LAUMT181802000000003,18020,2021,M13,3.5
LAUMT181802000000003,18020,2020,M13,7.4
LAUMT181802000000003,18020,2019,M13,2.7
LAUMT181802000000003,18020,2018,M13,2.9
LAUMT181802000000003,18020,2017,M13,3.0
LAUMT181802000000003,18020,2016,M13,3.7
LAUMT181802000000003,18020,2015,M13,3.6
LAUMT181802000000003,18020,2024,M12,3.5
LAUMT391814000000003,18140,2024,M13,4.1
LAUMT391814000000003,18140,2023,M13,3.3
LAUMT391814000000003,18140,2022,M13,3.4
LAUMT391814000000003,18140,2021,M13,4.8
LAUMT391814000000003,18140,2020,M13,7.1
LAUMT391814000000003,18140,2019,M13,3.6
LAUMT391814000000003,18140,2018,M13,3.8
LAUMT391814000000003,18140,2017,M13,4.1
LAUMT391814000000003,18140,2016,M13,4.2
LAUMT391814000000003,18140,2015,M13,4.2
LAUMT391814000000003,18140,2024,M12,4.2
LAUMT481858000000003,18580,2024,M13,4.3
LAUMT481858000000003,18580,2023,M13,4.3
LAUMT481858000000003,18580,2022,M13,4.9
LAUMT481858000000003,18580,2021,M13,7.1
LAUMT481858000000003,18580,2020,M13,9.2
LAUMT481858000000003,18580,2019,M13,4.3
LAUMT481858000000003,18580,2018,M13,5.0
LAUMT481858000000003,18580,2017,M13,5.9
LAUMT481858000000003,18580,2016,M13,6.0
LAUMT481858000000003,18580,2015,M13,5.2
LAUMT481858000000003,18580,2024,M12,3.9
LAUMT411870000000003,18700,2024,M13,3.7
LAUMT411870000000003,18700,2023,M13,3.2
LAUMT411870000000003,18700,2022,M13,3.5
LAUMT411870000000003,18700,2021,M13,3.9
LAUMT411870000000003,18700,2020,M13,5.6
LAUMT411870000000003,18700,2019,M13,3.1
LAUMT411870000000003,18700,2018,M13,3.2
LAUMT411870000000003,18700,2017,M13,3.3
LAUMT411870000000003,18700,2016,M13,4.0
LAUMT411870000000003,18700,2015,M13,4.1
LAUMT411870000000003,18700,2024,M12,4.1
LAUMT121888000000003,18880,2024,M13,3.1
LAUMT121888000000003,18880,2023,M13,2.6
LAUMT121888000000003,18880,2022,M13,2.6
LAUMT121888000000003,18880,2021,M13,3.5
LAUMT121888000000003,18880,2020,M13,5.7
LAUMT121888000000003,18880,2019,M13,2.8
LAUMT121888000000003,18880,2018,M13,3.0
LAUMT121888000000003,18880,2017,M13,3.5
LAUMT121888000000003,18880,2016,M13,4.1
LAUMT121888000000003,18880,2015,M13,4.6
LAUMT121888000000003,18880,2024,M12,3.0
LAUMT131914000000003,19140,2024,M13,3.9
LAUMT131914000000003,19140,2023,M13,3.5
LAUMT131914000000003,19140,2022,M13,3.5
LAUMT131914000000003,19140,2021,M13,3.6
LAUMT131914000000003,19140,2020,M13,6.5
LAUMT131914000000003,19140,2019,M13,4.2
LAUMT131914000000003,19140,2018,M13,4.4
LAUMT131914000000003,19140,2017,M13,5.0
LAUMT131914000000003,19140,2016,M13,5.7
LAUMT131914000000003,19140,2015,M13,6.7
LAUMT131914000000003,19140,2024,M12,5.8
LAUMT011930000000003,19300,2024,M13,2.7
LAUMT011930000000003,19300,2023,M13,2.2
LAUMT011930000000003,19300,2022,M13,2.2
LAUMT011930000000003,19300,2021,M13,2.7
LAUMT011930000000003,19300,2020,M13,5.7
LAUMT011930000000003,19300,2019,M13,2.7
LAUMT011930000000003,19300,2018,M13,3.3
LAUMT011930000000003,19300,2017,M13,3.8
LAUMT011930000000003,19300,2016,M13,4.9
LAUMT011930000000003,19300,2015,M13,5.5
LAUMT011930000000003,19300,2024,M12,2.6
LAUMT391943000000003,19430,2024,M13,4.4
LAUMT391943000000003,19430,2023,M13,3.7
LAUMT391943000000003,19430,2022,M13,3.9
LAUMT391943000000003,19430,2021,M13,5.3
LAUMT391943000000003,19430,2020,M13,7.9
LAUMT391943000000003,19430,2019,M13,4.0
LAUMT391943000000003,19430,2018,M13,4.3
LAUMT391943000000003,19430,2017,M13,4.6
LAUMT391943000000003,19430,2016,M13,4.7
LAUMT391943000000003,19430,2015,M13,4.9
LAUMT391943000000003,19430,2024,M12,4.6
LAUMT011946000000003,19460,2024,M13,2.5
LAUMT011946000000003,19460,2023,M13,2.1
LAUMT011946000000003,19460,2022,M13,2.2
LAUMT011946000000003,19460,2021,M13,2.7
LAUMT011946000000003,19460,2020,M13,5.1
LAUMT011946000000003,19460,2019,M13,2.9
LAUMT011946000000003,19460,2018,M13,3.7
LAUMT011946000000003,19460,2017,M13,4.5
LAUMT011946000000003,19460,2016,M13,5.9
LAUMT011946000000003,19460,2015,M13,6.3
LAUMT011946000000003,19460,2024,M12,2.4
LAUMT171950000000003,19500,2024,M13,5.8
LAUMT171950000000003,19500,2023,M13,6.1
LAUMT171950000000003,19500,2022,M13,5.8
LAUMT171950000000003,19500,2021,M13,7.7
LAUMT171950000000003,19500,2020,M13,9.8
LAUMT171950000000003,19500,2019,M13,5.2
LAUMT171950000000003,19500,2018,M13,5.7
LAUMT171950000000003,19500,2017,M13,5.6
LAUMT171950000000003,19500,2016,M13,6.6
LAUMT171950000000003,19500,2015,M13,6.9
LAUMT171950000000003,19500,2024,M12,5.1
LAUMT121966000000003,19660,2024,M13,3.9
LAUMT121966000000003,19660,2023,M13,3.4
LAUMT121966000000003,19660,2022,M13,3.4
LAUMT121966000000003,19660,2021,M13,4.9
LAUMT121966000000003,19660,2020,M13,8.1
LAUMT121966000000003,19660,2019,M13,3.6
LAUMT121966000000003,19660,2018,M13,3.9
LAUMT121966000000003,19660,2017,M13,4.6
LAUMT121966000000003,19660,2016,M13,5.3
LAUMT121966000000003,19660,2015,M13,6.0
LAUMT121966000000003,19660,2024,M12,3.7
LAUMT081974000000003,19740,2024,M13,4.1
LAUMT081974000000003,19740,2023,M13,3.2
LAUMT081974000000003,19740,2022,M13,3.0
LAUMT081974000000003,19740,2021,M13,5.5
LAUMT081974000000003,19740,2020,M13,6.9
LAUMT081974000000003,19740,2019,M13,2.5
LAUMT081974000000003,19740,2018,M13,2.9
LAUMT081974000000003,19740,2017,M13,2.5
LAUMT081974000000003,19740,2016,M13,2.9
LAUMT081974000000003,19740,2015,M13,3.5
LAUMT081974000000003,19740,2024,M12,4.2
LAUMT191978000000003,19780,2024,M13,3.1
LAUMT191978000000003,19780,2023,M13,2.8
LAUMT191978000000003,19780,2022,M13,2.7
LAUMT191978000000003,19780,2021,M13,3.8
LAUMT191978000000003,19780,2020,M13,5.3
LAUMT191978000000003,19780,2019,M13,2.6
LAUMT191978000000003,19780,2018,M13,2.5
LAUMT191978000000003,19780,2017,M13,2.9
LAUMT191978000000003,19780,2016,M13,3.3
LAUMT191978000000003,19780,2015,M13,3.6
LAUMT191978000000003,19780,2024,M12,3.3
LAUMT012002000000003,20020,2024,M13,3.0
LAUMT012002000000003,20020,2023,M13,2.5
LAUMT012002000000003,20020,2022,M13,2.5
LAUMT012002000000003,20020,2021,M13,3.2
LAUMT012002000000003,20020,2020,M13,5.5
LAUMT012002000000003,20020,2019,M13,3.2
LAUMT012002000000003,20020,2018,M13,4.0
LAUMT012002000000003,20020,2017,M13,4.4
LAUMT012002000000003,20020,2016,M13,5.7
LAUMT012002000000003,20020,2015,M13,6.3
LAUMT012002000000003,20020,2024,M12,2.9
LAUMT102010000000003,20100,2024,M13,4.3
LAUMT102010000000003,20100,2023,M13,4.2
LAUMT102010000000003,20100,2022,M13,4.6
LAUMT102010000000003,20100,2021,M13,6.0
LAUMT102010000000003,20100,2020,M13,7.9
LAUMT102010000000003,20100,2019,M13,3.7
LAUMT102010000000003,20100,2018,M13,3.8
LAUMT102010000000003,20100,2017,M13,4.5
LAUMT102010000000003,20100,2016,M13,4.6
LAUMT102010000000003,20100,2015,M13,5.3
LAUMT102010000000003,20100,2024,M12,3.9
LAUMT192022000000003,20220,2024,M13,3.4
LAUMT192022000000003,20220,2023,M13,3.0
LAUMT192022000000003,20220,2022,M13,3.1
LAUMT192022000000003,20220,2021,M13,4.2
LAUMT192022000000003,20220,2020,M13,6.0
LAUMT192022000000003,20220,2019,M13,2.7
LAUMT192022000000003,20220,2018,M13,2.6
LAUMT192022000000003,20220,2017,M13,3.1
LAUMT192022000000003,20220,2016,M13,3.7
LAUMT192022000000003,20220,2015,M13,3.6
LAUMT192022000000003,20220,2024,M12,3.7
LAUMT272026000000003,20260,2024,M13,3.6
LAUMT272026000000003,20260,2023,M13,3.4
LAUMT272026000000003,20260,2022,M13,3.2
LAUMT272026000000003,20260,2021,M13,4.2
LAUMT272026000000003,20260,2020,M13,7.7
LAUMT272026000000003,20260,2019,M13,4.2
LAUMT272026000000003,20260,2018,M13,3.9
LAUMT272026000000003,20260,2017,M13,4.6
LAUMT272026000000003,20260,2016,M13,5.6
LAUMT272026000000003,20260,2015,M13,5.0
LAUMT272026000000003,20260,2024,M12,3.6
LAUMT372050000000003,20500,2024,M13,3.2
LAUMT372050000000003,20500,2023,M13,3.1
LAUMT372050000000003,20500,2022,M13,3.2
LAUMT372050000000003,20500,2021,M13,4.1
LAUMT372050000000003,20500,2020,M13,6.1
LAUMT372050000000003,20500,2019,M13,3.5
LAUMT372050000000003,20500,2018,M13,3.6
LAUMT372050000000003,20500,2017,M13,4.0
LAUMT372050000000003,20500,2016,M13,4.5
LAUMT372050000000003,20500,2015,M13,4.9
LAUMT372050000000003,20500,2024,M12,2.9
LAUMT552074000000003,20740,2024,M13,2.9
LAUMT552074000000003,20740,2023,M13,2.8
LAUMT552074000000003,20740,2022,M13,2.8
LAUMT552074000000003,20740,2021,M13,3.5
LAUMT552074000000003,20740,2020,M13,6.0
LAUMT552074000000003,20740,2019,M13,3.2
LAUMT552074000000003,20740,2018,M13,2.9
LAUMT552074000000003,20740,2017,M13,3.1
LAUMT552074000000003,20740,2016,M13,3.6
LAUMT552074000000003,20740,2015,M13,4.0
LAUMT552074000000003,20740,2024,M12,3.0
LAUMT062094000000003,20940,2024,M13,18.4
LAUMT062094000000003,20940,2023,M13,17.6
LAUMT062094000000003,20940,2022,M13,15.3
LAUMT062094000000003,20940,2021,M13,18.0
LAUMT062094000000003,20940,2020,M13,23.2
LAUMT062094000000003,20940,2019,M13,21.1
LAUMT062094000000003,20940,2018,M13,19.0
LAUMT062094000000003,20940,2017,M13,19.9
LAUMT062094000000003,20940,2016,M13,24.5
LAUMT062094000000003,20940,2015,M13,24.6
LAUMT062094000000003,20940,2024,M12,18.4
LAUMT212106000000003,21060,2024,M13,4.9
LAUMT212106000000003,21060,2023,M13,4.3
LAUMT212106000000003,21060,2022,M13,4.3
LAUMT212106000000003,21060,2021,M13,4.5
LAUMT212106000000003,21060,2020,M13,6.9
LAUMT212106000000003,21060,2019,M13,3.9
LAUMT212106000000003,21060,2018,M13,4.0
LAUMT212106000000003,21060,2017,M13,4.4
LAUMT212106000000003,21060,2016,M13,4.4
LAUMT212106000000003,21060,2015,M13,4.9
LAUMT212106000000003,21060,2024,M12,4.7
LAUMT182114000000003,21140,2024,M13,4.8
LAUMT182114000000003,21140,2023,M13,4.5
LAUMT182114000000003,21140,2022,M13,2.8
LAUMT182114000000003,21140,2021,M13,3.1
LAUMT182114000000003,21140,2020,M13,8.4
LAUMT182114000000003,21140,2019,M13,3.4
LAUMT182114000000003,21140,2018,M13,2.8
LAUMT182114000000003,21140,2017,M13,2.8
LAUMT182114000000003,21140,2016,M13,3.8
LAUMT182114000000003,21140,2015,M13,3.9
LAUMT182114000000003,21140,2024,M12,4.0
LAUMT362130000000003,21300,2024,M13,3.7
LAUMT362130000000003,21300,2023,M13,3.6
LAUMT362130000000003,21300,2022,M13,3.5
LAUMT362130000000003,21300,2021,M13,5.1
LAUMT362130000000003,21300,2020,M13,8.1
LAUMT362130000000003,21300,2019,M13,3.9
LAUMT362130000000003,21300,2018,M13,4.4
LAUMT362130000000003,21300,2017,M13,5.2
LAUMT362130000000003,21300,2016,M13,5.5
LAUMT362130000000003,21300,2015,M13,5.9
LAUMT362130000000003,21300,2024,M12,3.6
LAUMT482134000000003,21340,2024,M13,4.2
LAUMT482134000000003,21340,2023,M13,4.2
LAUMT482134000000003,21340,2022,M13,4.2
LAUMT482134000000003,21340,2021,M13,6.0
LAUMT482134000000003,21340,2020,M13,8.0
LAUMT482134000000003,21340,2019,M13,3.7
LAUMT482134000000003,21340,2018,M13,4.1
LAUMT482134000000003,21340,2017,M13,4.5
LAUMT482134000000003,21340,2016,M13,4.8
LAUMT482134000000003,21340,2015,M13,5.2
LAUMT482134000000003,21340,2024,M12,3.8
LAUMT402142000000003,21420,2024,M13,3.1
LAUMT402142000000003,21420,2023,M13,3.0
LAUMT402142000000003,21420,2022,M13,2.7
LAUMT402142000000003,21420,2021,M13,3.4
LAUMT402142000000003,21420,2020,M13,5.4
LAUMT402142000000003,21420,2019,M13,2.8
LAUMT402142000000003,21420,2018,M13,2.8
LAUMT402142000000003,21420,2017,M13,3.5
LAUMT402142000000003,21420,2016,M13,4.1
LAUMT402142000000003,21420,2015,M13,3.8
LAUMT402142000000003,21420,2024,M12,2.7
LAUMT422150000000003,21500,2024,M13,4.0
LAUMT422150000000003,21500,2023,M13,4.1
LAUMT422150000000003,21500,2022,M13,4.7
LAUMT422150000000003,21500,2021,M13,6.7
LAUMT422150000000003,21500,2020,M13,9.5
LAUMT422150000000003,21500,2019,M13,4.5
LAUMT422150000000003,21500,2018,M13,4.8
LAUMT422150000000003,21500,2017,M13,5.8
LAUMT422150000000003,21500,2016,M13,6.4
LAUMT422150000000003,21500,2015,M13,5.6
LAUMT422150000000003,21500,2024,M12,4.3
LAUMT412166000000003,21660,2024,M13,4.3
LAUMT412166000000003,21660,2023,M13,3.9
LAUMT412166000000003,21660,2022,M13,4.3
LAUMT412166000000003,21660,2021,M13,5.4
LAUMT412166000000003,21660,2020,M13,7.8
LAUMT412166000000003,21660,2019,M13,4.0
LAUMT412166000000003,21660,2018,M13,4.3
LAUMT412166000000003,21660,2017,M13,4.3
LAUMT412166000000003,21660,2016,M13,5.0
LAUMT412166000000003,21660,2015,M13,5.7
LAUMT412166000000003,21660,2024,M12,4.6
LAUMT182178000000003,21780,2024,M13,3.7
LAUMT182178000000003,21780,2023,M13,3.2
LAUMT182178000000003,21780,2022,M13,3.0
LAUMT182178000000003,21780,2021,M13,3.7
LAUMT182178000000003,21780,2020,M13,6.8
LAUMT182178000000003,21780,2019,M13,3.0
LAUMT182178000000003,21780,2018,M13,3.1
LAUMT182178000000003,21780,2017,M13,3.2
LAUMT182178000000003,21780,2016,M13,4.1
LAUMT182178000000003,21780,2015,M13,4.2
LAUMT182178000000003,21780,2024,M12,3.2
LAUMT022182000000003,21820,2024,M13,4.0
LAUMT022182000000003,21820,2023,M13,3.8
LAUMT022182000000003,21820,2022,M13,4.0
LAUMT022182000000003,21820,2021,M13,5.1
LAUMT022182000000003,21820,2020,M13,6.7
LAUMT022182000000003,21820,2019,M13,4.9
LAUMT022182000000003,21820,2018,M13,5.3
LAUMT022182000000003,21820,2017,M13,5.8
LAUMT022182000000003,21820,2016,M13,5.7
LAUMT022182000000003,21820,2015,M13,5.3
LAUMT022182000000003,21820,2024,M12,4.0
LAUMT382202000000003,22020,2024,M13,2.3
LAUMT382202000000003,22020,2023,M13,1.9
LAUMT382202000000003,22020,2022,M13,1.8
LAUMT382202000000003,22020,2021,M13,2.5
LAUMT382202000000003,22020,2020,M13,4.2
LAUMT382202000000003,22020,2019,M13,2.1
LAUMT382202000000003,22020,2018,M13,2.3
LAUMT382202000000003,22020,2017,M13,2.3
LAUMT382202000000003,22020,2016,M13,2.5
LAUMT382202000000003,22020,2015,M13,2.5
LAUMT382202000000003,22020,2024,M12,2.4
LAUMT352214000000003,22140,2024,M13,4.6
LAUMT352214000000003,22140,2023,M13,4.2
LAUMT352214000000003,22140,2022,M13,4.8
LAUMT352214000000003,22140,2021,M13,8.6
LAUMT352214000000003,22140,2020,M13,9.6
LAUMT352214000000003,22140,2019,M13,5.9
LAUMT352214000000003,22140,2018,M13,5.9
LAUMT352214000000003,22140,2017,M13,7.7
LAUMT352214000000003,22140,2016,M13,9.4
LAUMT352214000000003,22140,2015,M13,7.0
LAUMT352214000000003,22140,2024,M12,3.9
LAUMT372218000000003,22180,2024,M13,4.5
LAUMT372218000000003,22180,2023,M13,4.4
LAUMT372218000000003,22180,2022,M13,4.9
LAUMT372218000000003,22180,2021,M13,6.5
LAUMT372218000000003,22180,2020,M13,8.9
LAUMT372218000000003,22180,2019,M13,4.8
LAUMT372218000000003,22180,2018,M13,5.0
LAUMT372218000000003,22180,2017,M13,5.5
LAUMT372218000000003,22180,2016,M13,6.2
LAUMT372218000000003,22180,2015,M13,7.3
LAUMT372218000000003,22180,2024,M12,4.2
LAUMT052222000000003,22220,2024,M13,2.8
LAUMT052222000000003,22220,2023,M13,2.5
LAUMT052222000000003,22220,2022,M13,2.4
LAUMT052222000000003,22220,2021,M13,3.0
LAUMT052222000000003,22220,2020,M13,4.6
LAUMT052222000000003,22220,2019,M13,2.5
LAUMT052222000000003,22220,2018,M13,2.8
LAUMT052222000000003,22220,2017,M13,2.8
LAUMT052222000000003,22220,2016,M13,2.9
LAUMT052222000000003,22220,2015,M13,3.6
LAUMT052222000000003,22220,2024,M12,2.8
LAUMT042238000000003,22380,2024,M13,3.9
LAUMT042238000000003,22380,2023,M13,4.1
LAUMT042238000000003,22380,2022,M13,4.4
LAUMT042238000000003,22380,2021,M13,6.3
LAUMT042238000000003,22380,2020,M13,9.9
LAUMT042238000000003,22380,2019,M13,5.9
LAUMT042238000000003,22380,2018,M13,5.7
LAUMT042238000000003,22380,2017,M13,5.9
LAUMT042238000000003,22380,2016,M13,6.4
LAUMT042238000000003,22380,2015,M13,6.5
LAUMT042238000000003,22380,2024,M12,4.1
LAUMT262242000000003,22420,2024,M13,5.6
LAUMT262242000000003,22420,2023,M13,4.9
LAUMT262242000000003,22420,2022,M13,5.3
LAUMT262242000000003,22420,2021,M13,7.1
LAUMT262242000000003,22420,2020,M13,11.4
LAUMT262242000000003,22420,2019,M13,5.0
LAUMT262242000000003,22420,2018,M13,4.9
LAUMT262242000000003,22420,2017,M13,5.6
LAUMT262242000000003,22420,2016,M13,5.6
LAUMT262242000000003,22420,2015,M13,6.2
LAUMT262242000000003,22420,2024,M12,5.9
LAUMT452250000000003,22500,2024,M13,4.5
LAUMT452250000000003,22500,2023,M13,3.2
LAUMT452250000000003,22500,2022,M13,3.5
LAUMT452250000000003,22500,2021,M13,4.4
LAUMT452250000000003,22500,2020,M13,6.1
LAUMT452250000000003,22500,2019,M13,3.2
LAUMT452250000000003,22500,2018,M13,4.0
LAUMT452250000000003,22500,2017,M13,5.0
LAUMT452250000000003,22500,2016,M13,5.9
LAUMT452250000000003,22500,2015,M13,6.7
LAUMT452250000000003,22500,2024,M12,4.3
LAUMT012252000000003,22520,2024,M13,3.2
LAUMT012252000000003,22520,2023,M13,2.6
LAUMT012252000000003,22520,2022,M13,2.7
LAUMT012252000000003,22520,2021,M13,3.4
LAUMT012252000000003,22520,2020,M13,6.4
LAUMT012252000000003,22520,2019,M13,3.6
LAUMT012252000000003,22520,2018,M13,4.2
LAUMT012252000000003,22520,2017,M13,4.9
LAUMT012252000000003,22520,2016,M13,6.4
LAUMT012252000000003,22520,2015,M13,7.3
LAUMT012252000000003,22520,2024,M12,3.0
LAUMT552254000000003,22540,2024,M13,3.0
LAUMT552254000000003,22540,2023,M13,2.5
LAUMT552254000000003,22540,2022,M13,2.5
LAUMT552254000000003,22540,2021,M13,3.3
LAUMT552254000000003,22540,2020,M13,6.0
LAUMT552254000000003,22540,2019,M13,2.8
LAUMT552254000000003,22540,2018,M13,2.7
LAUMT552254000000003,22540,2017,M13,2.9
LAUMT552254000000003,22540,2016,M13,3.5
LAUMT552254000000003,22540,2015,M13,4.0
LAUMT552254000000003,22540,2024,M12,2.7
LAUMT082266000000003,22660,2024,M13,3.9
LAUMT082266000000003,22660,2023,M13,3.1
LAUMT082266000000003,22660,2022,M13,2.9
LAUMT082266000000003,22660,2021,M13,5.0
LAUMT082266000000003,22660,2020,M13,6.1
LAUMT082266000000003,22660,2019,M13,2.4
LAUMT082266000000003,22660,2018,M13,2.7
LAUMT082266000000003,22660,2017,M13,2.4
LAUMT082266000000003,22660,2016,M13,2.8
LAUMT082266000000003,22660,2015,M13,3.2
LAUMT082266000000003,22660,2024,M12,3.9
LAUMT052290000000003,22900,2024,M13,3.5
LAUMT052290000000003,22900,2023,M13,3.2
LAUMT052290000000003,22900,2022,M13,3.0
LAUMT052290000000003,22900,2021,M13,3.7
LAUMT052290000000003,22900,2020,M13,5.9
LAUMT052290000000003,22900,2019,M13,3.3
LAUMT052290000000003,22900,2018,M13,3.5
LAUMT052290000000003,22900,2017,M13,3.8
LAUMT052290000000003,22900,2016,M13,4.1
LAUMT052290000000003,22900,2015,M13,5.1
LAUMT052290000000003,22900,2024,M12,3.4
LAUMT182306000000003,23060,2024,M13,3.8
LAUMT182306000000003,23060,2023,M13,3.1
LAUMT182306000000003,23060,2022,M13,2.8
LAUMT182306000000003,23060,2021,M13,3.8
LAUMT182306000000003,23060,2020,M13,7.4
LAUMT182306000000003,23060,2019,M13,3.0
LAUMT182306000000003,23060,2018,M13,3.0
LAUMT182306000000003,23060,2017,M13,3.2
LAUMT182306000000003,23060,2016,M13,4.0
LAUMT182306000000003,23060,2015,M13,4.5
LAUMT182306000000003,23060,2024,M12,3.3
LAUMT062342000000003,23420,2024,M13,7.8
LAUMT062342000000003,23420,2023,M13,7.3
LAUMT062342000000003,23420,2022,M13,6.5
LAUMT062342000000003,23420,2021,M13,9.2
LAUMT062342000000003,23420,2020,M13,11.6
LAUMT062342000000003,23420,2019,M13,7.3
LAUMT062342000000003,23420,2018,M13,7.6
LAUMT062342000000003,23420,2017,M13,8.6
LAUMT062342000000003,23420,2016,M13,9.6
LAUMT062342000000003,23420,2015,M13,10.3
LAUMT062342000000003,23420,2024,M12,7.9
LAUMT012346000000003,23460,2024,M13,3.2
LAUMT012346000000003,23460,2023,M13,2.5
LAUMT012346000000003,23460,2022,M13,2.7
LAUMT012346000000003,23460,2021,M13,3.8
LAUMT012346000000003,23460,2020,M13,7.9
LAUMT012346000000003,23460,2019,M13,3.4
LAUMT012346000000003,23460,2018,M13,3.8
LAUMT012346000000003,23460,2017,M13,4.4
LAUMT012346000000003,23460,2016,M13,5.5
LAUMT012346000000003,23460,2015,M13,6.2
LAUMT012346000000003,23460,2024,M12,3.1
LAUMT122354000000003,23540,2024,M13,3.8
LAUMT122354000000003,23540,2023,M13,3.3
LAUMT122354000000003,23540,2022,M13,3.1
LAUMT122354000000003,23540,2021,M13,4.1
LAUMT122354000000003,23540,2020,M13,5.8
LAUMT122354000000003,23540,2019,M13,3.2
LAUMT122354000000003,23540,2018,M13,3.5
LAUMT122354000000003,23540,2017,M13,4.0
LAUMT122354000000003,23540,2016,M13,4.6
LAUMT122354000000003,23540,2015,M13,4.8
LAUMT122354000000003,23540,2024,M12,3.5
LAUMT132358000000003,23580,2024,M13,2.7
LAUMT132358000000003,23580,2023,M13,2.6
LAUMT132358000000003,23580,2022,M13,2.6
LAUMT132358000000003,23580,2021,M13,2.8
LAUMT132358000000003,23580,2020,M13,4.9
LAUMT132358000000003,23580,2019,M13,3.0
LAUMT132358000000003,23580,2018,M13,3.3
LAUMT132358000000003,23580,2017,M13,4.1
LAUMT132358000000003,23580,2016,M13,4.7
LAUMT132358000000003,23580,2015,M13,4.9
LAUMT132358000000003,23580,2024,M12,2.4
LAUMT422390000000003,23900,2024,M13,3.2
LAUMT422390000000003,23900,2023,M13,3.0
LAUMT422390000000003,23900,2022,M13,3.4
LAUMT422390000000003,23900,2021,M13,4.4
LAUMT422390000000003,23900,2020,M13,7.1
LAUMT422390000000003,23900,2019,M13,3.4
LAUMT422390000000003,23900,2018,M13,3.6
LAUMT422390000000003,23900,2017,M13,3.9
LAUMT422390000000003,23900,2016,M13,4.1
LAUMT422390000000003,23900,2015,M13,4.3
LAUMT422390000000003,23900,2024,M12,2.9
LAUMT362402000000003,24020,2024,M13,3.5
LAUMT362402000000003,24020,2023,M13,3.3
LAUMT362402000000003,24020,2022,M13,3.3
LAUMT362402000000003,24020,2021,M13,4.7
LAUMT362402000000003,24020,2020,M13,7.5
LAUMT362402000000003,24020,2019,M13,4.1
LAUMT362402000000003,24020,2018,M13,4.3
LAUMT362402000000003,24020,2017,M13,4.9
LAUMT362402000000003,24020,2016,M13,5.0
LAUMT362402000000003,24020,2015,M13,5.3
LAUMT362402000000003,24020,2024,M12,3.6
LAUMT372414000000003,24140,2024,M13,3.7
LAUMT372414000000003,24140,2023,M13,3.7
LAUMT372414000000003,24140,2022,M13,4.0
LAUMT372414000000003,24140,2021,M13,5.0
LAUMT372414000000003,24140,2020,M13,6.4
LAUMT372414000000003,24140,2019,M13,4.0
LAUMT372414000000003,24140,2018,M13,4.3
LAUMT372414000000003,24140,2017,M13,5.0
LAUMT372414000000003,24140,2016,M13,5.8
LAUMT372414000000003,24140,2015,M13,6.0
LAUMT372414000000003,24140,2024,M12,3.4
LAUMT382422000000003,24220,2024,M13,2.4
LAUMT382422000000003,24220,2023,M13,2.2
LAUMT382422000000003,24220,2022,M13,2.1
LAUMT382422000000003,24220,2021,M13,3.1
LAUMT382422000000003,24220,2020,M13,4.8
LAUMT382422000000003,24220,2019,M13,2.5
LAUMT382422000000003,24220,2018,M13,2.6
LAUMT382422000000003,24220,2017,M13,2.7
LAUMT382422000000003,24220,2016,M13,2.9
LAUMT382422000000003,24220,2015,M13,3.0
LAUMT382422000000003,24220,2024,M12,2.5
LAUMT312426000000003,24260,2024,M13,3.0
LAUMT312426000000003,24260,2023,M13,2.2
LAUMT312426000000003,24260,2022,M13,2.2
LAUMT312426000000003,24260,2021,M13,2.9
LAUMT312426000000003,24260,2020,M13,5.3
LAUMT312426000000003,24260,2019,M13,3.5
LAUMT312426000000003,24260,2018,M13,3.1
LAUMT312426000000003,24260,2017,M13,3.2
LAUMT312426000000003,24260,2016,M13,3.6
LAUMT312426000000003,24260,2015,M13,3.9
LAUMT312426000000003,24260,2024,M12,3.0
LAUMT082430000000003,24300,2024,M13,4.3
LAUMT082430000000003,24300,2023,M13,3.5
LAUMT082430000000003,24300,2022,M13,3.4
LAUMT082430000000003,24300,2021,M13,5.8
LAUMT082430000000003,24300,2020,M13,6.9
LAUMT082430000000003,24300,2019,M13,3.2
LAUMT082430000000003,24300,2018,M13,3.7
LAUMT082430000000003,24300,2017,M13,3.6
LAUMT082430000000003,24300,2016,M13,5.0
LAUMT082430000000003,24300,2015,M13,5.3
LAUMT082430000000003,24300,2024,M12,4.3
LAUMT262434000000003,24340,2024,M13,4.0
LAUMT262434000000003,24340,2023,M13,3.4
LAUMT262434000000003,24340,2022,M13,3.5
LAUMT262434000000003,24340,2021,M13,4.5
LAUMT262434000000003,24340,2020,M13,7.9
LAUMT262434000000003,24340,2019,M13,3.0
LAUMT262434000000003,24340,2018,M13,3.1
LAUMT262434000000003,24340,2017,M13,3.5
LAUMT262434000000003,24340,2016,M13,3.7
LAUMT262434000000003,24340,2015,M13,3.9
LAUMT262434000000003,24340,2024,M12,4.2
LAUMT412442000000003,24420,2024,M13,5.9
LAUMT412442000000003,24420,2023,M13,5.3
LAUMT412442000000003,24420,2022,M13,5.5
LAUMT412442000000003,24420,2021,M13,6.4
LAUMT412442000000003,24420,2020,M13,8.2
LAUMT412442000000003,24420,2019,M13,5.1
LAUMT412442000000003,24420,2018,M13,5.6
LAUMT412442000000003,24420,2017,M13,5.5
LAUMT412442000000003,24420,2016,M13,6.6
LAUMT412442000000003,24420,2015,M13,7.5
LAUMT412442000000003,24420,2024,M12,6.2
LAUMT302450000000003,24500,2024,M13,3.0
LAUMT302450000000003,24500,2023,M13,2.7
LAUMT302450000000003,24500,2022,M13,2.6
LAUMT302450000000003,24500,2021,M13,3.3
LAUMT302450000000003,24500,2020,M13,5.8
LAUMT302450000000003,24500,2019,M13,3.4
LAUMT302450000000003,24500,2018,M13,3.6
LAUMT302450000000003,24500,2017,M13,3.8
LAUMT302450000000003,24500,2016,M13,4.1
LAUMT302450000000003,24500,2015,M13,4.1
LAUMT302450000000003,24500,2024,M12,2.9
LAUMT082454000000003,24540,2024,M13,4.4
LAUMT082454000000003,24540,2023,M13,3.4
LAUMT082454000000003,24540,2022,M13,3.3
LAUMT082454000000003,24540,2021,M13,5.8
LAUMT082454000000003,24540,2020,M13,6.5
LAUMT082454000000003,24540,2019,M13,2.5
LAUMT082454000000003,24540,2018,M13,2.8
LAUMT082454000000003,24540,2017,M13,2.5
LAUMT082454000000003,24540,2016,M13,3.2
LAUMT082454000000003,24540,2015,M13,3.7
LAUMT082454000000003,24540,2024,M12,4.3
LAUMT552458000000003,24580,2024,M13,2.7
LAUMT552458000000003,24580,2023,M13,2.6
LAUMT552458000000003,24580,2022,M13,2.6
LAUMT552458000000003,24580,2021,M13,3.4
LAUMT552458000000003,24580,2020,M13,6.0
LAUMT552458000000003,24580,2019,M13,3.0
LAUMT552458000000003,24580,2018,M13,2.8
LAUMT552458000000003,24580,2017,M13,3.0
LAUMT552458000000003,24580,2016,M13,3.6
LAUMT552458000000003,24580,2015,M13,4.1
LAUMT552458000000003,24580,2024,M12,2.6
LAUMT372466000000003,24660,2024,M13,4.0
LAUMT372466000000003,24660,2023,M13,3.9
LAUMT372466000000003,24660,2022,M13,4.0
LAUMT372466000000003,24660,2021,M13,5.4
LAUMT372466000000003,24660,2020,M13,8.1
LAUMT372466000000003,24660,2019,M13,4.0
LAUMT372466000000003,24660,2018,M13,4.2
LAUMT372466000000003,24660,2017,M13,4.7
LAUMT372466000000003,24660,2016,M13,5.2
LAUMT372466000000003,24660,2015,M13,5.9
LAUMT372466000000003,24660,2024,M12,3.6
LAUMT372478000000003,24780,2024,M13,4.1
LAUMT372478000000003,24780,2023,M13,4.1
LAUMT372478000000003,24780,2022,M13,4.3
LAUMT372478000000003,24780,2021,M13,5.4
LAUMT372478000000003,24780,2020,M13,7.2
LAUMT372478000000003,24780,2019,M13,4.4
LAUMT372478000000003,24780,2018,M13,4.5
LAUMT372478000000003,24780,2017,M13,5.1
LAUMT372478000000003,24780,2016,M13,5.8
LAUMT372478000000003,24780,2015,M13,6.0
LAUMT372478000000003,24780,2024,M12,3.7
LAUMT452486000000003,24860,2024,M13,3.8
LAUMT452486000000003,24860,2023,M13,2.7
LAUMT452486000000003,24860,2022,M13,2.8
LAUMT452486000000003,24860,2021,M13,3.4
LAUMT452486000000003,24860,2020,M13,5.5
LAUMT452486000000003,24860,2019,M13,2.5
LAUMT452486000000003,24860,2018,M13,3.0
LAUMT452486000000003,24860,2017,M13,3.7
LAUMT452486000000003,24860,2016,M13,4.3
LAUMT452486000000003,24860,2015,M13,5.2
LAUMT452486000000003,24860,2024,M12,3.6
LAUMT282506000000003,25060,2024,M13,3.0
LAUMT282506000000003,25060,2023,M13,2.9
LAUMT282506000000003,25060,2022,M13,3.6
LAUMT282506000000003,25060,2021,M13,5.2
LAUMT282506000000003,25060,2020,M13,8.6
LAUMT282506000000003,25060,2019,M13,5.3
LAUMT282506000000003,25060,2018,M13,4.9
LAUMT282506000000003,25060,2017,M13,5.1
LAUMT282506000000003,25060,2016,M13,5.8
LAUMT282506000000003,25060,2015,M13,6.5
LAUMT282506000000003,25060,2024,M12,3.3
LAUMT242518000000003,25180,2024,M13,3.3
LAUMT242518000000003,25180,2023,M13,2.9
LAUMT242518000000003,25180,2022,M13,3.0
LAUMT242518000000003,25180,2021,M13,4.3
LAUMT242518000000003,25180,2020,M13,6.3
LAUMT242518000000003,25180,2019,M13,3.6
LAUMT242518000000003,25180,2018,M13,4.1
LAUMT242518000000003,25180,2017,M13,4.1
LAUMT242518000000003,25180,2016,M13,4.5
LAUMT242518000000003,25180,2015,M13,5.2
LAUMT242518000000003,25180,2024,M12,2.9
LAUMT222522000000003,25220,2024,M13,4.8
LAUMT222522000000003,25220,2023,M13,4.2
LAUMT222522000000003,25220,2022,M13,4.1
LAUMT222522000000003,25220,2021,M13,6.2
LAUMT222522000000003,25220,2020,M13,9.6
LAUMT222522000000003,25220,2019,M13,5.0
LAUMT222522000000003,25220,2018,M13,5.1
LAUMT222522000000003,25220,2017,M13,5.4
LAUMT222522000000003,25220,2016,M13,6.4
LAUMT222522000000003,25220,2015,M13,7.1
LAUMT222522000000003,25220,2024,M12,4.5
LAUMT062526000000003,25260,2024,M13,8.7
LAUMT062526000000003,25260,2023,M13,8.4
LAUMT062526000000003,25260,2022,M13,7.4
LAUMT062526000000003,25260,2021,M13,10.0
LAUMT062526000000003,25260,2020,M13,12.3
LAUMT062526000000003,25260,2019,M13,8.3
LAUMT062526000000003,25260,2018,M13,8.2
LAUMT062526000000003,25260,2017,M13,9.3
LAUMT062526000000003,25260,2016,M13,10.3
LAUMT062526000000003,25260,2015,M13,10.5
LAUMT062526000000003,25260,2024,M12,8.9
LAUMT422542000000003,25420,2024,M13,3.4
LAUMT422542000000003,25420,2023,M13,3.2
LAUMT422542000000003,25420,2022,M13,3.6
LAUMT422542000000003,25420,2021,M13,5.1
LAUMT422542000000003,25420,2020,M13,7.5
LAUMT422542000000003,25420,2019,M13,3.7
LAUMT422542000000003,25420,2018,M13,3.8
LAUMT422542000000003,25420,2017,M13,4.2
LAUMT422542000000003,25420,2016,M13,4.4
LAUMT422542000000003,25420,2015,M13,4.4
LAUMT422542000000003,25420,2024,M12,3.2
LAUMT512550000000003,25500,2024,M13,2.8
LAUMT512550000000003,25500,2023,M13,2.6
LAUMT512550000000003,25500,2022,M13,2.6
LAUMT512550000000003,25500,2021,M13,3.2
LAUMT512550000000003,25500,2020,M13,5.3
LAUMT512550000000003,25500,2019,M13,2.5
LAUMT512550000000003,25500,2018,M13,2.8
LAUMT512550000000003,25500,2017,M13,3.4
LAUMT512550000000003,25500,2016,M13,3.8
LAUMT512550000000003,25500,2015,M13,4.5
LAUMT512550000000003,25500,2024,M12,2.5
LAUMT092554000000003,25540,2024,M13,3.3
LAUMT092554000000003,25540,2023,M13,3.1
LAUMT092554000000003,25540,2022,M13,4.1
LAUMT092554000000003,25540,2021,M13,6.5
LAUMT092554000000003,25540,2020,M13,7.9
LAUMT092554000000003,25540,2019,M13,3.6
LAUMT092554000000003,25540,2018,M13,3.9
LAUMT092554000000003,25540,2017,M13,4.4
LAUMT092554000000003,25540,2016,M13,4.9
LAUMT092554000000003,25540,2015,M13,5.5
LAUMT092554000000003,25540,2024,M12,3.0
LAUMT282562000000003,25620,2024,M13,3.0
LAUMT282562000000003,25620,2023,M13,2.9
LAUMT282562000000003,25620,2022,M13,3.5
LAUMT282562000000003,25620,2021,M13,4.9
LAUMT282562000000003,25620,2020,M13,7.1
LAUMT282562000000003,25620,2019,M13,5.0
LAUMT282562000000003,25620,2018,M13,4.4
LAUMT282562000000003,25620,2017,M13,4.7
LAUMT282562000000003,25620,2016,M13,5.5
LAUMT282562000000003,25620,2015,M13,5.8
LAUMT282562000000003,25620,2024,M12,3.3
LAUMT302574000000003,25740,2024,M13,2.8
LAUMT302574000000003,25740,2023,M13,2.6
LAUMT302574000000003,25740,2022,M13,2.5
LAUMT302574000000003,25740,2021,M13,3.1
LAUMT302574000000003,25740,2020,M13,5.1
LAUMT302574000000003,25740,2019,M13,3.1
LAUMT302574000000003,25740,2018,M13,3.4
LAUMT302574000000003,25740,2017,M13,3.7
LAUMT302574000000003,25740,2016,M13,3.6
LAUMT302574000000003,25740,2015,M13,3.6
LAUMT302574000000003,25740,2024,M12,2.7
LAUMT372586000000003,25860,2024,M13,3.6
LAUMT372586000000003,25860,2023,M13,3.3
LAUMT372586000000003,25860,2022,M13,3.5
LAUMT372586000000003,25860,2021,M13,4.7
LAUMT372586000000003,25860,2020,M13,7.8
LAUMT372586000000003,25860,2019,M13,3.7
LAUMT372586000000003,25860,2018,M13,3.7
LAUMT372586000000003,25860,2017,M13,4.3
LAUMT372586000000003,25860,2016,M13,4.9
LAUMT372586000000003,25860,2015,M13,5.6
LAUMT372586000000003,25860,2024,M12,3.5
LAUMT452594000000003,25940,2024,M13,3.9
LAUMT452594000000003,25940,2023,M13,2.7
LAUMT452594000000003,25940,2022,M13,3.0
LAUMT452594000000003,25940,2021,M13,3.3
LAUMT452594000000003,25940,2020,M13,5.1
LAUMT452594000000003,25940,2019,M13,2.4
LAUMT452594000000003,25940,2018,M13,3.0
LAUMT452594000000003,25940,2017,M13,3.7
LAUMT452594000000003,25940,2016,M13,4.4
LAUMT452594000000003,25940,2015,M13,5.4
LAUMT452594000000003,25940,2024,M12,3.7
LAUMT132598000000003,25980,2024,M13,3.8
LAUMT132598000000003,25980,2023,M13,3.7
LAUMT132598000000003,25980,2022,M13,3.7
LAUMT132598000000003,25980,2021,M13,4.2
LAUMT132598000000003,25980,2020,M13,6.5
LAUMT132598000000003,25980,2019,M13,4.4
LAUMT132598000000003,25980,2018,M13,4.7
LAUMT132598000000003,25980,2017,M13,5.7
LAUMT132598000000003,25980,2016,M13,6.4
LAUMT132598000000003,25980,2015,M13,6.3
LAUMT132598000000003,25980,2024,M12,3.3
LAUMT122614000000003,26140,2024,M13,4.9
LAUMT122614000000003,26140,2023,M13,4.3
LAUMT122614000000003,26140,2022,M13,4.1
LAUMT122614000000003,26140,2021,M13,5.5
LAUMT122614000000003,26140,2020,M13,8.3
LAUMT122614000000003,26140,2019,M13,4.7
LAUMT122614000000003,26140,2018,M13,5.0
LAUMT122614000000003,26140,2017,M13,5.6
LAUMT122614000000003,26140,2016,M13,6.4
LAUMT122614000000003,26140,2015,M13,7.6
LAUMT122614000000003,26140,2024,M12,4.7
LAUMT052630000000003,26300,2024,M13,3.7
LAUMT052630000000003,26300,2023,M13,3.4
LAUMT052630000000003,26300,2022,M13,3.6
LAUMT052630000000003,26300,2021,M13,4.7
LAUMT052630000000003,26300,2020,M13,7.7
LAUMT052630000000003,26300,2019,M13,3.5
LAUMT052630000000003,26300,2018,M13,3.8
LAUMT052630000000003,26300,2017,M13,3.9
LAUMT052630000000003,26300,2016,M13,4.2
LAUMT052630000000003,26300,2015,M13,5.4
LAUMT052630000000003,26300,2024,M12,3.7
LAUMT222638000000003,26380,2024,M13,3.8
LAUMT222638000000003,26380,2023,M13,3.2
LAUMT222638000000003,26380,2022,M13,3.5
LAUMT222638000000003,26380,2021,M13,5.3
LAUMT222638000000003,26380,2020,M13,7.4
LAUMT222638000000003,26380,2019,M13,4.3
LAUMT222638000000003,26380,2018,M13,4.7
LAUMT222638000000003,26380,2017,M13,5.3
LAUMT222638000000003,26380,2016,M13,6.4
LAUMT222638000000003,26380,2015,M13,5.7
LAUMT222638000000003,26380,2024,M12,3.6
LAUMT482642000000003,26420,2024,M13,4.4
LAUMT482642000000003,26420,2023,M13,4.2
LAUMT482642000000003,26420,2022,M13,4.2
LAUMT482642000000003,26420,2021,M13,6.2
LAUMT482642000000003,26420,2020,M13,8.5
LAUMT482642000000003,26420,2019,M13,3.8
LAUMT482642000000003,26420,2018,M13,4.3
LAUMT482642000000003,26420,2017,M13,5.0
LAUMT482642000000003,26420,2016,M13,5.2
LAUMT482642000000003,26420,2015,M13,4.6
LAUMT482642000000003,26420,2024,M12,4.1
LAUMT542658000000003,26580,2024,M13,4.8
LAUMT542658000000003,26580,2023,M13,4.5
LAUMT542658000000003,26580,2022,M13,4.4
LAUMT542658000000003,26580,2021,M13,5.2
LAUMT542658000000003,26580,2020,M13,8.1
LAUMT542658000000003,26580,2019,M13,5.1
LAUMT542658000000003,26580,2018,M13,5.5
LAUMT542658000000003,26580,2017,M13,5.9
LAUMT542658000000003,26580,2016,M13,6.6
LAUMT542658000000003,26580,2015,M13,6.4
LAUMT542658000000003,26580,2024,M12,4.4
LAUMT012662000000003,26620,2024,M13,2.5
LAUMT012662000000003,26620,2023,M13,2.0
LAUMT012662000000003,26620,2022,M13,2.0
LAUMT012662000000003,26620,2021,M13,2.5
LAUMT012662000000003,26620,2020,M13,4.8
LAUMT012662000000003,26620,2019,M13,2.7
LAUMT012662000000003,26620,2018,M13,3.4
LAUMT012662000000003,26620,2017,M13,3.9
LAUMT012662000000003,26620,2016,M13,4.9
LAUMT012662000000003,26620,2015,M13,5.5
LAUMT012662000000003,26620,2024,M12,2.4
LAUMT162682000000003,26820,2024,M13,3.0
LAUMT162682000000003,26820,2023,M13,2.7
LAUMT162682000000003,26820,2022,M13,2.5
LAUMT162682000000003,26820,2021,M13,2.8
LAUMT162682000000003,26820,2020,M13,4.0
LAUMT162682000000003,26820,2019,M13,2.4
LAUMT162682000000003,26820,2018,M13,2.4
LAUMT162682000000003,26820,2017,M13,2.7
LAUMT162682000000003,26820,2016,M13,3.1
LAUMT162682000000003,26820,2015,M13,3.3
LAUMT162682000000003,26820,2024,M12,3.0
LAUMT182690000000003,26900,2024,M13,3.7
LAUMT182690000000003,26900,2023,M13,3.1
LAUMT182690000000003,26900,2022,M13,2.9
LAUMT182690000000003,26900,2021,M13,3.8
LAUMT182690000000003,26900,2020,M13,6.8
LAUMT182690000000003,26900,2019,M13,3.0
LAUMT182690000000003,26900,2018,M13,3.2
LAUMT182690000000003,26900,2017,M13,3.3
LAUMT182690000000003,26900,2016,M13,4.0
LAUMT182690000000003,26900,2015,M13,4.5
LAUMT182690000000003,26900,2024,M12,3.3
LAUMT192698000000003,26980,2024,M13,2.4
LAUMT192698000000003,26980,2023,M13,2.5
LAUMT192698000000003,26980,2022,M13,2.4
LAUMT192698000000003,26980,2021,M13,3.4
LAUMT192698000000003,26980,2020,M13,4.6
LAUMT192698000000003,26980,2019,M13,2.0
LAUMT192698000000003,26980,2018,M13,2.0
LAUMT192698000000003,26980,2017,M13,2.5
LAUMT192698000000003,26980,2016,M13,2.6
LAUMT192698000000003,26980,2015,M13,2.7
LAUMT192698000000003,26980,2024,M12,2.4
LAUMT362706000000003,27060,2024,M13,3.4
LAUMT362706000000003,27060,2023,M13,3.2
LAUMT362706000000003,27060,2022,M13,3.0
LAUMT362706000000003,27060,2021,M13,3.9
LAUMT362706000000003,27060,2020,M13,5.7
LAUMT362706000000003,27060,2019,M13,3.5
LAUMT362706000000003,27060,2018,M13,3.5
LAUMT362706000000003,27060,2017,M13,4.2
LAUMT362706000000003,27060,2016,M13,4.1
LAUMT362706000000003,27060,2015,M13,4.4
LAUMT362706000000003,27060,2024,M12,3.1
LAUMT262710000000003,27100,2024,M13,4.8
LAUMT262710000000003,27100,2023,M13,4.1
LAUMT262710000000003,27100,2022,M13,4.5
LAUMT262710000000003,27100,2021,M13,5.7
LAUMT262710000000003,27100,2020,M13,9.4
LAUMT262710000000003,27100,2019,M13,3.9
LAUMT262710000000003,27100,2018,M13,4.1
LAUMT262710000000003,27100,2017,M13,4.7
LAUMT262710000000003,27100,2016,M13,4.9
LAUMT262710000000003,27100,2015,M13,5.3
LAUMT262710000000003,27100,2024,M12,5.2
LAUMT282714000000003,27140,2024,M13,2.9
LAUMT282714000000003,27140,2023,M13,2.8
LAUMT282714000000003,27140,2022,M13,3.5
LAUMT282714000000003,27140,2021,M13,5.1
LAUMT282714000000003,27140,2020,M13,7.6
LAUMT282714000000003,27140,2019,M13,5.0
LAUMT282714000000003,27140,2018,M13,4.5
LAUMT282714000000003,27140,2017,M13,4.6
LAUMT282714000000003,27140,2016,M13,5.2
LAUMT282714000000003,27140,2015,M13,5.5
LAUMT282714000000003,27140,2024,M12,3.1
LAUMT472718000000003,27180,2024,M13,3.7
LAUMT472718000000003,27180,2023,M13,3.5
LAUMT472718000000003,27180,2022,M13,3.7
LAUMT472718000000003,27180,2021,M13,4.8
LAUMT472718000000003,27180,2020,M13,7.6
LAUMT472718000000003,27180,2019,M13,4.0
LAUMT472718000000003,27180,2018,M13,4.3
LAUMT472718000000003,27180,2017,M13,4.5
LAUMT472718000000003,27180,2016,M13,5.6
LAUMT472718000000003,27180,2015,M13,6.2
LAUMT472718000000003,27180,2024,M12,3.6
LAUMT122726000000003,27260,2024,M13,3.4
LAUMT122726000000003,27260,2023,M13,3.1
LAUMT122726000000003,27260,2022,M13,3.0
LAUMT122726000000003,27260,2021,M13,4.2
LAUMT122726000000003,27260,2020,M13,6.5
LAUMT122726000000003,27260,2019,M13,3.2
LAUMT122726000000003,27260,2018,M13,3.5
LAUMT122726000000003,27260,2017,M13,4.1
LAUMT122726000000003,27260,2016,M13,4.7
LAUMT122726000000003,27260,2015,M13,5.4
LAUMT122726000000003,27260,2024,M12,3.2
LAUMT372734000000003,27340,2024,M13,3.8
LAUMT372734000000003,27340,2023,M13,3.7
LAUMT372734000000003,27340,2022,M13,3.9
LAUMT372734000000003,27340,2021,M13,4.7
LAUMT372734000000003,27340,2020,M13,6.7
LAUMT372734000000003,27340,2019,M13,4.3
LAUMT372734000000003,27340,2018,M13,4.5
LAUMT372734000000003,27340,2017,M13,4.9
LAUMT372734000000003,27340,2016,M13,5.4
LAUMT372734000000003,27340,2015,M13,5.8
LAUMT372734000000003,27340,2024,M12,3.5
LAUMT552750000000003,27500,2024,M13,3.2
LAUMT552750000000003,27500,2023,M13,3.2
LAUMT552750000000003,27500,2022,M13,3.4
LAUMT552750000000003,27500,2021,M13,4.6
LAUMT552750000000003,27500,2020,M13,7.4
LAUMT552750000000003,27500,2019,M13,3.6
LAUMT552750000000003,27500,2018,M13,3.3
LAUMT552750000000003,27500,2017,M13,3.8
LAUMT552750000000003,27500,2016,M13,4.4
LAUMT552750000000003,27500,2015,M13,5.1
LAUMT552750000000003,27500,2024,M12,3.0
LAUMT292762000000003,27620,2024,M13,3.2
LAUMT292762000000003,27620,2023,M13,2.7
LAUMT292762000000003,27620,2022,M13,2.2
LAUMT292762000000003,27620,2021,M13,3.0
LAUMT292762000000003,27620,2020,M13,4.4
LAUMT292762000000003,27620,2019,M13,2.7
LAUMT292762000000003,27620,2018,M13,2.7
LAUMT292762000000003,27620,2017,M13,3.2
LAUMT292762000000003,27620,2016,M13,3.8
LAUMT292762000000003,27620,2015,M13,4.4
LAUMT292762000000003,27620,2024,M12,2.7
LAUMT472774000000003,27740,2024,M13,3.4
LAUMT472774000000003,27740,2023,M13,3.3
LAUMT472774000000003,27740,2022,M13,3.3
LAUMT472774000000003,27740,2021,M13,3.9
LAUMT472774000000003,27740,2020,M13,6.3
LAUMT472774000000003,27740,2019,M13,3.6
LAUMT472774000000003,27740,2018,M13,3.7
LAUMT472774000000003,27740,2017,M13,4.0
LAUMT472774000000003,27740,2016,M13,5.0
LAUMT472774000000003,27740,2015,M13,5.9
LAUMT472774000000003,27740,2024,M12,3.5
LAUMT422778000000003,27780,2024,M13,4.4
LAUMT422778000000003,27780,2023,M13,4.3
LAUMT422778000000003,27780,2022,M13,5.0
LAUMT422778000000003,27780,2021,M13,6.5
LAUMT422778000000003,27780,2020,M13,9.0
LAUMT422778000000003,27780,2019,M13,5.1
LAUMT422778000000003,27780,2018,M13,5.2
LAUMT422778000000003,27780,2017,M13,6.0
LAUMT422778000000003,27780,2016,M13,6.6
LAUMT422778000000003,27780,2015,M13,6.7
LAUMT422778000000003,27780,2024,M12,4.3
LAUMT052786000000003,27860,2024,M13,3.3
LAUMT052786000000003,27860,2023,M13,2.9
LAUMT052786000000003,27860,2022,M13,2.9
LAUMT052786000000003,27860,2021,M13,3.5
LAUMT052786000000003,27860,2020,M13,5.6
LAUMT052786000000003,27860,2019,M13,3.0
LAUMT052786000000003,27860,2018,M13,3.3
LAUMT052786000000003,27860,2017,M13,3.4
LAUMT052786000000003,27860,2016,M13,3.6
LAUMT052786000000003,27860,2015,M13,4.5
LAUMT052786000000003,27860,2024,M12,3.4
LAUMT292790000000003,27900,2024,M13,3.6
LAUMT292790000000003,27900,2023,M13,3.0
LAUMT292790000000003,27900,2022,M13,2.5
LAUMT292790000000003,27900,2021,M13,3.5
LAUMT292790000000003,27900,2020,M13,5.6
LAUMT292790000000003,27900,2019,M13,3.0
LAUMT292790000000003,27900,2018,M13,2.9
LAUMT292790000000003,27900,2017,M13,3.5
LAUMT292790000000003,27900,2016,M13,4.2
LAUMT292790000000003,27900,2015,M13,4.5
LAUMT292790000000003,27900,2024,M12,3.3
LAUMT152798000000003,27980,2024,M13,4.1
LAUMT152798000000003,27980,2023,M13,4.3
LAUMT152798000000003,27980,2022,M13,3.3
LAUMT152798000000003,27980,2021,M13,7.8
LAUMT152798000000003,27980,2020,M13,18.2
LAUMT152798000000003,27980,2019,M13,2.5
LAUMT152798000000003,27980,2018,M13,2.4
LAUMT152798000000003,27980,2017,M13,2.4
LAUMT152798000000003,27980,2016,M13,3.1
LAUMT152798000000003,27980,2015,M13,3.5
LAUMT152798000000003,27980,2024,M12,3.0
LAUMT262802000000003,28020,2024,M13,4.1
LAUMT262802000000003,28020,2023,M13,3.6
LAUMT262802000000003,28020,2022,M13,3.7
LAUMT262802000000003,28020,2021,M13,4.7
LAUMT262802000000003,28020,2020,M13,7.4
LAUMT262802000000003,28020,2019,M13,3.2
LAUMT262802000000003,28020,2018,M13,3.3
LAUMT262802000000003,28020,2017,M13,3.9
LAUMT262802000000003,28020,2016,M13,3.9
LAUMT262802000000003,28020,2015,M13,4.3
LAUMT262802000000003,28020,2024,M12,4.4
LAUMT172810000000003,28100,2024,M13,5.7
LAUMT172810000000003,28100,2023,M13,5.9
LAUMT172810000000003,28100,2022,M13,5.6
LAUMT172810000000003,28100,2021,M13,6.7
LAUMT172810000000003,28100,2020,M13,8.9
LAUMT172810000000003,28100,2019,M13,5.0
LAUMT172810000000003,28100,2018,M13,5.7
LAUMT172810000000003,28100,2017,M13,5.6
LAUMT172810000000003,28100,2016,M13,6.6
LAUMT172810000000003,28100,2015,M13,6.8
LAUMT172810000000003,28100,2024,M12,5.0
LAUMT292814000000003,28140,2024,M13,3.6
LAUMT292814000000003,28140,2023,M13,3.0
LAUMT292814000000003,28140,2022,M13,2.7
LAUMT292814000000003,28140,2021,M13,4.1
LAUMT292814000000003,28140,2020,M13,6.1
LAUMT292814000000003,28140,2019,M13,3.2
LAUMT292814000000003,28140,2018,M13,3.4
LAUMT292814000000003,28140,2017,M13,3.8
LAUMT292814000000003,28140,2016,M13,4.3
LAUMT292814000000003,28140,2015,M13,4.8
LAUMT292814000000003,28140,2024,M12,3.3
LAUMT532842000000003,28420,2024,M13,4.9
LAUMT532842000000003,28420,2023,M13,4.7
LAUMT532842000000003,28420,2022,M13,4.7
LAUMT532842000000003,28420,2021,M13,5.6
LAUMT532842000000003,28420,2020,M13,8.3
LAUMT532842000000003,28420,2019,M13,5.9
LAUMT532842000000003,28420,2018,M13,5.7
LAUMT532842000000003,28420,2017,M13,5.9
LAUMT532842000000003,28420,2016,M13,6.7
LAUMT532842000000003,28420,2015,M13,7.0
LAUMT532842000000003,28420,2024,M12,5.4
LAUMT552845000000003,28450,2024,M13,3.2
LAUMT552845000000003,28450,2023,M13,3.1
LAUMT552845000000003,28450,2022,M13,3.1
LAUMT552845000000003,28450,2021,M13,4.2
LAUMT552845000000003,28450,2020,M13,7.2
LAUMT552845000000003,28450,2019,M13,3.8
LAUMT552845000000003,28450,2018,M13,3.5
LAUMT552845000000003,28450,2017,M13,3.9
LAUMT552845000000003,28450,2016,M13,4.6
LAUMT552845000000003,28450,2015,M13,5.0
LAUMT552845000000003,28450,2024,M12,3.0
LAUMT482866000000003,28660,2024,M13,4.4
LAUMT482866000000003,28660,2023,M13,4.3
LAUMT482866000000003,28660,2022,M13,4.3
LAUMT482866000000003,28660,2021,M13,5.5
LAUMT482866000000003,28660,2020,M13,6.6
LAUMT482866000000003,28660,2019,M13,3.7
LAUMT482866000000003,28660,2018,M13,4.0
LAUMT482866000000003,28660,2017,M13,4.1
LAUMT482866000000003,28660,2016,M13,4.3
LAUMT482866000000003,28660,2015,M13,4.7
LAUMT482866000000003,28660,2024,M12,4.1
LAUMT472870000000003,28700,2024,M13,3.5
LAUMT472870000000003,28700,2023,M13,3.4
LAUMT472870000000003,28700,2022,M13,3.5
LAUMT472870000000003,28700,2021,M13,4.4
LAUMT472870000000003,28700,2020,M13,7.1
LAUMT472870000000003,28700,2019,M13,3.7
LAUMT472870000000003,28700,2018,M13,3.8
LAUMT472870000000003,28700,2017,M13,4.2
LAUMT472870000000003,28700,2016,M13,5.2
LAUMT472870000000003,28700,2015,M13,5.5
LAUMT472870000000003,28700,2024,M12,3.4
LAUMT362874000000003,28740,2024,M13,3.5
LAUMT362874000000003,28740,2023,M13,3.4
LAUMT362874000000003,28740,2022,M13,3.3
LAUMT362874000000003,28740,2021,M13,4.8
LAUMT362874000000003,28740,2020,M13,7.9
LAUMT362874000000003,28740,2019,M13,3.7
LAUMT362874000000003,28740,2018,M13,3.9
LAUMT362874000000003,28740,2017,M13,4.6
LAUMT362874000000003,28740,2016,M13,4.6
LAUMT362874000000003,28740,2015,M13,4.8
LAUMT362874000000003,28740,2024,M12,3.2
LAUMT362888000000003,28880,2024,M13,3.5
LAUMT362888000000003,28880,2023,M13,3.3
LAUMT362888000000003,28880,2022,M13,3.2
LAUMT362888000000003,28880,2021,M13,4.7
LAUMT362888000000003,28880,2020,M13,7.8
LAUMT362888000000003,28880,2019,M13,3.6
LAUMT362888000000003,28880,2018,M13,3.8
LAUMT362888000000003,28880,2017,M13,4.5
LAUMT362888000000003,28880,2016,M13,4.4
LAUMT362888000000003,28880,2015,M13,4.6
LAUMT362888000000003,28880,2024,M12,3.2
LAUMT472894000000003,28940,2024,M13,3.1
LAUMT472894000000003,28940,2023,M13,3.0
LAUMT472894000000003,28940,2022,M13,3.1
LAUMT472894000000003,28940,2021,M13,3.7
LAUMT472894000000003,28940,2020,M13,6.2
LAUMT472894000000003,28940,2019,M13,3.2
LAUMT472894000000003,28940,2018,M13,3.3
LAUMT472894000000003,28940,2017,M13,3.6
LAUMT472894000000003,28940,2016,M13,4.5
LAUMT472894000000003,28940,2015,M13,5.2
LAUMT472894000000003,28940,2024,M12,3.0
LAUMT182902000000003,29020,2024,M13,6.6
LAUMT182902000000003,29020,2023,M13,5.0
LAUMT182902000000003,29020,2022,M13,4.8
LAUMT182902000000003,29020,2021,M13,6.4
LAUMT182902000000003,29020,2020,M13,10.6
LAUMT182902000000003,29020,2019,M13,3.8
LAUMT182902000000003,29020,2018,M13,3.9
LAUMT182902000000003,29020,2017,M13,3.6
LAUMT182902000000003,29020,2016,M13,4.4
LAUMT182902000000003,29020,2015,M13,5.0
LAUMT182902000000003,29020,2024,M12,6.5
LAUMT552910000000003,29100,2024,M13,2.7
LAUMT552910000000003,29100,2023,M13,2.5
LAUMT552910000000003,29100,2022,M13,2.5
LAUMT552910000000003,29100,2021,M13,3.2
LAUMT552910000000003,29100,2020,M13,5.6
LAUMT552910000000003,29100,2019,M13,3.0
LAUMT552910000000003,29100,2018,M13,2.8
LAUMT552910000000003,29100,2017,M13,3.1
LAUMT552910000000003,29100,2016,M13,3.7
LAUMT552910000000003,29100,2015,M13,3.8
LAUMT552910000000003,29100,2024,M12,2.6
LAUMT222918000000003,29180,2024,M13,3.7
LAUMT222918000000003,29180,2023,M13,3.2
LAUMT222918000000003,29180,2022,M13,3.1
LAUMT222918000000003,29180,2021,M13,4.6
LAUMT222918000000003,29180,2020,M13,7.3
LAUMT222918000000003,29180,2019,M13,4.1
LAUMT222918000000003,29180,2018,M13,4.4
LAUMT222918000000003,29180,2017,M13,5.0
LAUMT222918000000003,29180,2016,M13,6.3
LAUMT222918000000003,29180,2015,M13,6.1
LAUMT222918000000003,29180,2024,M12,3.5
LAUMT182920000000003,29200,2024,M13,3.6
LAUMT182920000000003,29200,2023,M13,2.9
LAUMT182920000000003,29200,2022,M13,2.8
LAUMT182920000000003,29200,2021,M13,3.5
LAUMT182920000000003,29200,2020,M13,6.4
LAUMT182920000000003,29200,2019,M13,3.0
LAUMT182920000000003,29200,2018,M13,3.2
LAUMT182920000000003,29200,2017,M13,3.2
LAUMT182920000000003,29200,2016,M13,4.1
LAUMT182920000000003,29200,2015,M13,4.3
LAUMT182920000000003,29200,2024,M12,3.1
LAUMT222934000000003,29340,2024,M13,4.5
LAUMT222934000000003,29340,2023,M13,3.8
LAUMT222934000000003,29340,2022,M13,3.8
LAUMT222934000000003,29340,2021,M13,6.1
LAUMT222934000000003,29340,2020,M13,10.0
LAUMT222934000000003,29340,2019,M13,4.4
LAUMT222934000000003,29340,2018,M13,4.3
LAUMT222934000000003,29340,2017,M13,4.5
LAUMT222934000000003,29340,2016,M13,5.4
LAUMT222934000000003,29340,2015,M13,5.4
LAUMT222934000000003,29340,2024,M12,4.4
LAUMT042942000000003,29420,2024,M13,4.5
LAUMT042942000000003,29420,2023,M13,4.5
LAUMT042942000000003,29420,2022,M13,4.7
LAUMT042942000000003,29420,2021,M13,5.9
LAUMT042942000000003,29420,2020,M13,10.2
LAUMT042942000000003,29420,2019,M13,6.1
LAUMT042942000000003,29420,2018,M13,6.0
LAUMT042942000000003,29420,2017,M13,6.2
LAUMT042942000000003,29420,2016,M13,7.1
LAUMT042942000000003,29420,2015,M13,8.0
LAUMT042942000000003,29420,2024,M12,4.6
LAUMT122946000000003,29460,2024,M13,4.2
LAUMT122946000000003,29460,2023,M13,3.7
LAUMT122946000000003,29460,2022,M13,3.6
LAUMT122946000000003,29460,2021,M13,5.4
LAUMT122946000000003,29460,2020,M13,9.2
LAUMT122946000000003,29460,2019,M13,3.7
LAUMT122946000000003,29460,2018,M13,4.1
LAUMT122946000000003,29460,2017,M13,4.7
LAUMT122946000000003,29460,2016,M13,5.4
LAUMT122946000000003,29460,2015,M13,6.4
LAUMT122946000000003,29460,2024,M12,4.0
LAUMT422954000000003,29540,2024,M13,3.0
LAUMT422954000000003,29540,2023,M13,2.9
LAUMT422954000000003,29540,2022,M13,3.4
LAUMT422954000000003,29540,2021,M13,4.6
LAUMT422954000000003,29540,2020,M13,7.3
LAUMT422954000000003,29540,2019,M13,3.4
LAUMT422954000000003,29540,2018,M13,3.5
LAUMT422954000000003,29540,2017,M13,3.9
LAUMT422954000000003,29540,2016,M13,4.1
LAUMT422954000000003,29540,2015,M13,4.2
LAUMT422954000000003,29540,2024,M12,2.8
LAUMT262962000000003,29620,2024,M13,4.4
LAUMT262962000000003,29620,2023,M13,3.8
LAUMT262962000000003,29620,2022,M13,4.2
LAUMT262962000000003,29620,2021,M13,5.1
LAUMT262962000000003,29620,2020,M13,7.7
LAUMT262962000000003,29620,2019,M13,3.5
LAUMT262962000000003,29620,2018,M13,3.6
LAUMT262962000000003,29620,2017,M13,4.1
LAUMT262962000000003,29620,2016,M13,4.2
LAUMT262962000000003,29620,2015,M13,4.5
LAUMT262962000000003,29620,2024,M12,4.4
LAUMT482970000000003,29700,2024,M13,4.2
LAUMT482970000000003,29700,2023,M13,4.1
LAUMT482970000000003,29700,2022,M13,4.2
LAUMT482970000000003,29700,2021,M13,6.4
LAUMT482970000000003,29700,2020,M13,8.8
LAUMT482970000000003,29700,2019,M13,3.8
LAUMT482970000000003,29700,2018,M13,3.9
LAUMT482970000000003,29700,2017,M13,4.4
LAUMT482970000000003,29700,2016,M13,5.1
LAUMT482970000000003,29700,2015,M13,4.8
LAUMT482970000000003,29700,2024,M12,3.8
LAUMT352974000000003,29740,2024,M13,4.9
LAUMT352974000000003,29740,2023,M13,4.3
LAUMT352974000000003,29740,2022,M13,4.6
LAUMT352974000000003,29740,2021,M13,7.1
LAUMT352974000000003,29740,2020,M13,8.0
LAUMT352974000000003,29740,2019,M13,5.9
LAUMT352974000000003,29740,2018,M13,5.8
LAUMT352974000000003,29740,2017,M13,6.9
LAUMT352974000000003,29740,2016,M13,7.4
LAUMT352974000000003,29740,2015,M13,7.4
LAUMT352974000000003,29740,2024,M12,4.3
LAUMT322982000000003,29820,2024,M13,5.6
LAUMT322982000000003,29820,2023,M13,5.3
LAUMT322982000000003,29820,2022,M13,5.6
LAUMT322982000000003,29820,2021,M13,7.8
LAUMT322982000000003,29820,2020,M13,15.5
LAUMT322982000000003,29820,2019,M13,4.3
LAUMT322982000000003,29820,2018,M13,4.6
LAUMT322982000000003,29820,2017,M13,5.2
LAUMT322982000000003,29820,2016,M13,5.9
LAUMT322982000000003,29820,2015,M13,7.0
LAUMT322982000000003,29820,2024,M12,5.5
LAUMT202994000000003,29940,2024,M13,3.2
LAUMT202994000000003,29940,2023,M13,2.6
LAUMT202994000000003,29940,2022,M13,2.6
LAUMT202994000000003,29940,2021,M13,3.1
LAUMT202994000000003,29940,2020,M13,5.6
LAUMT202994000000003,29940,2019,M13,2.8
LAUMT202994000000003,29940,2018,M13,2.9
LAUMT202994000000003,29940,2017,M13,3.0
LAUMT202994000000003,29940,2016,M13,3.4
LAUMT202994000000003,29940,2015,M13,3.7
LAUMT202994000000003,29940,2024,M12,2.9
LAUMT403002000000003,30020,2024,M13,3.5
LAUMT403002000000003,30020,2023,M13,3.7
LAUMT403002000000003,30020,2022,M13,3.5
LAUMT403002000000003,30020,2021,M13,4.2
LAUMT403002000000003,30020,2020,M13,6.8
LAUMT403002000000003,30020,2019,M13,3.4
LAUMT403002000000003,30020,2018,M13,3.7
LAUMT403002000000003,30020,2017,M13,4.1
LAUMT403002000000003,30020,2016,M13,4.4
LAUMT403002000000003,30020,2015,M13,4.2
LAUMT403002000000003,30020,2024,M12,3.1
LAUMT423014000000003,30140,2024,M13,3.3
LAUMT423014000000003,30140,2023,M13,3.1
LAUMT423014000000003,30140,2022,M13,3.7
LAUMT423014000000003,30140,2021,M13,5.3
LAUMT423014000000003,30140,2020,M13,7.9
LAUMT423014000000003,30140,2019,M13,3.9
LAUMT423014000000003,30140,2018,M13,4.0
LAUMT423014000000003,30140,2017,M13,4.3
LAUMT423014000000003,30140,2016,M13,4.6
LAUMT423014000000003,30140,2015,M13,4.6
LAUMT423014000000003,30140,2024,M12,3.0
LAUMT163030000000003,30300,2024,M13,3.4
LAUMT163030000000003,30300,2023,M13,3.1
LAUMT163030000000003,30300,2022,M13,3.1
LAUMT163030000000003,30300,2021,M13,3.5
LAUMT163030000000003,30300,2020,M13,5.2
LAUMT163030000000003,30300,2019,M13,3.4
LAUMT163030000000003,30300,2018,M13,3.5
LAUMT163030000000003,30300,2017,M13,3.5
LAUMT163030000000003,30300,2016,M13,4.0
LAUMT163030000000003,30300,2015,M13,3.9
LAUMT163030000000003,30300,2024,M12,3.5
LAUMT233034000000003,30340,2024,M13,3.1
LAUMT233034000000003,30340,2023,M13,2.7
LAUMT233034000000003,30340,2022,M13,2.9
LAUMT233034000000003,30340,2021,M13,4.9
LAUMT233034000000003,30340,2020,M13,5.0
LAUMT233034000000003,30340,2019,M13,2.8
LAUMT233034000000003,30340,2018,M13,3.1
LAUMT233034000000003,30340,2017,M13,3.2
LAUMT233034000000003,30340,2016,M13,3.6
LAUMT233034000000003,30340,2015,M13,4.2
LAUMT233034000000003,30340,2024,M12,3.3
LAUMT213046000000003,30460,2024,M13,4.1
LAUMT213046000000003,30460,2023,M13,3.5
LAUMT213046000000003,30460,2022,M13,3.3
LAUMT213046000000003,30460,2021,M13,3.8
LAUMT213046000000003,30460,2020,M13,5.8
LAUMT213046000000003,30460,2019,M13,3.3
LAUMT213046000000003,30460,2018,M13,3.4
LAUMT213046000000003,30460,2017,M13,3.7
LAUMT213046000000003,30460,2016,M13,3.8
LAUMT213046000000003,30460,2015,M13,3.9
LAUMT213046000000003,30460,2024,M12,3.7
LAUMT243050000000003,30500,2024,M13,2.8
LAUMT243050000000003,30500,2023,M13,2.0
LAUMT243050000000003,30500,2022,M13,2.8
LAUMT243050000000003,30500,2021,M13,4.1
LAUMT243050000000003,30500,2020,M13,4.8
LAUMT243050000000003,30500,2019,M13,3.1
LAUMT243050000000003,30500,2018,M13,3.6
LAUMT243050000000003,30500,2017,M13,3.7
LAUMT243050000000003,30500,2016,M13,3.8
LAUMT243050000000003,30500,2015,M13,4.7
LAUMT243050000000003,30500,2024,M12,2.5
LAUMT393062000000003,30620,2024,M13,4.5
LAUMT393062000000003,30620,2023,M13,3.8
LAUMT393062000000003,30620,2022,M13,4.2
LAUMT393062000000003,30620,2021,M13,5.9
LAUMT393062000000003,30620,2020,M13,8.5
LAUMT393062000000003,30620,2019,M13,4.0
LAUMT393062000000003,30620,2018,M13,4.4
LAUMT393062000000003,30620,2017,M13,4.9
LAUMT393062000000003,30620,2016,M13,5.0
LAUMT393062000000003,30620,2015,M13,4.9
LAUMT393062000000003,30620,2024,M12,4.6
LAUMT313070000000003,30700,2024,M13,2.5
LAUMT313070000000003,30700,2023,M13,2.1
LAUMT313070000000003,30700,2022,M13,2.1
LAUMT313070000000003,30700,2021,M13,2.6
LAUMT313070000000003,30700,2020,M13,4.2
LAUMT313070000000003,30700,2019,M13,2.8
LAUMT313070000000003,30700,2018,M13,2.6
LAUMT313070000000003,30700,2017,M13,2.6
LAUMT313070000000003,30700,2016,M13,2.8
LAUMT313070000000003,30700,2015,M13,2.6
LAUMT313070000000003,30700,2024,M12,2.4
LAUMT053078000000003,30780,2024,M13,3.3
LAUMT053078000000003,30780,2023,M13,2.9
LAUMT053078000000003,30780,2022,M13,3.0
LAUMT053078000000003,30780,2021,M13,4.1
LAUMT053078000000003,30780,2020,M13,6.5
LAUMT053078000000003,30780,2019,M13,3.2
LAUMT053078000000003,30780,2018,M13,3.3
LAUMT053078000000003,30780,2017,M13,3.3
LAUMT053078000000003,30780,2016,M13,3.5
LAUMT053078000000003,30780,2015,M13,4.4
LAUMT053078000000003,30780,2024,M12,3.2
LAUMT493086000000003,30860,2024,M13,2.9
LAUMT493086000000003,30860,2023,M13,2.4
LAUMT493086000000003,30860,2022,M13,2.1
LAUMT493086000000003,30860,2021,M13,2.1
LAUMT493086000000003,30860,2020,M13,3.1
LAUMT493086000000003,30860,2019,M13,2.1
LAUMT493086000000003,30860,2018,M13,2.5
LAUMT493086000000003,30860,2017,M13,2.6
LAUMT493086000000003,30860,2016,M13,2.9
LAUMT493086000000003,30860,2015,M13,3.0
LAUMT493086000000003,30860,2024,M12,2.7
LAUMT483098000000003,30980,2024,M13,4.7
LAUMT483098000000003,30980,2023,M13,4.4
LAUMT483098000000003,30980,2022,M13,4.3
LAUMT483098000000003,30980,2021,M13,6.3
LAUMT483098000000003,30980,2020,M13,8.0
LAUMT483098000000003,30980,2019,M13,3.8
LAUMT483098000000003,30980,2018,M13,4.2
LAUMT483098000000003,30980,2017,M13,5.3
LAUMT483098000000003,30980,2016,M13,6.1
LAUMT483098000000003,30980,2015,M13,5.1
LAUMT483098000000003,30980,2024,M12,4.5
LAUMT533102000000003,31020,2024,M13,5.1
LAUMT533102000000003,31020,2023,M13,4.8
LAUMT533102000000003,31020,2022,M13,4.8
LAUMT533102000000003,31020,2021,M13,6.0
LAUMT533102000000003,31020,2020,M13,9.1
LAUMT533102000000003,31020,2019,M13,6.2
LAUMT533102000000003,31020,2018,M13,6.1
LAUMT533102000000003,31020,2017,M13,6.1
LAUMT533102000000003,31020,2016,M13,7.1
LAUMT533102000000003,31020,2015,M13,7.8
LAUMT533102000000003,31020,2024,M12,5.2
LAUMT213114000000003,31140,2024,M13,4.3
LAUMT213114000000003,31140,2023,M13,3.8
LAUMT213114000000003,31140,2022,M13,3.7
LAUMT213114000000003,31140,2021,M13,4.2
LAUMT213114000000003,31140,2020,M13,6.6
LAUMT213114000000003,31140,2019,M13,3.7
LAUMT213114000000003,31140,2018,M13,3.8
LAUMT213114000000003,31140,2017,M13,4.1
LAUMT213114000000003,31140,2016,M13,4.3
LAUMT213114000000003,31140,2015,M13,4.6
LAUMT213114000000003,31140,2024,M12,4.0
LAUMT483118000000003,31180,2024,M13,3.5
LAUMT483118000000003,31180,2023,M13,3.4
LAUMT483118000000003,31180,2022,M13,3.5
LAUMT483118000000003,31180,2021,M13,4.8
LAUMT483118000000003,31180,2020,M13,6.1
LAUMT483118000000003,31180,2019,M13,2.9
LAUMT483118000000003,31180,2018,M13,3.2
LAUMT483118000000003,31180,2017,M13,3.4
LAUMT483118000000003,31180,2016,M13,3.6
LAUMT483118000000003,31180,2015,M13,3.5
LAUMT483118000000003,31180,2024,M12,3.1
LAUMT513134000000003,31340,2024,M13,3.3
LAUMT513134000000003,31340,2023,M13,3.1
LAUMT513134000000003,31340,2022,M13,2.9
LAUMT513134000000003,31340,2021,M13,3.8
LAUMT513134000000003,31340,2020,M13,6.0
LAUMT513134000000003,31340,2019,M13,3.0
LAUMT513134000000003,31340,2018,M13,3.3
LAUMT513134000000003,31340,2017,M13,4.0
LAUMT513134000000003,31340,2016,M13,4.3
LAUMT513134000000003,31340,2015,M13,4.8
LAUMT513134000000003,31340,2024,M12,3.0
LAUMT133142000000003,31420,2024,M13,4.0
LAUMT133142000000003,31420,2023,M13,3.8
LAUMT133142000000003,31420,2022,M13,3.7
LAUMT133142000000003,31420,2021,M13,4.6
LAUMT133142000000003,31420,2020,M13,6.9
LAUMT133142000000003,31420,2019,M13,4.1
LAUMT133142000000003,31420,2018,M13,4.5
LAUMT133142000000003,31420,2017,M13,5.4
LAUMT133142000000003,31420,2016,M13,6.1
LAUMT133142000000003,31420,2015,M13,6.5
LAUMT133142000000003,31420,2024,M12,3.7
LAUMT553154000000003,31540,2024,M13,2.4
LAUMT553154000000003,31540,2023,M13,2.2
LAUMT553154000000003,31540,2022,M13,2.2
LAUMT553154000000003,31540,2021,M13,2.9
LAUMT553154000000003,31540,2020,M13,5.1
LAUMT553154000000003,31540,2019,M13,2.5
LAUMT553154000000003,31540,2018,M13,2.3
LAUMT553154000000003,31540,2017,M13,2.5
LAUMT553154000000003,31540,2016,M13,2.9
LAUMT553154000000003,31540,2015,M13,3.3
LAUMT553154000000003,31540,2024,M12,2.2
LAUMT333170000000003,31700,2024,M13,2.8
LAUMT333170000000003,31700,2023,M13,2.4
LAUMT333170000000003,31700,2022,M13,2.5
LAUMT333170000000003,31700,2021,M13,3.6
LAUMT333170000000003,31700,2020,M13,7.0
LAUMT333170000000003,31700,2019,M13,2.6
LAUMT333170000000003,31700,2018,M13,2.7
LAUMT333170000000003,31700,2017,M13,3.0
LAUMT333170000000003,31700,2016,M13,3.0
LAUMT333170000000003,31700,2015,M13,3.6
LAUMT333170000000003,31700,2024,M12,3.0
LAUMT203174000000003,31740,2024,M13,3.3
LAUMT203174000000003,31740,2023,M13,2.8
LAUMT203174000000003,31740,2022,M13,2.8
LAUMT203174000000003,31740,2021,M13,3.0
LAUMT203174000000003,31740,2020,M13,4.8
LAUMT203174000000003,31740,2019,M13,2.9
LAUMT203174000000003,31740,2018,M13,2.9
LAUMT203174000000003,31740,2017,M13,3.2
LAUMT203174000000003,31740,2016,M13,3.6
LAUMT203174000000003,31740,2015,M13,4.0
LAUMT203174000000003,31740,2024,M12,3.0
LAUMT273186000000003,31860,2024,M13,2.7
LAUMT273186000000003,31860,2023,M13,2.3
LAUMT273186000000003,31860,2022,M13,2.0
LAUMT273186000000003,31860,2021,M13,3.3
LAUMT273186000000003,31860,2020,M13,5.4
LAUMT273186000000003,31860,2019,M13,2.8
LAUMT273186000000003,31860,2018,M13,2.6
LAUMT273186000000003,31860,2017,M13,2.9
LAUMT273186000000003,31860,2016,M13,3.2
LAUMT273186000000003,31860,2015,M13,2.9
LAUMT273186000000003,31860,2024,M12,2.4
LAUMT393190000000003,31900,2024,M13,5.0
LAUMT393190000000003,31900,2023,M13,4.2
LAUMT393190000000003,31900,2022,M13,4.5
LAUMT393190000000003,31900,2021,M13,5.7
LAUMT393190000000003,31900,2020,M13,8.8
LAUMT393190000000003,31900,2019,M13,4.5
LAUMT393190000000003,31900,2018,M13,4.8
LAUMT393190000000003,31900,2017,M13,5.3
LAUMT393190000000003,31900,2016,M13,5.4
LAUMT393190000000003,31900,2015,M13,5.7
LAUMT393190000000003,31900,2024,M12,5.4
LAUMT483258000000003,32580,2024,M13,6.0
LAUMT483258000000003,32580,2023,M13,6.1
LAUMT483258000000003,32580,2022,M13,6.5
LAUMT483258000000003,32580,2021,M13,8.9
LAUMT483258000000003,32580,2020,M13,11.5
LAUMT483258000000003,32580,2019,M13,6.2
LAUMT483258000000003,32580,2018,M13,6.6
LAUMT483258000000003,32580,2017,M13,7.4
LAUMT483258000000003,32580,2016,M13,7.7
LAUMT483258000000003,32580,2015,M13,8.0
LAUMT483258000000003,32580,2024,M12,6.1
LAUMT413278000000003,32780,2024,M13,5.0
LAUMT413278000000003,32780,2023,M13,4.5
LAUMT413278000000003,32780,2022,M13,4.5
LAUMT413278000000003,32780,2021,M13,5.5
LAUMT413278000000003,32780,2020,M13,7.9
LAUMT413278000000003,32780,2019,M13,4.4
LAUMT413278000000003,32780,2018,M13,4.7
LAUMT413278000000003,32780,2017,M13,4.7
LAUMT413278000000003,32780,2016,M13,5.7
LAUMT413278000000003,32780,2015,M13,6.6
LAUMT413278000000003,32780,2024,M12,5.0
LAUMT473282000000003,32820,2024,M13,4.0
LAUMT473282000000003,32820,2023,M13,3.8
LAUMT473282000000003,32820,2022,M13,4.1
LAUMT473282000000003,32820,2021,M13,6.2
LAUMT473282000000003,32820,2020,M13,8.7
LAUMT473282000000003,32820,2019,M13,4.1
LAUMT473282000000003,32820,2018,M13,4.1
LAUMT473282000000003,32820,2017,M13,4.3
LAUMT473282000000003,32820,2016,M13,5.2
LAUMT473282000000003,32820,2015,M13,6.2
LAUMT473282000000003,32820,2024,M12,4.0
LAUMT063290000000003,32900,2024,M13,9.8
LAUMT063290000000003,32900,2023,M13,9.0
LAUMT063290000000003,32900,2022,M13,7.8
LAUMT063290000000003,32900,2021,M13,10.3
LAUMT063290000000003,32900,2020,M13,12.5
LAUMT063290000000003,32900,2019,M13,8.2
LAUMT063290000000003,32900,2018,M13,8.4
LAUMT063290000000003,32900,2017,M13,9.5
LAUMT063290000000003,32900,2016,M13,10.7
LAUMT063290000000003,32900,2015,M13,11.4
LAUMT063290000000003,32900,2024,M12,9.9
LAUMT183314000000003,33140,2024,M13,4.5
LAUMT183314000000003,33140,2023,M13,3.8
LAUMT183314000000003,33140,2022,M13,3.5
LAUMT183314000000003,33140,2021,M13,5.0
LAUMT183314000000003,33140,2020,M13,9.2
LAUMT183314000000003,33140,2019,M13,4.0
LAUMT183314000000003,33140,2018,M13,4.1
LAUMT183314000000003,33140,2017,M13,4.2
LAUMT183314000000003,33140,2016,M13,5.5
LAUMT183314000000003,33140,2015,M13,6.3
LAUMT183314000000003,33140,2024,M12,4.1
LAUMT263322000000003,33220,2024,M13,4.4
LAUMT263322000000003,33220,2023,M13,3.8
LAUMT263322000000003,33220,2022,M13,4.2
LAUMT263322000000003,33220,2021,M13,4.7
LAUMT263322000000003,33220,2020,M13,7.8
LAUMT263322000000003,33220,2019,M13,3.8
LAUMT263322000000003,33220,2018,M13,4.0
LAUMT263322000000003,33220,2017,M13,4.5
LAUMT263322000000003,33220,2016,M13,4.7
LAUMT263322000000003,33220,2015,M13,4.9
LAUMT263322000000003,33220,2024,M12,4.7
LAUMT483326000000003,33260,2024,M13,3.0
LAUMT483326000000003,33260,2023,M13,2.8
LAUMT483326000000003,33260,2022,M13,3.3
LAUMT483326000000003,33260,2021,M13,6.3
LAUMT483326000000003,33260,2020,M13,9.1
LAUMT483326000000003,33260,2019,M13,2.4
LAUMT483326000000003,33260,2018,M13,2.4
LAUMT483326000000003,33260,2017,M13,3.5
LAUMT483326000000003,33260,2016,M13,5.1
LAUMT483326000000003,33260,2015,M13,3.5
LAUMT483326000000003,33260,2024,M12,2.7
LAUMT553334000000003,33340,2024,M13,3.3
LAUMT553334000000003,33340,2023,M13,3.0
LAUMT553334000000003,33340,2022,M13,3.0
LAUMT553334000000003,33340,2021,M13,4.4
LAUMT553334000000003,33340,2020,M13,7.3
LAUMT553334000000003,33340,2019,M13,3.4
LAUMT553334000000003,33340,2018,M13,3.2
LAUMT553334000000003,33340,2017,M13,3.5
LAUMT553334000000003,33340,2016,M13,4.2
LAUMT553334000000003,33340,2015,M13,4.8
LAUMT553334000000003,33340,2024,M12,3.0
LAUMT273346000000003,33460,2024,M13,3.0
LAUMT273346000000003,33460,2023,M13,2.6
LAUMT273346000000003,33460,2022,M13,2.3
LAUMT273346000000003,33460,2021,M13,3.6
LAUMT273346000000003,33460,2020,M13,6.4
LAUMT273346000000003,33460,2019,M13,3.0
LAUMT273346000000003,33460,2018,M13,2.7
LAUMT273346000000003,33460,2017,M13,3.1
LAUMT273346000000003,33460,2016,M13,3.5
LAUMT273346000000003,33460,2015,M13,3.5
LAUMT273346000000003,33460,2024,M12,2.8
LAUMT383350000000003,33500,2024,M13,2.4
LAUMT383350000000003,33500,2023,M13,2.1
LAUMT383350000000003,33500,2022,M13,2.2
LAUMT383350000000003,33500,2021,M13,3.3
LAUMT383350000000003,33500,2020,M13,5.3
LAUMT383350000000003,33500,2019,M13,2.2
LAUMT383350000000003,33500,2018,M13,2.5
LAUMT383350000000003,33500,2017,M13,3.1
LAUMT383350000000003,33500,2016,M13,3.8
LAUMT383350000000003,33500,2015,M13,3.2
LAUMT383350000000003,33500,2024,M12,2.4
LAUMT303354000000003,33540,2024,M13,2.9
LAUMT303354000000003,33540,2023,M13,2.6
LAUMT303354000000003,33540,2022,M13,2.5
LAUMT303354000000003,33540,2021,M13,3.2
LAUMT303354000000003,33540,2020,M13,6.0
LAUMT303354000000003,33540,2019,M13,3.1
LAUMT303354000000003,33540,2018,M13,3.3
LAUMT303354000000003,33540,2017,M13,3.6
LAUMT303354000000003,33540,2016,M13,3.8
LAUMT303354000000003,33540,2015,M13,4.1
LAUMT303354000000003,33540,2024,M12,3.2
LAUMT013366000000003,33660,2024,M13,3.7
LAUMT013366000000003,33660,2023,M13,3.1
LAUMT013366000000003,33660,2022,M13,3.2
LAUMT013366000000003,33660,2021,M13,4.8
LAUMT013366000000003,33660,2020,M13,8.9
LAUMT013366000000003,33660,2019,M13,4.0
LAUMT013366000000003,33660,2018,M13,4.8
LAUMT013366000000003,33660,2017,M13,5.4
LAUMT013366000000003,33660,2016,M13,6.7
LAUMT013366000000003,33660,2015,M13,6.9
LAUMT013366000000003,33660,2024,M12,3.5
LAUMT063370000000003,33700,2024,M13,6.9
LAUMT063370000000003,33700,2023,M13,6.3
LAUMT063370000000003,33700,2022,M13,5.4
LAUMT063370000000003,33700,2021,M13,8.2
LAUMT063370000000003,33700,2020,M13,10.8
LAUMT063370000000003,33700,2019,M13,6.1
LAUMT063370000000003,33700,2018,M13,6.4
LAUMT063370000000003,33700,2017,M13,7.5
LAUMT063370000000003,33700,2016,M13,8.6
LAUMT063370000000003,33700,2015,M13,9.5
LAUMT063370000000003,33700,2024,M12,6.9
LAUMT223374000000003,33740,2024,M13,4.9
LAUMT223374000000003,33740,2023,M13,4.2
LAUMT223374000000003,33740,2022,M13,4.0
LAUMT223374000000003,33740,2021,M13,5.5
LAUMT223374000000003,33740,2020,M13,8.1
LAUMT223374000000003,33740,2019,M13,5.6
LAUMT223374000000003,33740,2018,M13,5.6
LAUMT223374000000003,33740,2017,M13,5.7
LAUMT223374000000003,33740,2016,M13,6.6
LAUMT223374000000003,33740,2015,M13,7.3
LAUMT223374000000003,33740,2024,M12,4.6
LAUMT263378000000003,33780,2024,M13,5.2
LAUMT263378000000003,33780,2023,M13,4.2
LAUMT263378000000003,33780,2022,M13,4.7
LAUMT263378000000003,33780,2021,M13,5.9
LAUMT263378000000003,33780,2020,M13,9.3
LAUMT263378000000003,33780,2019,M13,4.0
LAUMT263378000000003,33780,2018,M13,4.3
LAUMT263378000000003,33780,2017,M13,4.7
LAUMT263378000000003,33780,2016,M13,4.3
LAUMT263378000000003,33780,2015,M13,4.5
LAUMT263378000000003,33780,2024,M12,5.3
LAUMT013386000000003,33860,2024,M13,3.0
LAUMT013386000000003,33860,2023,M13,2.6
LAUMT013386000000003,33860,2022,M13,2.8
LAUMT013386000000003,33860,2021,M13,4.1
LAUMT013386000000003,33860,2020,M13,7.5
LAUMT013386000000003,33860,2019,M13,3.2
LAUMT013386000000003,33860,2018,M13,3.9
LAUMT013386000000003,33860,2017,M13,4.4
LAUMT013386000000003,33860,2016,M13,5.5
LAUMT013386000000003,33860,2015,M13,5.9
LAUMT013386000000003,33860,2024,M12,2.8
LAUMT543406000000003,34060,2024,M13,3.4
LAUMT543406000000003,34060,2023,M13,3.3
LAUMT543406000000003,34060,2022,M13,3.6
LAUMT543406000000003,34060,2021,M13,4.3
LAUMT543406000000003,34060,2020,M13,6.6
LAUMT543406000000003,34060,2019,M13,3.9
LAUMT543406000000003,34060,2018,M13,4.3
LAUMT543406000000003,34060,2017,M13,4.0
LAUMT543406000000003,34060,2016,M13,4.7
LAUMT543406000000003,34060,2015,M13,4.9
LAUMT543406000000003,34060,2024,M12,2.9
LAUMT473410000000003,34100,2024,M13,3.5
LAUMT473410000000003,34100,2023,M13,3.5
LAUMT473410000000003,34100,2022,M13,3.6
LAUMT473410000000003,34100,2021,M13,4.2
LAUMT473410000000003,34100,2020,M13,7.3
LAUMT473410000000003,34100,2019,M13,3.7
LAUMT473410000000003,34100,2018,M13,3.8
LAUMT473410000000003,34100,2017,M13,4.0
LAUMT473410000000003,34100,2016,M13,5.2
LAUMT473410000000003,34100,2015,M13,6.2
LAUMT473410000000003,34100,2024,M12,3.3
LAUMT533458000000003,34580,2024,M13,4.9
LAUMT533458000000003,34580,2023,M13,4.5
LAUMT533458000000003,34580,2022,M13,4.7
LAUMT533458000000003,34580,2021,M13,6.1
LAUMT533458000000003,34580,2020,M13,9.9
LAUMT533458000000003,34580,2019,M13,5.8
LAUMT533458000000003,34580,2018,M13,5.5
LAUMT533458000000003,34580,2017,M13,5.6
LAUMT533458000000003,34580,2016,M13,6.6
LAUMT533458000000003,34580,2015,M13,6.8
LAUMT533458000000003,34580,2024,M12,5.1
LAUMT183462000000003,34620,2024,M13,4.6
LAUMT183462000000003,34620,2023,M13,3.8
LAUMT183462000000003,34620,2022,M13,3.5
LAUMT183462000000003,34620,2021,M13,4.3
LAUMT183462000000003,34620,2020,M13,7.4
LAUMT183462000000003,34620,2019,M13,3.8
LAUMT183462000000003,34620,2018,M13,3.9
LAUMT183462000000003,34620,2017,M13,4.2
LAUMT183462000000003,34620,2016,M13,5.0
LAUMT183462000000003,34620,2015,M13,5.7
LAUMT183462000000003,34620,2024,M12,3.9
LAUMT263474000000003,34740,2024,M13,5.1
LAUMT263474000000003,34740,2023,M13,4.3
LAUMT263474000000003,34740,2022,M13,4.7
LAUMT263474000000003,34740,2021,M13,6.8
LAUMT263474000000003,34740,2020,M13,11.4
LAUMT263474000000003,34740,2019,M13,4.1
LAUMT263474000000003,34740,2018,M13,4.4
LAUMT263474000000003,34740,2017,M13,5.0
LAUMT263474000000003,34740,2016,M13,5.2
LAUMT263474000000003,34740,2015,M13,5.8
LAUMT263474000000003,34740,2024,M12,5.8
LAUMT453482000000003,34820,2024,M13,4.8
LAUMT453482000000003,34820,2023,M13,3.5
LAUMT453482000000003,34820,2022,M13,3.8
LAUMT453482000000003,34820,2021,M13,4.8
LAUMT453482000000003,34820,2020,M13,8.1
LAUMT453482000000003,34820,2019,M13,3.4
LAUMT453482000000003,34820,2018,M13,4.0
LAUMT453482000000003,34820,2017,M13,4.7
LAUMT453482000000003,34820,2016,M13,5.5
LAUMT453482000000003,34820,2015,M13,7.1
LAUMT453482000000003,34820,2024,M12,4.8
LAUMT063490000000003,34900,2024,M13,3.9
LAUMT063490000000003,34900,2023,M13,3.4
LAUMT063490000000003,34900,2022,M13,3.2
LAUMT063490000000003,34900,2021,M13,6.1
LAUMT063490000000003,34900,2020,M13,8.9
LAUMT063490000000003,34900,2019,M13,2.9
LAUMT063490000000003,34900,2018,M13,3.0
LAUMT063490000000003,34900,2017,M13,3.7
LAUMT063490000000003,34900,2016,M13,4.3
LAUMT063490000000003,34900,2015,M13,4.6
LAUMT063490000000003,34900,2024,M12,4.3
LAUMT123494000000003,34940,2024,M13,3.3
LAUMT123494000000003,34940,2023,M13,3.0
LAUMT123494000000003,34940,2022,M13,3.1
LAUMT123494000000003,34940,2021,M13,4.1
LAUMT123494000000003,34940,2020,M13,7.7
LAUMT123494000000003,34940,2019,M13,3.4
LAUMT123494000000003,34940,2018,M13,3.7
LAUMT123494000000003,34940,2017,M13,4.4
LAUMT123494000000003,34940,2016,M13,5.0
LAUMT123494000000003,34940,2015,M13,5.3
LAUMT123494000000003,34940,2024,M12,3.0
LAUMT473498000000003,34980,2024,M13,2.8
LAUMT473498000000003,34980,2023,M13,2.7
LAUMT473498000000003,34980,2022,M13,2.8
LAUMT473498000000003,34980,2021,M13,3.8
LAUMT473498000000003,34980,2020,M13,7.1
LAUMT473498000000003,34980,2019,M13,2.6
LAUMT473498000000003,34980,2018,M13,2.8
LAUMT473498000000003,34980,2017,M13,3.0
LAUMT473498000000003,34980,2016,M13,3.8
LAUMT473498000000003,34980,2015,M13,4.5
LAUMT473498000000003,34980,2024,M12,2.8
LAUMT093530000000003,35300,2024,M13,3.3
LAUMT093530000000003,35300,2023,M13,3.2
LAUMT093530000000003,35300,2022,M13,4.0
LAUMT093530000000003,35300,2021,M13,6.5
LAUMT093530000000003,35300,2020,M13,7.8
LAUMT093530000000003,35300,2019,M13,3.7
LAUMT093530000000003,35300,2018,M13,4.0
LAUMT093530000000003,35300,2017,M13,4.7
LAUMT093530000000003,35300,2016,M13,5.1
LAUMT093530000000003,35300,2015,M13,5.8
LAUMT093530000000003,35300,2024,M12,3.0
LAUMT223538000000003,35380,2024,M13,4.4
LAUMT223538000000003,35380,2023,M13,3.9
LAUMT223538000000003,35380,2022,M13,3.9
LAUMT223538000000003,35380,2021,M13,6.9
LAUMT223538000000003,35380,2020,M13,10.6
LAUMT223538000000003,35380,2019,M13,4.3
LAUMT223538000000003,35380,2018,M13,4.6
LAUMT223538000000003,35380,2017,M13,4.8
LAUMT223538000000003,35380,2016,M13,5.5
LAUMT223538000000003,35380,2015,M13,6.1
LAUMT223538000000003,35380,2024,M12,4.0
LAUMT263566000000003,35660,2024,M13,5.0
LAUMT263566000000003,35660,2023,M13,4.1
LAUMT263566000000003,35660,2022,M13,4.4
LAUMT263566000000003,35660,2021,M13,5.5
LAUMT263566000000003,35660,2020,M13,8.9
LAUMT263566000000003,35660,2019,M13,4.0
LAUMT263566000000003,35660,2018,M13,4.2
LAUMT263566000000003,35660,2017,M13,4.7
LAUMT263566000000003,35660,2016,M13,4.8
LAUMT263566000000003,35660,2015,M13,5.2
LAUMT263566000000003,35660,2024,M12,5.5
LAUMT123584000000003,35840,2024,M13,3.5
LAUMT123584000000003,35840,2023,M13,3.1
LAUMT123584000000003,35840,2022,M13,3.0
LAUMT123584000000003,35840,2021,M13,4.1
LAUMT123584000000003,35840,2020,M13,7.2
LAUMT123584000000003,35840,2019,M13,3.2
LAUMT123584000000003,35840,2018,M13,3.5
LAUMT123584000000003,35840,2017,M13,4.1
LAUMT123584000000003,35840,2016,M13,4.7
LAUMT123584000000003,35840,2015,M13,5.1
LAUMT123584000000003,35840,2024,M12,3.4
LAUMT093598000000003,35980,2024,M13,3.2
LAUMT093598000000003,35980,2023,M13,3.2
LAUMT093598000000003,35980,2022,M13,4.2
LAUMT093598000000003,35980,2021,M13,7.1
LAUMT093598000000003,35980,2020,M13,9.7
LAUMT093598000000003,35980,2019,M13,3.6
LAUMT093598000000003,35980,2018,M13,3.8
LAUMT093598000000003,35980,2017,M13,4.3
LAUMT093598000000003,35980,2016,M13,4.9
LAUMT093598000000003,35980,2015,M13,6.0
LAUMT093598000000003,35980,2024,M12,2.9
LAUMT123610000000003,36100,2024,M13,4.2
LAUMT123610000000003,36100,2023,M13,3.7
LAUMT123610000000003,36100,2022,M13,3.5
LAUMT123610000000003,36100,2021,M13,5.0
LAUMT123610000000003,36100,2020,M13,7.2
LAUMT123610000000003,36100,2019,M13,3.8
LAUMT123610000000003,36100,2018,M13,4.3
LAUMT123610000000003,36100,2017,M13,4.9
LAUMT123610000000003,36100,2016,M13,5.7
LAUMT123610000000003,36100,2015,M13,6.6
LAUMT123610000000003,36100,2024,M12,3.9
LAUMT483622000000003,36220,2024,M13,3.5
LAUMT483622000000003,36220,2023,M13,3.4
LAUMT483622000000003,36220,2022,M13,4.0
LAUMT483622000000003,36220,2021,M13,8.2
LAUMT483622000000003,36220,2020,M13,11.5
LAUMT483622000000003,36220,2019,M13,2.8
LAUMT483622000000003,36220,2018,M13,2.8
LAUMT483622000000003,36220,2017,M13,4.3
LAUMT483622000000003,36220,2016,M13,6.7
LAUMT483622000000003,36220,2015,M13,4.7
LAUMT483622000000003,36220,2024,M12,3.3
LAUMT493626000000003,36260,2024,M13,3.1
LAUMT493626000000003,36260,2023,M13,2.6
LAUMT493626000000003,36260,2022,M13,2.3
LAUMT493626000000003,36260,2021,M13,2.6
LAUMT493626000000003,36260,2020,M13,4.4
LAUMT493626000000003,36260,2019,M13,2.5
LAUMT493626000000003,36260,2018,M13,2.9
LAUMT493626000000003,36260,2017,M13,3.1
LAUMT493626000000003,36260,2016,M13,3.2
LAUMT493626000000003,36260,2015,M13,3.6
LAUMT493626000000003,36260,2024,M12,2.9
LAUMT403642000000003,36420,2024,M13,3.0
LAUMT403642000000003,36420,2023,M13,2.9
LAUMT403642000000003,36420,2022,M13,2.8
LAUMT403642000000003,36420,2021,M13,3.8
LAUMT403642000000003,36420,2020,M13,6.1
LAUMT403642000000003,36420,2019,M13,2.9
LAUMT403642000000003,36420,2018,M13,3.0
LAUMT403642000000003,36420,2017,M13,3.6
LAUMT403642000000003,36420,2016,M13,4.0
LAUMT403642000000003,36420,2015,M13,3.8
LAUMT403642000000003,36420,2024,M12,2.7
LAUMT533650000000003,36500,2024,M13,4.4
LAUMT533650000000003,36500,2023,M13,4.0
LAUMT533650000000003,36500,2022,M13,4.1
LAUMT533650000000003,36500,2021,M13,5.1
LAUMT533650000000003,36500,2020,M13,8.4
LAUMT533650000000003,36500,2019,M13,5.2
LAUMT533650000000003,36500,2018,M13,5.1
LAUMT533650000000003,36500,2017,M13,5.2
LAUMT533650000000003,36500,2016,M13,5.8
LAUMT533650000000003,36500,2015,M13,6.0
LAUMT533650000000003,36500,2024,M12,4.5
LAUMT313654000000003,36540,2024,M13,2.9
LAUMT313654000000003,36540,2023,M13,2.5
LAUMT313654000000003,36540,2022,M13,2.4
LAUMT313654000000003,36540,2021,M13,3.0
LAUMT313654000000003,36540,2020,M13,4.7
LAUMT313654000000003,36540,2019,M13,3.0
LAUMT313654000000003,36540,2018,M13,2.9
LAUMT313654000000003,36540,2017,M13,3.0
LAUMT313654000000003,36540,2016,M13,3.2
LAUMT313654000000003,36540,2015,M13,3.2
LAUMT313654000000003,36540,2024,M12,2.8
LAUMT123674000000003,36740,2024,M13,3.3
LAUMT123674000000003,36740,2023,M13,2.9
LAUMT123674000000003,36740,2022,M13,3.0
LAUMT123674000000003,36740,2021,M13,5.0
LAUMT123674000000003,36740,2020,M13,10.4
LAUMT123674000000003,36740,2019,M13,3.0
LAUMT123674000000003,36740,2018,M13,3.4
LAUMT123674000000003,36740,2017,M13,3.9
LAUMT123674000000003,36740,2016,M13,4.5
LAUMT123674000000003,36740,2015,M13,5.2
LAUMT123674000000003,36740,2024,M12,3.1
LAUMT553678000000003,36780,2024,M13,2.7
LAUMT553678000000003,36780,2023,M13,2.5
LAUMT553678000000003,36780,2022,M13,2.5
LAUMT553678000000003,36780,2021,M13,3.2
LAUMT553678000000003,36780,2020,M13,5.6
LAUMT553678000000003,36780,2019,M13,2.9
LAUMT553678000000003,36780,2018,M13,2.7
LAUMT553678000000003,36780,2017,M13,3.0
LAUMT553678000000003,36780,2016,M13,3.5
LAUMT553678000000003,36780,2015,M13,4.1
LAUMT553678000000003,36780,2024,M12,2.5
LAUMT213698000000003,36980,2024,M13,4.8
LAUMT213698000000003,36980,2023,M13,4.3
LAUMT213698000000003,36980,2022,M13,4.0
LAUMT213698000000003,36980,2021,M13,4.0
LAUMT213698000000003,36980,2020,M13,5.8
LAUMT213698000000003,36980,2019,M13,3.7
LAUMT213698000000003,36980,2018,M13,3.9
LAUMT213698000000003,36980,2017,M13,4.4
LAUMT213698000000003,36980,2016,M13,4.5
LAUMT213698000000003,36980,2015,M13,4.6
LAUMT213698000000003,36980,2024,M12,4.3
LAUMT063710000000003,37100,2024,M13,4.6
LAUMT063710000000003,37100,2023,M13,4.2
LAUMT063710000000003,37100,2022,M13,3.7
LAUMT063710000000003,37100,2021,M13,6.2
LAUMT063710000000003,37100,2020,M13,8.7
LAUMT063710000000003,37100,2019,M13,3.6
LAUMT063710000000003,37100,2018,M13,3.8
LAUMT063710000000003,37100,2017,M13,4.5
LAUMT063710000000003,37100,2016,M13,5.2
LAUMT063710000000003,37100,2015,M13,5.7
LAUMT063710000000003,37100,2024,M12,4.6
LAUMT213714000000003,37140,2024,M13,4.8
LAUMT213714000000003,37140,2023,M13,4.3
LAUMT213714000000003,37140,2022,M13,4.3
LAUMT213714000000003,37140,2021,M13,4.9
LAUMT213714000000003,37140,2020,M13,7.0
LAUMT213714000000003,37140,2019,M13,4.7
LAUMT213714000000003,37140,2018,M13,5.6
LAUMT213714000000003,37140,2017,M13,6.1
LAUMT213714000000003,37140,2016,M13,6.1
LAUMT213714000000003,37140,2015,M13,6.1
LAUMT213714000000003,37140,2024,M12,4.4
LAUMT123734000000003,37340,2024,M13,3.5
LAUMT123734000000003,37340,2023,M13,3.0
LAUMT123734000000003,37340,2022,M13,3.0
LAUMT123734000000003,37340,2021,M13,4.2
LAUMT123734000000003,37340,2020,M13,6.9
LAUMT123734000000003,37340,2019,M13,3.3
LAUMT123734000000003,37340,2018,M13,3.6
LAUMT123734000000003,37340,2017,M13,4.4
LAUMT123734000000003,37340,2016,M13,5.2
LAUMT123734000000003,37340,2015,M13,6.1
LAUMT123734000000003,37340,2024,M12,3.3
LAUMT123746000000003,37460,2024,M13,3.4
LAUMT123746000000003,37460,2023,M13,2.9
LAUMT123746000000003,37460,2022,M13,2.9
LAUMT123746000000003,37460,2021,M13,4.1
LAUMT123746000000003,37460,2020,M13,6.3
LAUMT123746000000003,37460,2019,M13,3.8
LAUMT123746000000003,37460,2018,M13,4.1
LAUMT123746000000003,37460,2017,M13,4.2
LAUMT123746000000003,37460,2016,M13,4.8
LAUMT123746000000003,37460,2015,M13,5.6
LAUMT123746000000003,37460,2024,M12,3.3
LAUMT543762000000003,37620,2024,M13,4.3
LAUMT543762000000003,37620,2023,M13,4.1
LAUMT543762000000003,37620,2022,M13,4.1
LAUMT543762000000003,37620,2021,M13,5.4
LAUMT543762000000003,37620,2020,M13,8.7
LAUMT543762000000003,37620,2019,M13,5.2
LAUMT543762000000003,37620,2018,M13,5.3
LAUMT543762000000003,37620,2017,M13,5.5
LAUMT543762000000003,37620,2016,M13,5.8
LAUMT543762000000003,37620,2015,M13,6.3
LAUMT543762000000003,37620,2024,M12,3.6
LAUMT123786000000003,37860,2024,M13,3.5
LAUMT123786000000003,37860,2023,M13,3.0
LAUMT123786000000003,37860,2022,M13,3.0
LAUMT123786000000003,37860,2021,M13,4.3
LAUMT123786000000003,37860,2020,M13,6.5
LAUMT123786000000003,37860,2019,M13,3.2
LAUMT123786000000003,37860,2018,M13,3.6
LAUMT123786000000003,37860,2017,M13,4.1
LAUMT123786000000003,37860,2016,M13,4.8
LAUMT123786000000003,37860,2015,M13,5.4
LAUMT123786000000003,37860,2024,M12,3.4
LAUMT173790000000003,37900,2024,M13,4.9
LAUMT173790000000003,37900,2023,M13,4.9
LAUMT173790000000003,37900,2022,M13,4.6
LAUMT173790000000003,37900,2021,M13,5.9
LAUMT173790000000003,37900,2020,M13,8.6
LAUMT173790000000003,37900,2019,M13,4.5
LAUMT173790000000003,37900,2018,M13,5.2
LAUMT173790000000003,37900,2017,M13,5.4
LAUMT173790000000003,37900,2016,M13,6.4
LAUMT173790000000003,37900,2015,M13,6.4
LAUMT173790000000003,37900,2024,M12,4.5
LAUMT043806000000003,38060,2024,M13,3.3
LAUMT043806000000003,38060,2023,M13,3.3
LAUMT043806000000003,38060,2022,M13,3.3
LAUMT043806000000003,38060,2021,M13,4.6
LAUMT043806000000003,38060,2020,M13,7.3
LAUMT043806000000003,38060,2019,M13,4.1
LAUMT043806000000003,38060,2018,M13,4.1
LAUMT043806000000003,38060,2017,M13,4.3
LAUMT043806000000003,38060,2016,M13,4.7
LAUMT043806000000003,38060,2015,M13,5.2
LAUMT043806000000003,38060,2024,M12,3.3
LAUMT373824000000003,38240,2024,M13,3.3
LAUMT373824000000003,38240,2023,M13,3.4
LAUMT373824000000003,38240,2022,M13,3.6
LAUMT373824000000003,38240,2021,M13,4.5
LAUMT373824000000003,38240,2020,M13,7.0
LAUMT373824000000003,38240,2019,M13,3.7
LAUMT373824000000003,38240,2018,M13,3.8
LAUMT373824000000003,38240,2017,M13,4.3
LAUMT373824000000003,38240,2016,M13,4.9
LAUMT373824000000003,38240,2015,M13,5.7
LAUMT373824000000003,38240,2024,M12,3.0
LAUMT423830000000003,38300,2024,M13,3.8
LAUMT423830000000003,38300,2023,M13,3.7
LAUMT423830000000003,38300,2022,M13,4.3
LAUMT423830000000003,38300,2021,M13,6.0
LAUMT423830000000003,38300,2020,M13,9.0
LAUMT423830000000003,38300,2019,M13,4.3
LAUMT423830000000003,38300,2018,M13,4.4
LAUMT423830000000003,38300,2017,M13,5.1
LAUMT423830000000003,38300,2016,M13,5.6
LAUMT423830000000003,38300,2015,M13,5.5
LAUMT423830000000003,38300,2024,M12,3.6
LAUMT253834000000003,38340,2024,M13,4.0
LAUMT253834000000003,38340,2023,M13,3.7
LAUMT253834000000003,38340,2022,M13,4.2
LAUMT253834000000003,38340,2021,M13,6.2
LAUMT253834000000003,38340,2020,M13,9.6
LAUMT253834000000003,38340,2019,M13,3.6
LAUMT253834000000003,38340,2018,M13,4.1
LAUMT253834000000003,38340,2017,M13,4.4
LAUMT253834000000003,38340,2016,M13,4.5
LAUMT253834000000003,38340,2015,M13,5.4
LAUMT253834000000003,38340,2024,M12,4.0
LAUMT163854000000003,38540,2024,M13,3.9
LAUMT163854000000003,38540,2023,M13,3.4
LAUMT163854000000003,38540,2022,M13,3.2
LAUMT163854000000003,38540,2021,M13,3.9
LAUMT163854000000003,38540,2020,M13,5.5
LAUMT163854000000003,38540,2019,M13,3.1
LAUMT163854000000003,38540,2018,M13,3.0
LAUMT163854000000003,38540,2017,M13,3.4
LAUMT163854000000003,38540,2016,M13,3.9
LAUMT163854000000003,38540,2015,M13,3.7
LAUMT163854000000003,38540,2024,M12,3.9
LAUMT233886000000003,38860,2024,M13,2.5
LAUMT233886000000003,38860,2023,M13,2.2
LAUMT233886000000003,38860,2022,M13,2.4
LAUMT233886000000003,38860,2021,M13,4.1
LAUMT233886000000003,38860,2020,M13,4.8
LAUMT233886000000003,38860,2019,M13,2.4
LAUMT233886000000003,38860,2018,M13,2.6
LAUMT233886000000003,38860,2017,M13,2.8
LAUMT233886000000003,38860,2016,M13,3.1
LAUMT233886000000003,38860,2015,M13,3.6
LAUMT233886000000003,38860,2024,M12,2.8
LAUMT413890000000003,38900,2024,M13,4.1
LAUMT413890000000003,38900,2023,M13,3.5
LAUMT413890000000003,38900,2022,M13,3.6
LAUMT413890000000003,38900,2021,M13,4.9
LAUMT413890000000003,38900,2020,M13,7.6
LAUMT413890000000003,38900,2019,M13,3.5
LAUMT413890000000003,38900,2018,M13,3.8
LAUMT413890000000003,38900,2017,M13,3.8
LAUMT413890000000003,38900,2016,M13,4.5
LAUMT413890000000003,38900,2015,M13,5.1
LAUMT413890000000003,38900,2024,M12,4.3
LAUMT123894000000003,38940,2024,M13,3.8
LAUMT123894000000003,38940,2023,M13,3.4
LAUMT123894000000003,38940,2022,M13,3.3
LAUMT123894000000003,38940,2021,M13,4.6
LAUMT123894000000003,38940,2020,M13,7.5
LAUMT123894000000003,38940,2019,M13,3.7
LAUMT123894000000003,38940,2018,M13,4.2
LAUMT123894000000003,38940,2017,M13,4.9
LAUMT123894000000003,38940,2016,M13,5.5
LAUMT123894000000003,38940,2015,M13,6.1
LAUMT123894000000003,38940,2024,M12,3.5
LAUMT043915000000003,39150,2024,M13,3.5
LAUMT043915000000003,39150,2023,M13,3.6
LAUMT043915000000003,39150,2022,M13,3.6
LAUMT043915000000003,39150,2021,M13,4.5
LAUMT043915000000003,39150,2020,M13,7.8
LAUMT043915000000003,39150,2019,M13,4.8
LAUMT043915000000003,39150,2018,M13,4.7
LAUMT043915000000003,39150,2017,M13,4.9
LAUMT043915000000003,39150,2016,M13,5.3
LAUMT043915000000003,39150,2015,M13,5.6
LAUMT043915000000003,39150,2024,M12,3.4
LAUMT443930000000003,39300,2024,M13,4.4
LAUMT443930000000003,39300,2023,M13,3.4
LAUMT443930000000003,39300,2022,M13,3.7
LAUMT443930000000003,39300,2021,M13,5.7
LAUMT443930000000003,39300,2020,M13,9.8
LAUMT443930000000003,39300,2019,M13,3.7
LAUMT443930000000003,39300,2018,M13,4.2
LAUMT443930000000003,39300,2017,M13,4.6
LAUMT443930000000003,39300,2016,M13,5.2
LAUMT443930000000003,39300,2015,M13,6.1
LAUMT443930000000003,39300,2024,M12,4.2
LAUMT493934000000003,39340,2024,M13,3.4
LAUMT493934000000003,39340,2023,M13,2.7
LAUMT493934000000003,39340,2022,M13,2.2
LAUMT493934000000003,39340,2021,M13,2.4
LAUMT493934000000003,39340,2020,M13,3.9
LAUMT493934000000003,39340,2019,M13,2.4
LAUMT493934000000003,39340,2018,M13,2.7
LAUMT493934000000003,39340,2017,M13,2.8
LAUMT493934000000003,39340,2016,M13,3.0
LAUMT493934000000003,39340,2015,M13,3.2
LAUMT493934000000003,39340,2024,M12,3.1
LAUMT083938000000003,39380,2024,M13,5.7
LAUMT083938000000003,39380,2023,M13,4.7
LAUMT083938000000003,39380,2022,M13,4.6
LAUMT083938000000003,39380,2021,M13,8.2
LAUMT083938000000003,39380,2020,M13,7.9
LAUMT083938000000003,39380,2019,M13,4.0
LAUMT083938000000003,39380,2018,M13,4.6
LAUMT083938000000003,39380,2017,M13,4.1
LAUMT083938000000003,39380,2016,M13,4.7
LAUMT083938000000003,39380,2015,M13,5.4
LAUMT083938000000003,39380,2024,M12,5.7
LAUMT123946000000003,39460,2024,M13,4.1
LAUMT123946000000003,39460,2023,M13,3.7
LAUMT123946000000003,39460,2022,M13,3.8
LAUMT123946000000003,39460,2021,M13,4.8
LAUMT123946000000003,39460,2020,M13,8.0
LAUMT123946000000003,39460,2019,M13,3.9
LAUMT123946000000003,39460,2018,M13,4.3
LAUMT123946000000003,39460,2017,M13,5.0
LAUMT123946000000003,39460,2016,M13,5.6
LAUMT123946000000003,39460,2015,M13,6.1
LAUMT123946000000003,39460,2024,M12,4.0
LAUMT553954000000003,39540,2024,M13,3.5
LAUMT553954000000003,39540,2023,M13,3.3
LAUMT553954000000003,39540,2022,M13,3.4
LAUMT553954000000003,39540,2021,M13,4.6
LAUMT553954000000003,39540,2020,M13,7.3
LAUMT553954000000003,39540,2019,M13,3.9
LAUMT553954000000003,39540,2018,M13,3.6
LAUMT553954000000003,39540,2017,M13,4.0
LAUMT553954000000003,39540,2016,M13,4.8
LAUMT553954000000003,39540,2015,M13,5.5
LAUMT553954000000003,39540,2024,M12,3.2
LAUMT373958000000003,39580,2024,M13,3.2
LAUMT373958000000003,39580,2023,M13,3.0
LAUMT373958000000003,39580,2022,M13,3.1
LAUMT373958000000003,39580,2021,M13,4.0
LAUMT373958000000003,39580,2020,M13,6.2
LAUMT373958000000003,39580,2019,M13,3.4
LAUMT373958000000003,39580,2018,M13,3.4
LAUMT373958000000003,39580,2017,M13,3.9
LAUMT373958000000003,39580,2016,M13,4.3
LAUMT373958000000003,39580,2015,M13,4.8
LAUMT373958000000003,39580,2024,M12,2.9
LAUMT463966000000003,39660,2024,M13,1.8
LAUMT463966000000003,39660,2023,M13,1.8
LAUMT463966000000003,39660,2022,M13,1.9
LAUMT463966000000003,39660,2021,M13,2.6
LAUMT463966000000003,39660,2020,M13,4.7
LAUMT463966000000003,39660,2019,M13,2.9
LAUMT463966000000003,39660,2018,M13,2.9
LAUMT463966000000003,39660,2017,M13,3.1
LAUMT463966000000003,39660,2016,M13,3.1
LAUMT463966000000003,39660,2015,M13,3.2
LAUMT463966000000003,39660,2024,M12,1.9
LAUMT423974000000003,39740,2024,M13,3.9
LAUMT423974000000003,39740,2023,M13,3.7
LAUMT423974000000003,39740,2022,M13,4.1
LAUMT423974000000003,39740,2021,M13,6.1
LAUMT423974000000003,39740,2020,M13,9.2
LAUMT423974000000003,39740,2019,M13,4.3
LAUMT423974000000003,39740,2018,M13,4.3
LAUMT423974000000003,39740,2017,M13,4.6
LAUMT423974000000003,39740,2016,M13,4.9
LAUMT423974000000003,39740,2015,M13,5.0
LAUMT423974000000003,39740,2024,M12,3.5
LAUMT063982000000003,39820,2024,M13,5.3
LAUMT063982000000003,39820,2023,M13,4.8
LAUMT063982000000003,39820,2022,M13,4.5
LAUMT063982000000003,39820,2021,M13,6.6
LAUMT063982000000003,39820,2020,M13,8.5
LAUMT063982000000003,39820,2019,M13,4.6
LAUMT063982000000003,39820,2018,M13,4.9
LAUMT063982000000003,39820,2017,M13,5.7
LAUMT063982000000003,39820,2016,M13,6.8
LAUMT063982000000003,39820,2015,M13,7.8
LAUMT063982000000003,39820,2024,M12,5.2
LAUMT323990000000003,39900,2024,M13,4.7
LAUMT323990000000003,39900,2023,M13,4.4
LAUMT323990000000003,39900,2022,M13,4.1
LAUMT323990000000003,39900,2021,M13,4.2
LAUMT323990000000003,39900,2020,M13,8.2
LAUMT323990000000003,39900,2019,M13,3.5
LAUMT323990000000003,39900,2018,M13,3.7
LAUMT323990000000003,39900,2017,M13,4.3
LAUMT323990000000003,39900,2016,M13,5.3
LAUMT323990000000003,39900,2015,M13,6.6
LAUMT323990000000003,39900,2024,M12,4.4
LAUMT514006000000003,40060,2024,M13,3.0
LAUMT514006000000003,40060,2023,M13,2.8
LAUMT514006000000003,40060,2022,M13,2.8
LAUMT514006000000003,40060,2021,M13,4.0
LAUMT514006000000003,40060,2020,M13,6.8
LAUMT514006000000003,40060,2019,M13,2.8
LAUMT514006000000003,40060,2018,M13,3.1
LAUMT514006000000003,40060,2017,M13,3.7
LAUMT514006000000003,40060,2016,M13,4.1
LAUMT514006000000003,40060,2015,M13,4.5
LAUMT514006000000003,40060,2024,M12,2.8
LAUMT064014000000003,40140,2024,M13,5.2
LAUMT064014000000003,40140,2023,M13,4.7
LAUMT064014000000003,40140,2022,M13,4.2
LAUMT064014000000003,40140,2021,M13,7.4
LAUMT064014000000003,40140,2020,M13,9.9
LAUMT064014000000003,40140,2019,M13,4.1
LAUMT064014000000003,40140,2018,M13,4.3
LAUMT064014000000003,40140,2017,M13,5.2
LAUMT064014000000003,40140,2016,M13,6.1
LAUMT064014000000003,40140,2015,M13,6.6
LAUMT064014000000003,40140,2024,M12,4.9
LAUMT514022000000003,40220,2024,M13,3.0
LAUMT514022000000003,40220,2023,M13,2.7
LAUMT514022000000003,40220,2022,M13,2.7
LAUMT514022000000003,40220,2021,M13,3.8
LAUMT514022000000003,40220,2020,M13,6.4
LAUMT514022000000003,40220,2019,M13,2.8
LAUMT514022000000003,40220,2018,M13,3.1
LAUMT514022000000003,40220,2017,M13,3.8
LAUMT514022000000003,40220,2016,M13,4.0
LAUMT514022000000003,40220,2015,M13,4.4
LAUMT514022000000003,40220,2024,M12,2.7
LAUMT274034000000003,40340,2024,M13,2.6
LAUMT274034000000003,40340,2023,M13,2.3
LAUMT274034000000003,40340,2022,M13,2.1
LAUMT274034000000003,40340,2021,M13,3.2
LAUMT274034000000003,40340,2020,M13,5.5
LAUMT274034000000003,40340,2019,M13,2.9
LAUMT274034000000003,40340,2018,M13,2.6
LAUMT274034000000003,40340,2017,M13,2.9
LAUMT274034000000003,40340,2016,M13,3.3
LAUMT274034000000003,40340,2015,M13,3.3
LAUMT274034000000003,40340,2024,M12,2.6
LAUMT364038000000003,40380,2024,M13,3.6
LAUMT364038000000003,40380,2023,M13,3.4
LAUMT364038000000003,40380,2022,M13,3.4
LAUMT364038000000003,40380,2021,M13,4.9
LAUMT364038000000003,40380,2020,M13,7.8
LAUMT364038000000003,40380,2019,M13,3.9
LAUMT364038000000003,40380,2018,M13,4.2
LAUMT364038000000003,40380,2017,M13,4.8
LAUMT364038000000003,40380,2016,M13,4.7
LAUMT364038000000003,40380,2015,M13,5.1
LAUMT364038000000003,40380,2024,M12,3.4
LAUMT174042000000003,40420,2024,M13,5.6
LAUMT174042000000003,40420,2023,M13,6.2
LAUMT174042000000003,40420,2022,M13,6.0
LAUMT174042000000003,40420,2021,M13,8.4
LAUMT174042000000003,40420,2020,M13,11.0
LAUMT174042000000003,40420,2019,M13,5.4
LAUMT174042000000003,40420,2018,M13,5.7
LAUMT174042000000003,40420,2017,M13,6.4
LAUMT174042000000003,40420,2016,M13,6.5
LAUMT174042000000003,40420,2015,M13,6.9
LAUMT174042000000003,40420,2024,M12,4.8
LAUMT374058000000003,40580,2024,M13,4.7
LAUMT374058000000003,40580,2023,M13,4.8
LAUMT374058000000003,40580,2022,M13,5.4
LAUMT374058000000003,40580,2021,M13,6.8
LAUMT374058000000003,40580,2020,M13,8.8
LAUMT374058000000003,40580,2019,M13,5.0
LAUMT374058000000003,40580,2018,M13,5.7
LAUMT374058000000003,40580,2017,M13,6.5
LAUMT374058000000003,40580,2016,M13,7.2
LAUMT374058000000003,40580,2015,M13,8.0
LAUMT374058000000003,40580,2024,M12,4.3
LAUMT134066000000003,40660,2024,M13,3.4
LAUMT134066000000003,40660,2023,M13,3.2
LAUMT134066000000003,40660,2022,M13,3.2
LAUMT134066000000003,40660,2021,M13,3.7
LAUMT134066000000003,40660,2020,M13,6.3
LAUMT134066000000003,40660,2019,M13,4.1
LAUMT134066000000003,40660,2018,M13,4.4
LAUMT134066000000003,40660,2017,M13,5.3
LAUMT134066000000003,40660,2016,M13,6.1
LAUMT134066000000003,40660,2015,M13,6.8
LAUMT134066000000003,40660,2024,M12,3.2
LAUMT064090000000003,40900,2024,M13,4.7
LAUMT064090000000003,40900,2023,M13,4.2
LAUMT064090000000003,40900,2022,M13,3.8
LAUMT064090000000003,40900,2021,M13,6.3
LAUMT064090000000003,40900,2020,M13,8.7
LAUMT064090000000003,40900,2019,M13,3.6
LAUMT064090000000003,40900,2018,M13,3.7
LAUMT064090000000003,40900,2017,M13,4.5
LAUMT064090000000003,40900,2016,M13,5.2
LAUMT064090000000003,40900,2015,M13,5.9
LAUMT064090000000003,40900,2024,M12,4.5
LAUMT264098000000003,40980,2024,M13,5.8
LAUMT264098000000003,40980,2023,M13,5.2
LAUMT264098000000003,40980,2022,M13,5.4
LAUMT264098000000003,40980,2021,M13,6.7
LAUMT264098000000003,40980,2020,M13,10.3
LAUMT264098000000003,40980,2019,M13,4.8
LAUMT264098000000003,40980,2018,M13,4.8
LAUMT264098000000003,40980,2017,M13,5.3
LAUMT264098000000003,40980,2016,M13,5.3
LAUMT264098000000003,40980,2015,M13,5.7
LAUMT264098000000003,40980,2024,M12,6.2
LAUMT274106000000003,41060,2024,M13,3.3
LAUMT274106000000003,41060,2023,M13,3.0
LAUMT274106000000003,41060,2022,M13,2.6
LAUMT274106000000003,41060,2021,M13,4.1
LAUMT274106000000003,41060,2020,M13,6.1
LAUMT274106000000003,41060,2019,M13,3.4
LAUMT274106000000003,41060,2018,M13,3.2
LAUMT274106000000003,41060,2017,M13,3.6
LAUMT274106000000003,41060,2016,M13,4.0
LAUMT274106000000003,41060,2015,M13,3.9
LAUMT274106000000003,41060,2024,M12,3.4
LAUMT494110000000003,41100,2024,M13,3.4
LAUMT494110000000003,41100,2023,M13,3.0
LAUMT494110000000003,41100,2022,M13,2.7
LAUMT494110000000003,41100,2021,M13,3.0
LAUMT494110000000003,41100,2020,M13,5.5
LAUMT494110000000003,41100,2019,M13,2.9
LAUMT494110000000003,41100,2018,M13,3.2
LAUMT494110000000003,41100,2017,M13,3.4
LAUMT494110000000003,41100,2016,M13,3.6
LAUMT494110000000003,41100,2015,M13,4.0
LAUMT494110000000003,41100,2024,M12,3.1
LAUMT294114000000003,41140,2024,M13,3.9
LAUMT294114000000003,41140,2023,M13,3.2
LAUMT294114000000003,41140,2022,M13,2.7
LAUMT294114000000003,41140,2021,M13,3.7
LAUMT294114000000003,41140,2020,M13,5.2
LAUMT294114000000003,41140,2019,M13,3.2
LAUMT294114000000003,41140,2018,M13,3.2
LAUMT294114000000003,41140,2017,M13,3.8
LAUMT294114000000003,41140,2016,M13,4.4
LAUMT294114000000003,41140,2015,M13,4.6
LAUMT294114000000003,41140,2024,M12,3.5
LAUMT294118000000003,41180,2024,M13,3.7
LAUMT294118000000003,41180,2023,M13,3.3
LAUMT294118000000003,41180,2022,M13,2.9
LAUMT294118000000003,41180,2021,M13,4.4
LAUMT294118000000003,41180,2020,M13,6.8
LAUMT294118000000003,41180,2019,M13,3.3
LAUMT294118000000003,41180,2018,M13,3.5
LAUMT294118000000003,41180,2017,M13,3.8
LAUMT294118000000003,41180,2016,M13,4.6
LAUMT294118000000003,41180,2015,M13,5.1
LAUMT294118000000003,41180,2024,M12,3.4
LAUMT414142000000003,41420,2024,M13,4.2
LAUMT414142000000003,41420,2023,M13,3.8
LAUMT414142000000003,41420,2022,M13,4.0
LAUMT414142000000003,41420,2021,M13,5.0
LAUMT414142000000003,41420,2020,M13,6.8
LAUMT414142000000003,41420,2019,M13,3.9
LAUMT414142000000003,41420,2018,M13,4.1
LAUMT414142000000003,41420,2017,M13,4.2
LAUMT414142000000003,41420,2016,M13,4.9
LAUMT414142000000003,41420,2015,M13,5.8
LAUMT414142000000003,41420,2024,M12,4.5
LAUMT064150000000003,41500,2024,M13,7.3
LAUMT064150000000003,41500,2023,M13,7.0
LAUMT064150000000003,41500,2022,M13,6.2
LAUMT064150000000003,41500,2021,M13,8.4
LAUMT064150000000003,41500,2020,M13,11.2
LAUMT064150000000003,41500,2019,M13,6.4
LAUMT064150000000003,41500,2018,M13,6.5
LAUMT064150000000003,41500,2017,M13,7.3
LAUMT064150000000003,41500,2016,M13,7.8
LAUMT064150000000003,41500,2015,M13,8.1
LAUMT064150000000003,41500,2024,M12,8.9
LAUMT244154000000003,41540,2024,M13,3.7
LAUMT244154000000003,41540,2023,M13,2.7
LAUMT244154000000003,41540,2022,M13,3.5
LAUMT244154000000003,41540,2021,M13,5.5
LAUMT244154000000003,41540,2020,M13,7.0
LAUMT244154000000003,41540,2019,M13,4.5
LAUMT244154000000003,41540,2018,M13,5.2
LAUMT244154000000003,41540,2017,M13,5.6
LAUMT244154000000003,41540,2016,M13,5.8
LAUMT244154000000003,41540,2015,M13,6.9
LAUMT244154000000003,41540,2024,M12,3.8
LAUMT494162000000003,41620,2024,M13,3.3
LAUMT494162000000003,41620,2023,M13,2.8
LAUMT494162000000003,41620,2022,M13,2.4
LAUMT494162000000003,41620,2021,M13,2.9
LAUMT494162000000003,41620,2020,M13,5.3
LAUMT494162000000003,41620,2019,M13,2.5
LAUMT494162000000003,41620,2018,M13,2.9
LAUMT494162000000003,41620,2017,M13,3.1
LAUMT494162000000003,41620,2016,M13,3.2
LAUMT494162000000003,41620,2015,M13,3.3
LAUMT494162000000003,41620,2024,M12,3.1
LAUMT484166000000003,41660,2024,M13,3.2
LAUMT484166000000003,41660,2023,M13,3.2
LAUMT484166000000003,41660,2022,M13,3.2
LAUMT484166000000003,41660,2021,M13,4.6
LAUMT484166000000003,41660,2020,M13,6.1
LAUMT484166000000003,41660,2019,M13,2.9
LAUMT484166000000003,41660,2018,M13,3.0
LAUMT484166000000003,41660,2017,M13,3.5
LAUMT484166000000003,41660,2016,M13,4.3
LAUMT484166000000003,41660,2015,M13,4.1
LAUMT484166000000003,41660,2024,M12,2.9
LAUMT484170000000003,41700,2024,M13,3.8
LAUMT484170000000003,41700,2023,M13,3.7
LAUMT484170000000003,41700,2022,M13,3.7
LAUMT484170000000003,41700,2021,M13,5.2
LAUMT484170000000003,41700,2020,M13,7.3
LAUMT484170000000003,41700,2019,M13,3.1
LAUMT484170000000003,41700,2018,M13,3.3
LAUMT484170000000003,41700,2017,M13,3.5
LAUMT484170000000003,41700,2016,M13,3.8
LAUMT484170000000003,41700,2015,M13,3.8
LAUMT484170000000003,41700,2024,M12,3.5
LAUMT064174000000003,41740,2024,M13,4.3
LAUMT064174000000003,41740,2023,M13,3.7
LAUMT064174000000003,41740,2022,M13,3.4
LAUMT064174000000003,41740,2021,M13,6.4
LAUMT064174000000003,41740,2020,M13,9.2
LAUMT064174000000003,41740,2019,M13,3.2
LAUMT064174000000003,41740,2018,M13,3.3
LAUMT064174000000003,41740,2017,M13,4.0
LAUMT064174000000003,41740,2016,M13,4.6
LAUMT064174000000003,41740,2015,M13,5.2
LAUMT064174000000003,41740,2024,M12,4.1
LAUMT394178000000003,41780,2024,M13,5.4
LAUMT394178000000003,41780,2023,M13,4.8
LAUMT394178000000003,41780,2022,M13,5.1
LAUMT394178000000003,41780,2021,M13,6.5
LAUMT394178000000003,41780,2020,M13,10.1
LAUMT394178000000003,41780,2019,M13,5.3
LAUMT394178000000003,41780,2018,M13,5.9
LAUMT394178000000003,41780,2017,M13,6.4
LAUMT394178000000003,41780,2016,M13,6.0
LAUMT394178000000003,41780,2015,M13,6.0
LAUMT394178000000003,41780,2024,M12,6.7
LAUMT064194000000003,41940,2024,M13,4.2
LAUMT064194000000003,41940,2023,M13,3.6
LAUMT064194000000003,41940,2022,M13,2.8
LAUMT064194000000003,41940,2021,M13,5.0
LAUMT064194000000003,41940,2020,M13,7.4
LAUMT064194000000003,41940,2019,M13,2.7
LAUMT064194000000003,41940,2018,M13,2.8
LAUMT064194000000003,41940,2017,M13,3.4
LAUMT064194000000003,41940,2016,M13,4.0
LAUMT064194000000003,41940,2015,M13,4.3
LAUMT064194000000003,41940,2024,M12,4.0
LAUMT064202000000003,42020,2024,M13,4.0
LAUMT064202000000003,42020,2023,M13,3.6
LAUMT064202000000003,42020,2022,M13,3.2
LAUMT064202000000003,42020,2021,M13,5.5
LAUMT064202000000003,42020,2020,M13,8.1
LAUMT064202000000003,42020,2019,M13,3.0
LAUMT064202000000003,42020,2018,M13,3.1
LAUMT064202000000003,42020,2017,M13,3.8
LAUMT064202000000003,42020,2016,M13,4.5
LAUMT064202000000003,42020,2015,M13,4.7
LAUMT064202000000003,42020,2024,M12,3.8
LAUMT064210000000003,42100,2024,M13,5.9
LAUMT064210000000003,42100,2023,M13,5.5
LAUMT064210000000003,42100,2022,M13,4.8
LAUMT064210000000003,42100,2021,M13,6.7
LAUMT064210000000003,42100,2020,M13,9.6
LAUMT064210000000003,42100,2019,M13,4.9
LAUMT064210000000003,42100,2018,M13,4.9
LAUMT064210000000003,42100,2017,M13,5.7
LAUMT064210000000003,42100,2016,M13,6.9
LAUMT064210000000003,42100,2015,M13,7.5
LAUMT064210000000003,42100,2024,M12,6.2
LAUMT354214000000003,42140,2024,M13,3.6
LAUMT354214000000003,42140,2023,M13,3.3
LAUMT354214000000003,42140,2022,M13,3.7
LAUMT354214000000003,42140,2021,M13,6.5
LAUMT354214000000003,42140,2020,M13,7.7
LAUMT354214000000003,42140,2019,M13,4.1
LAUMT354214000000003,42140,2018,M13,4.2
LAUMT354214000000003,42140,2017,M13,5.1
LAUMT354214000000003,42140,2016,M13,5.4
LAUMT354214000000003,42140,2015,M13,5.4
LAUMT354214000000003,42140,2024,M12,3.3
LAUMT064220000000003,42200,2024,M13,4.5
LAUMT064220000000003,42200,2023,M13,4.0
LAUMT064220000000003,42200,2022,M13,3.6
LAUMT064220000000003,42200,2021,M13,5.8
LAUMT064220000000003,42200,2020,M13,8.2
LAUMT064220000000003,42200,2019,M13,3.7
LAUMT064220000000003,42200,2018,M13,3.9
LAUMT064220000000003,42200,2017,M13,4.5
LAUMT064220000000003,42200,2016,M13,5.0
LAUMT064220000000003,42200,2015,M13,5.3
LAUMT064220000000003,42200,2024,M12,4.6
LAUMT064222000000003,42220,2024,M13,4.1
LAUMT064222000000003,42220,2023,M13,3.6
LAUMT064222000000003,42220,2022,M13,3.2
LAUMT064222000000003,42220,2021,M13,5.6
LAUMT064222000000003,42220,2020,M13,8.1
LAUMT064222000000003,42220,2019,M13,2.7
LAUMT064222000000003,42220,2018,M13,2.8
LAUMT064222000000003,42220,2017,M13,3.4
LAUMT064222000000003,42220,2016,M13,4.0
LAUMT064222000000003,42220,2015,M13,4.5
LAUMT064222000000003,42220,2024,M12,4.0
LAUMT134234000000003,42340,2024,M13,2.9
LAUMT134234000000003,42340,2023,M13,2.9
LAUMT134234000000003,42340,2022,M13,3.0
LAUMT134234000000003,42340,2021,M13,3.9
LAUMT134234000000003,42340,2020,M13,6.8
LAUMT134234000000003,42340,2019,M13,3.3
LAUMT134234000000003,42340,2018,M13,3.6
LAUMT134234000000003,42340,2017,M13,4.3
LAUMT134234000000003,42340,2016,M13,5.1
LAUMT134234000000003,42340,2015,M13,5.8
LAUMT134234000000003,42340,2024,M12,2.5
LAUMT424254000000003,42540,2024,M13,4.4
LAUMT424254000000003,42540,2023,M13,4.4
LAUMT424254000000003,42540,2022,M13,4.9
LAUMT424254000000003,42540,2021,M13,7.1
LAUMT424254000000003,42540,2020,M13,10.0
LAUMT424254000000003,42540,2019,M13,5.3
LAUMT424254000000003,42540,2018,M13,5.2
LAUMT424254000000003,42540,2017,M13,5.7
LAUMT424254000000003,42540,2016,M13,6.0
LAUMT424254000000003,42540,2015,M13,6.3
LAUMT424254000000003,42540,2024,M12,4.1
LAUMT124268000000003,42680,2024,M13,4.0
LAUMT124268000000003,42680,2023,M13,3.6
LAUMT124268000000003,42680,2022,M13,3.6
LAUMT124268000000003,42680,2021,M13,5.1
LAUMT124268000000003,42680,2020,M13,7.9
LAUMT124268000000003,42680,2019,M13,4.0
LAUMT124268000000003,42680,2018,M13,4.5
LAUMT124268000000003,42680,2017,M13,5.2
LAUMT124268000000003,42680,2016,M13,6.2
LAUMT124268000000003,42680,2015,M13,6.9
LAUMT124268000000003,42680,2024,M12,3.7
LAUMT124270000000003,42700,2024,M13,4.8
LAUMT124270000000003,42700,2023,M13,4.3
LAUMT124270000000003,42700,2022,M13,4.3
LAUMT124270000000003,42700,2021,M13,6.1
LAUMT124270000000003,42700,2020,M13,8.1
LAUMT124270000000003,42700,2019,M13,4.7
LAUMT124270000000003,42700,2018,M13,4.9
LAUMT124270000000003,42700,2017,M13,5.7
LAUMT124270000000003,42700,2016,M13,6.7
LAUMT124270000000003,42700,2015,M13,7.6
LAUMT124270000000003,42700,2024,M12,4.7
LAUMT554310000000003,43100,2024,M13,2.5
LAUMT554310000000003,43100,2023,M13,2.3
LAUMT554310000000003,43100,2022,M13,2.4
LAUMT554310000000003,43100,2021,M13,3.1
LAUMT554310000000003,43100,2020,M13,5.8
LAUMT554310000000003,43100,2019,M13,2.6
LAUMT554310000000003,43100,2018,M13,2.5
LAUMT554310000000003,43100,2017,M13,2.8
LAUMT554310000000003,43100,2016,M13,3.3
LAUMT554310000000003,43100,2015,M13,3.7
LAUMT554310000000003,43100,2024,M12,2.3
LAUMT484330000000003,43300,2024,M13,3.9
LAUMT484330000000003,43300,2023,M13,3.8
LAUMT484330000000003,43300,2022,M13,3.7
LAUMT484330000000003,43300,2021,M13,4.6
LAUMT484330000000003,43300,2020,M13,5.9
LAUMT484330000000003,43300,2019,M13,3.1
LAUMT484330000000003,43300,2018,M13,3.3
LAUMT484330000000003,43300,2017,M13,3.6
LAUMT484330000000003,43300,2016,M13,3.9
LAUMT484330000000003,43300,2015,M13,4.1
LAUMT484330000000003,43300,2024,M12,3.5
LAUMT224334000000003,43340,2024,M13,4.3
LAUMT224334000000003,43340,2023,M13,3.8
LAUMT224334000000003,43340,2022,M13,3.7
LAUMT224334000000003,43340,2021,M13,5.4
LAUMT224334000000003,43340,2020,M13,8.4
LAUMT224334000000003,43340,2019,M13,4.9
LAUMT224334000000003,43340,2018,M13,5.0
LAUMT224334000000003,43340,2017,M13,5.4
LAUMT224334000000003,43340,2016,M13,6.2
LAUMT224334000000003,43340,2015,M13,6.6
LAUMT224334000000003,43340,2024,M12,4.0
LAUMT044342000000003,43420,2024,M13,4.4
LAUMT044342000000003,43420,2023,M13,4.5
LAUMT044342000000003,43420,2022,M13,4.5
LAUMT044342000000003,43420,2021,M13,5.2
LAUMT044342000000003,43420,2020,M13,7.2
LAUMT044342000000003,43420,2019,M13,6.1
LAUMT044342000000003,43420,2018,M13,5.8
LAUMT044342000000003,43420,2017,M13,6.0
LAUMT044342000000003,43420,2016,M13,6.7
LAUMT044342000000003,43420,2015,M13,7.3
LAUMT044342000000003,43420,2024,M12,4.6
LAUMT194358000000003,43580,2024,M13,3.0
LAUMT194358000000003,43580,2023,M13,2.8
LAUMT194358000000003,43580,2022,M13,2.8
LAUMT194358000000003,43580,2021,M13,3.8
LAUMT194358000000003,43580,2020,M13,5.2
LAUMT194358000000003,43580,2019,M13,2.9
LAUMT194358000000003,43580,2018,M13,2.8
LAUMT194358000000003,43580,2017,M13,3.3
LAUMT194358000000003,43580,2016,M13,3.6
LAUMT194358000000003,43580,2015,M13,3.7
LAUMT194358000000003,43580,2024,M12,3.2
LAUMT464362000000003,43620,2024,M13,1.7
LAUMT464362000000003,43620,2023,M13,1.7
LAUMT464362000000003,43620,2022,M13,1.7
LAUMT464362000000003,43620,2021,M13,2.3
LAUMT464362000000003,43620,2020,M13,3.9
LAUMT464362000000003,43620,2019,M13,2.4
LAUMT464362000000003,43620,2018,M13,2.4
LAUMT464362000000003,43620,2017,M13,2.6
LAUMT464362000000003,43620,2016,M13,2.5
LAUMT464362000000003,43620,2015,M13,2.5
LAUMT464362000000003,43620,2024,M12,1.9
LAUMT224364000000003,43640,2024,M13,3.8
LAUMT224364000000003,43640,2023,M13,3.2
LAUMT224364000000003,43640,2022,M13,2.8
LAUMT224364000000003,43640,2021,M13,3.8
LAUMT224364000000003,43640,2020,M13,6.8
LAUMT224364000000003,43640,2019,M13,3.9
LAUMT224364000000003,43640,2018,M13,4.0
LAUMT224364000000003,43640,2017,M13,4.1
LAUMT224364000000003,43640,2016,M13,4.8
LAUMT224364000000003,43640,2015,M13,5.3
LAUMT224364000000003,43640,2024,M12,3.6
LAUMT184378000000003,43780,2024,M13,4.8
LAUMT184378000000003,43780,2023,M13,4.1
LAUMT184378000000003,43780,2022,M13,3.6
LAUMT184378000000003,43780,2021,M13,4.7
LAUMT184378000000003,43780,2020,M13,8.8
LAUMT184378000000003,43780,2019,M13,3.7
LAUMT184378000000003,43780,2018,M13,3.6
LAUMT184378000000003,43780,2017,M13,3.7
LAUMT184378000000003,43780,2016,M13,4.5
LAUMT184378000000003,43780,2015,M13,5.0
LAUMT184378000000003,43780,2024,M12,4.3
LAUMT454390000000003,43900,2024,M13,4.3
LAUMT454390000000003,43900,2023,M13,3.1
LAUMT454390000000003,43900,2022,M13,3.3
LAUMT454390000000003,43900,2021,M13,4.1
LAUMT454390000000003,43900,2020,M13,6.6
LAUMT454390000000003,43900,2019,M13,2.6
LAUMT454390000000003,43900,2018,M13,3.2
LAUMT454390000000003,43900,2017,M13,4.1
LAUMT454390000000003,43900,2016,M13,4.8
LAUMT454390000000003,43900,2015,M13,5.8
LAUMT454390000000003,43900,2024,M12,4.1
LAUMT534406000000003,44060,2024,M13,4.5
LAUMT534406000000003,44060,2023,M13,4.1
LAUMT534406000000003,44060,2022,M13,4.2
LAUMT534406000000003,44060,2021,M13,5.1
LAUMT534406000000003,44060,2020,M13,8.5
LAUMT534406000000003,44060,2019,M13,5.5
LAUMT534406000000003,44060,2018,M13,5.5
LAUMT534406000000003,44060,2017,M13,5.5
LAUMT534406000000003,44060,2016,M13,6.2
LAUMT534406000000003,44060,2015,M13,6.8
LAUMT534406000000003,44060,2024,M12,4.7
LAUMT174410000000003,44100,2024,M13,4.3
LAUMT174410000000003,44100,2023,M13,4.4
LAUMT174410000000003,44100,2022,M13,4.3
LAUMT174410000000003,44100,2021,M13,5.7
LAUMT174410000000003,44100,2020,M13,8.2
LAUMT174410000000003,44100,2019,M13,4.1
LAUMT174410000000003,44100,2018,M13,4.6
LAUMT174410000000003,44100,2017,M13,4.6
LAUMT174410000000003,44100,2016,M13,5.1
LAUMT174410000000003,44100,2015,M13,5.2
LAUMT174410000000003,44100,2024,M12,3.8
LAUMT254414000000003,44140,2024,M13,5.0
LAUMT254414000000003,44140,2023,M13,4.4
LAUMT254414000000003,44140,2022,M13,4.8
LAUMT254414000000003,44140,2021,M13,6.9
LAUMT254414000000003,44140,2020,M13,11.0
LAUMT254414000000003,44140,2019,M13,4.3
LAUMT254414000000003,44140,2018,M13,4.9
LAUMT254414000000003,44140,2017,M13,5.3
LAUMT254414000000003,44140,2016,M13,5.5
LAUMT254414000000003,44140,2015,M13,6.4
LAUMT254414000000003,44140,2024,M12,4.8
LAUMT294418000000003,44180,2024,M13,3.4
LAUMT294418000000003,44180,2023,M13,2.8
LAUMT294418000000003,44180,2022,M13,2.3
LAUMT294418000000003,44180,2021,M13,3.3
LAUMT294418000000003,44180,2020,M13,5.4
LAUMT294418000000003,44180,2019,M13,2.9
LAUMT294418000000003,44180,2018,M13,2.8
LAUMT294418000000003,44180,2017,M13,3.3
LAUMT294418000000003,44180,2016,M13,4.1
LAUMT294418000000003,44180,2015,M13,4.5
LAUMT294418000000003,44180,2024,M12,3.0
LAUMT394422000000003,44220,2024,M13,4.8
LAUMT394422000000003,44220,2023,M13,3.8
LAUMT394422000000003,44220,2022,M13,4.2
LAUMT394422000000003,44220,2021,M13,5.6
LAUMT394422000000003,44220,2020,M13,8.3
LAUMT394422000000003,44220,2019,M13,4.4
LAUMT394422000000003,44220,2018,M13,4.6
LAUMT394422000000003,44220,2017,M13,4.9
LAUMT394422000000003,44220,2016,M13,5.4
LAUMT394422000000003,44220,2015,M13,5.1
LAUMT394422000000003,44220,2024,M12,5.1
LAUMT424430000000003,44300,2024,M13,3.0
LAUMT424430000000003,44300,2023,M13,2.9
LAUMT424430000000003,44300,2022,M13,3.4
LAUMT424430000000003,44300,2021,M13,4.4
LAUMT424430000000003,44300,2020,M13,5.8
LAUMT424430000000003,44300,2019,M13,3.3
LAUMT424430000000003,44300,2018,M13,3.4
LAUMT424430000000003,44300,2017,M13,3.8
LAUMT424430000000003,44300,2016,M13,4.2
LAUMT424430000000003,44300,2015,M13,4.1
LAUMT424430000000003,44300,2024,M12,2.7
LAUMT514442000000003,44420,2024,M13,2.6
LAUMT514442000000003,44420,2023,M13,2.4
LAUMT514442000000003,44420,2022,M13,2.4
LAUMT514442000000003,44420,2021,M13,3.3
LAUMT514442000000003,44420,2020,M13,5.3
LAUMT514442000000003,44420,2019,M13,2.5
LAUMT514442000000003,44420,2018,M13,2.8
LAUMT514442000000003,44420,2017,M13,3.4
LAUMT514442000000003,44420,2016,M13,3.7
LAUMT514442000000003,44420,2015,M13,4.2
LAUMT514442000000003,44420,2024,M12,2.3
LAUMT064470000000003,44700,2024,M13,6.5
LAUMT064470000000003,44700,2023,M13,6.0
LAUMT064470000000003,44700,2022,M13,5.2
LAUMT064470000000003,44700,2021,M13,8.3
LAUMT064470000000003,44700,2020,M13,11.1
LAUMT064470000000003,44700,2019,M13,5.7
LAUMT064470000000003,44700,2018,M13,5.9
LAUMT064470000000003,44700,2017,M13,6.8
LAUMT064470000000003,44700,2016,M13,7.9
LAUMT064470000000003,44700,2015,M13,8.9
LAUMT064470000000003,44700,2024,M12,6.4
LAUMT454494000000003,44940,2024,M13,5.1
LAUMT454494000000003,44940,2023,M13,3.8
LAUMT454494000000003,44940,2022,M13,3.8
LAUMT454494000000003,44940,2021,M13,4.5
LAUMT454494000000003,44940,2020,M13,6.6
LAUMT454494000000003,44940,2019,M13,3.3
LAUMT454494000000003,44940,2018,M13,4.0
LAUMT454494000000003,44940,2017,M13,5.2
LAUMT454494000000003,44940,2016,M13,5.8
LAUMT454494000000003,44940,2015,M13,6.8
LAUMT454494000000003,44940,2024,M12,5.2
LAUMT364506000000003,45060,2024,M13,3.6
LAUMT364506000000003,45060,2023,M13,3.5
LAUMT364506000000003,45060,2022,M13,3.4
LAUMT364506000000003,45060,2021,M13,4.9
LAUMT364506000000003,45060,2020,M13,8.0
LAUMT364506000000003,45060,2019,M13,4.0
LAUMT364506000000003,45060,2018,M13,4.2
LAUMT364506000000003,45060,2017,M13,5.0
LAUMT364506000000003,45060,2016,M13,4.9
LAUMT364506000000003,45060,2015,M13,5.4
LAUMT364506000000003,45060,2024,M12,3.4
LAUMT124522000000003,45220,2024,M13,3.4
LAUMT124522000000003,45220,2023,M13,3.1
LAUMT124522000000003,45220,2022,M13,3.1
LAUMT124522000000003,45220,2021,M13,4.4
LAUMT124522000000003,45220,2020,M13,6.1
LAUMT124522000000003,45220,2019,M13,3.2
LAUMT124522000000003,45220,2018,M13,3.5
LAUMT124522000000003,45220,2017,M13,4.1
LAUMT124522000000003,45220,2016,M13,4.7
LAUMT124522000000003,45220,2015,M13,5.3
LAUMT124522000000003,45220,2024,M12,3.3
LAUMT184546000000003,45460,2024,M13,4.2
LAUMT184546000000003,45460,2023,M13,3.6
LAUMT184546000000003,45460,2022,M13,3.4
LAUMT184546000000003,45460,2021,M13,4.2
LAUMT184546000000003,45460,2020,M13,7.2
LAUMT184546000000003,45460,2019,M13,4.0
LAUMT184546000000003,45460,2018,M13,4.2
LAUMT184546000000003,45460,2017,M13,4.1
LAUMT184546000000003,45460,2016,M13,5.1
LAUMT184546000000003,45460,2015,M13,6.1
LAUMT184546000000003,45460,2024,M12,3.7
LAUMT484550000000003,45500,2024,M13,4.2
LAUMT484550000000003,45500,2023,M13,4.0
LAUMT484550000000003,45500,2022,M13,4.4
LAUMT484550000000003,45500,2021,M13,5.7
LAUMT484550000000003,45500,2020,M13,7.5
LAUMT484550000000003,45500,2019,M13,4.5
LAUMT484550000000003,45500,2018,M13,5.1
LAUMT484550000000003,45500,2017,M13,4.7
LAUMT484550000000003,45500,2016,M13,4.7
LAUMT484550000000003,45500,2015,M13,4.9
LAUMT484550000000003,45500,2024,M12,4.0
LAUMT394578000000003,45780,2024,M13,5.6
LAUMT394578000000003,45780,2023,M13,4.1
LAUMT394578000000003,45780,2022,M13,4.2
LAUMT394578000000003,45780,2021,M13,5.9
LAUMT394578000000003,45780,2020,M13,9.5
LAUMT394578000000003,45780,2019,M13,4.5
LAUMT394578000000003,45780,2018,M13,4.9
LAUMT394578000000003,45780,2017,M13,5.5
LAUMT394578000000003,45780,2016,M13,5.0
LAUMT394578000000003,45780,2015,M13,5.1
LAUMT394578000000003,45780,2024,M12,5.7
LAUMT204582000000003,45820,2024,M13,3.7
LAUMT204582000000003,45820,2023,M13,3.0
LAUMT204582000000003,45820,2022,M13,3.0
LAUMT204582000000003,45820,2021,M13,3.4
LAUMT204582000000003,45820,2020,M13,5.8
LAUMT204582000000003,45820,2019,M13,3.5
LAUMT204582000000003,45820,2018,M13,3.6
LAUMT204582000000003,45820,2017,M13,3.8
LAUMT204582000000003,45820,2016,M13,4.2
LAUMT204582000000003,45820,2015,M13,4.2
LAUMT204582000000003,45820,2024,M12,3.3
LAUMT264590000000003,45900,2024,M13,4.3
LAUMT264590000000003,45900,2023,M13,3.9
LAUMT264590000000003,45900,2022,M13,4.1
LAUMT264590000000003,45900,2021,M13,5.2
LAUMT264590000000003,45900,2020,M13,9.0
LAUMT264590000000003,45900,2019,M13,4.0
LAUMT264590000000003,45900,2018,M13,4.2
LAUMT264590000000003,45900,2017,M13,4.7
LAUMT264590000000003,45900,2016,M13,4.9
LAUMT264590000000003,45900,2015,M13,5.3
LAUMT264590000000003,45900,2024,M12,4.9
LAUMT344594000000003,45940,2024,M13,4.6
LAUMT344594000000003,45940,2023,M13,4.2
LAUMT344594000000003,45940,2022,M13,3.7
LAUMT344594000000003,45940,2021,M13,6.1
LAUMT344594000000003,45940,2020,M13,8.0
LAUMT344594000000003,45940,2019,M13,3.4
LAUMT344594000000003,45940,2018,M13,3.8
LAUMT344594000000003,45940,2017,M13,4.4
LAUMT344594000000003,45940,2016,M13,4.7
LAUMT344594000000003,45940,2015,M13,4.9
LAUMT344594000000003,45940,2024,M12,4.4
LAUMT044606000000003,46060,2024,M13,3.7
LAUMT044606000000003,46060,2023,M13,3.6
LAUMT044606000000003,46060,2022,M13,3.7
LAUMT044606000000003,46060,2021,M13,5.1
LAUMT044606000000003,46060,2020,M13,7.6
LAUMT044606000000003,46060,2019,M13,4.5
LAUMT044606000000003,46060,2018,M13,4.4
LAUMT044606000000003,46060,2017,M13,4.6
LAUMT044606000000003,46060,2016,M13,5.1
LAUMT044606000000003,46060,2015,M13,5.5
LAUMT044606000000003,46060,2024,M12,3.6
LAUMT404614000000003,46140,2024,M13,3.2
LAUMT404614000000003,46140,2023,M13,3.2
LAUMT404614000000003,46140,2022,M13,3.1
LAUMT404614000000003,46140,2021,M13,4.1
LAUMT404614000000003,46140,2020,M13,6.5
LAUMT404614000000003,46140,2019,M13,3.1
LAUMT404614000000003,46140,2018,M13,3.3
LAUMT404614000000003,46140,2017,M13,4.2
LAUMT404614000000003,46140,2016,M13,4.7
LAUMT404614000000003,46140,2015,M13,4.3
LAUMT404614000000003,46140,2024,M12,2.8
LAUMT014622000000003,46220,2024,M13,3.2
LAUMT014622000000003,46220,2023,M13,2.6
LAUMT014622000000003,46220,2022,M13,2.7
LAUMT014622000000003,46220,2021,M13,3.8
LAUMT014622000000003,46220,2020,M13,7.4
LAUMT014622000000003,46220,2019,M13,3.1
LAUMT014622000000003,46220,2018,M13,3.8
LAUMT014622000000003,46220,2017,M13,4.5
LAUMT014622000000003,46220,2016,M13,5.8
LAUMT014622000000003,46220,2015,M13,5.8
LAUMT014622000000003,46220,2024,M12,2.7
LAUMT164630000000003,46300,2024,M13,3.4
LAUMT164630000000003,46300,2023,M13,3.1
LAUMT164630000000003,46300,2022,M13,2.8
LAUMT164630000000003,46300,2021,M13,3.3
LAUMT164630000000003,46300,2020,M13,4.9
LAUMT164630000000003,46300,2019,M13,2.6
LAUMT164630000000003,46300,2018,M13,2.6
LAUMT164630000000003,46300,2017,M13,2.8
LAUMT164630000000003,46300,2016,M13,3.2
LAUMT164630000000003,46300,2015,M13,3.4
LAUMT164630000000003,46300,2024,M12,3.4
LAUMT484634000000003,46340,2024,M13,3.8
LAUMT484634000000003,46340,2023,M13,3.7
LAUMT484634000000003,46340,2022,M13,3.8
LAUMT484634000000003,46340,2021,M13,5.2
LAUMT484634000000003,46340,2020,M13,6.8
LAUMT484634000000003,46340,2019,M13,3.4
LAUMT484634000000003,46340,2018,M13,3.7
LAUMT484634000000003,46340,2017,M13,4.1
LAUMT484634000000003,46340,2016,M13,4.6
LAUMT484634000000003,46340,2015,M13,4.5
LAUMT484634000000003,46340,2024,M12,3.5
LAUMT154652000000003,46520,2024,M13,2.5
LAUMT154652000000003,46520,2023,M13,2.6
LAUMT154652000000003,46520,2022,M13,3.2
LAUMT154652000000003,46520,2021,M13,5.4
LAUMT154652000000003,46520,2020,M13,10.0
LAUMT154652000000003,46520,2019,M13,2.4
LAUMT154652000000003,46520,2018,M13,2.3
LAUMT154652000000003,46520,2017,M13,2.1
LAUMT154652000000003,46520,2016,M13,2.7
LAUMT154652000000003,46520,2015,M13,3.2
LAUMT154652000000003,46520,2024,M12,2.3
LAUMT364654000000003,46540,2024,M13,3.8
LAUMT364654000000003,46540,2023,M13,3.6
LAUMT364654000000003,46540,2022,M13,3.6
LAUMT364654000000003,46540,2021,M13,5.2
LAUMT364654000000003,46540,2020,M13,7.7
LAUMT364654000000003,46540,2019,M13,4.2
LAUMT364654000000003,46540,2018,M13,4.4
LAUMT364654000000003,46540,2017,M13,5.1
LAUMT364654000000003,46540,2016,M13,5.0
LAUMT364654000000003,46540,2015,M13,5.5
LAUMT364654000000003,46540,2024,M12,3.6
LAUMT134666000000003,46660,2024,M13,3.8
LAUMT134666000000003,46660,2023,M13,3.6
LAUMT134666000000003,46660,2022,M13,3.4
LAUMT134666000000003,46660,2021,M13,4.1
LAUMT134666000000003,46660,2020,M13,6.1
LAUMT134666000000003,46660,2019,M13,3.8
LAUMT134666000000003,46660,2018,M13,4.2
LAUMT134666000000003,46660,2017,M13,4.8
LAUMT134666000000003,46660,2016,M13,5.5
LAUMT134666000000003,46660,2015,M13,6.0
LAUMT134666000000003,46660,2024,M12,3.6
LAUMT064670000000003,46700,2024,M13,4.9
LAUMT064670000000003,46700,2023,M13,4.4
LAUMT064670000000003,46700,2022,M13,4.1
LAUMT064670000000003,46700,2021,M13,7.2
LAUMT064670000000003,46700,2020,M13,9.4
LAUMT064670000000003,46700,2019,M13,3.7
LAUMT064670000000003,46700,2018,M13,3.8
LAUMT064670000000003,46700,2017,M13,4.7
LAUMT064670000000003,46700,2016,M13,5.4
LAUMT064670000000003,46700,2015,M13,6.1
LAUMT064670000000003,46700,2024,M12,4.9
LAUMT484702000000003,47020,2024,M13,4.1
LAUMT484702000000003,47020,2023,M13,4.0
LAUMT484702000000003,47020,2022,M13,4.2
LAUMT484702000000003,47020,2021,M13,6.2
LAUMT484702000000003,47020,2020,M13,8.2
LAUMT484702000000003,47020,2019,M13,3.5
LAUMT484702000000003,47020,2018,M13,3.9
LAUMT484702000000003,47020,2017,M13,4.9
LAUMT484702000000003,47020,2016,M13,5.5
LAUMT484702000000003,47020,2015,M13,4.2
LAUMT484702000000003,47020,2024,M12,3.7
LAUMT344722000000003,47220,2024,M13,7.3
LAUMT344722000000003,47220,2023,M13,6.8
LAUMT344722000000003,47220,2022,M13,5.7
LAUMT344722000000003,47220,2021,M13,8.6
LAUMT344722000000003,47220,2020,M13,11.1
LAUMT344722000000003,47220,2019,M13,5.7
LAUMT344722000000003,47220,2018,M13,6.6
LAUMT344722000000003,47220,2017,M13,7.2
LAUMT344722000000003,47220,2016,M13,7.9
LAUMT344722000000003,47220,2015,M13,8.8
LAUMT344722000000003,47220,2024,M12,7.4
LAUMT514726000000003,47260,2024,M13,3.1
LAUMT514726000000003,47260,2023,M13,2.9
LAUMT514726000000003,47260,2022,M13,3.0
LAUMT514726000000003,47260,2021,M13,4.5
LAUMT514726000000003,47260,2020,M13,7.4
LAUMT514726000000003,47260,2019,M13,3.1
LAUMT514726000000003,47260,2018,M13,3.3
LAUMT514726000000003,47260,2017,M13,4.1
LAUMT514726000000003,47260,2016,M13,4.6
LAUMT514726000000003,47260,2015,M13,4.8
LAUMT514726000000003,47260,2024,M12,2.9
LAUMT064730000000003,47300,2024,M13,10.5
LAUMT064730000000003,47300,2023,M13,9.8
LAUMT064730000000003,47300,2022,M13,8.2
LAUMT064730000000003,47300,2021,M13,10.6
LAUMT064730000000003,47300,2020,M13,13.3
LAUMT064730000000003,47300,2019,M13,9.7
LAUMT064730000000003,47300,2018,M13,9.7
LAUMT064730000000003,47300,2017,M13,10.4
LAUMT064730000000003,47300,2016,M13,11.2
LAUMT064730000000003,47300,2015,M13,11.7
LAUMT064730000000003,47300,2024,M12,10.3
LAUMT484738000000003,47380,2024,M13,3.8
LAUMT484738000000003,47380,2023,M13,3.8
LAUMT484738000000003,47380,2022,M13,3.8
LAUMT484738000000003,47380,2021,M13,5.0
LAUMT484738000000003,47380,2020,M13,6.2
LAUMT484738000000003,47380,2019,M13,3.4
LAUMT484738000000003,47380,2018,M13,3.7
LAUMT484738000000003,47380,2017,M13,4.0
LAUMT484738000000003,47380,2016,M13,4.1
LAUMT484738000000003,47380,2015,M13,4.1
LAUMT484738000000003,47380,2024,M12,3.4
LAUMT534746000000003,47460,2024,M13,4.1
LAUMT534746000000003,47460,2023,M13,3.9
LAUMT534746000000003,47460,2022,M13,4.0
LAUMT534746000000003,47460,2021,M13,4.5
LAUMT534746000000003,47460,2020,M13,6.7
LAUMT534746000000003,47460,2019,M13,5.1
LAUMT534746000000003,47460,2018,M13,4.9
LAUMT534746000000003,47460,2017,M13,5.0
LAUMT534746000000003,47460,2016,M13,5.4
LAUMT534746000000003,47460,2015,M13,5.9
LAUMT534746000000003,47460,2024,M12,4.1
LAUMT134758000000003,47580,2024,M13,3.1
LAUMT134758000000003,47580,2023,M13,3.0
LAUMT134758000000003,47580,2022,M13,3.2
LAUMT134758000000003,47580,2021,M13,3.6
LAUMT134758000000003,47580,2020,M13,5.1
LAUMT134758000000003,47580,2019,M13,3.4
LAUMT134758000000003,47580,2018,M13,4.0
LAUMT134758000000003,47580,2017,M13,4.7
LAUMT134758000000003,47580,2016,M13,5.4
LAUMT134758000000003,47580,2015,M13,6.2
LAUMT134758000000003,47580,2024,M12,2.7
LAUMT094793000000003,47930,2024,M13,3.8
LAUMT094793000000003,47930,2023,M13,3.7
LAUMT094793000000003,47930,2022,M13,4.5
LAUMT094793000000003,47930,2021,M13,7.0
LAUMT094793000000003,47930,2020,M13,8.5
LAUMT094793000000003,47930,2019,M13,4.0
LAUMT094793000000003,47930,2018,M13,4.4
LAUMT094793000000003,47930,2017,M13,4.9
LAUMT094793000000003,47930,2016,M13,5.4
LAUMT094793000000003,47930,2015,M13,6.4
LAUMT094793000000003,47930,2024,M12,3.5
LAUMT194794000000003,47940,2024,M13,3.6
LAUMT194794000000003,47940,2023,M13,3.0
LAUMT194794000000003,47940,2022,M13,2.9
LAUMT194794000000003,47940,2021,M13,3.9
LAUMT194794000000003,47940,2020,M13,5.5
LAUMT194794000000003,47940,2019,M13,2.9
LAUMT194794000000003,47940,2018,M13,2.6
LAUMT194794000000003,47940,2017,M13,3.5
LAUMT194794000000003,47940,2016,M13,4.3
LAUMT194794000000003,47940,2015,M13,4.3
LAUMT194794000000003,47940,2024,M12,3.9
LAUMT364806000000003,48060,2024,M13,4.4
LAUMT364806000000003,48060,2023,M13,4.1
LAUMT364806000000003,48060,2022,M13,4.1
LAUMT364806000000003,48060,2021,M13,5.1
LAUMT364806000000003,48060,2020,M13,8.4
LAUMT364806000000003,48060,2019,M13,5.3
LAUMT364806000000003,48060,2018,M13,5.5
LAUMT364806000000003,48060,2017,M13,6.4
LAUMT364806000000003,48060,2016,M13,6.3
LAUMT364806000000003,48060,2015,M13,6.6
LAUMT364806000000003,48060,2024,M12,4.5
LAUMT554814000000003,48140,2024,M13,2.6
LAUMT554814000000003,48140,2023,M13,2.5
LAUMT554814000000003,48140,2022,M13,2.4
LAUMT554814000000003,48140,2021,M13,3.0
LAUMT554814000000003,48140,2020,M13,5.0
LAUMT554814000000003,48140,2019,M13,2.7
LAUMT554814000000003,48140,2018,M13,2.6
LAUMT554814000000003,48140,2017,M13,2.9
LAUMT554814000000003,48140,2016,M13,3.4
LAUMT554814000000003,48140,2015,M13,3.9
LAUMT554814000000003,48140,2024,M12,2.4
LAUMT534830000000003,48300,2024,M13,4.7
LAUMT534830000000003,48300,2023,M13,4.4
LAUMT534830000000003,48300,2022,M13,4.5
LAUMT534830000000003,48300,2021,M13,5.3
LAUMT534830000000003,48300,2020,M13,8.5
LAUMT534830000000003,48300,2019,M13,5.5
LAUMT534830000000003,48300,2018,M13,5.2
LAUMT534830000000003,48300,2017,M13,5.4
LAUMT534830000000003,48300,2016,M13,6.3
LAUMT534830000000003,48300,2015,M13,5.9
LAUMT534830000000003,48300,2024,M12,5.4
LAUMT544854000000003,48540,2024,M13,4.8
LAUMT544854000000003,48540,2023,M13,4.5
LAUMT544854000000003,48540,2022,M13,4.8
LAUMT544854000000003,48540,2021,M13,6.1
LAUMT544854000000003,48540,2020,M13,9.6
LAUMT544854000000003,48540,2019,M13,5.5
LAUMT544854000000003,48540,2018,M13,5.3
LAUMT544854000000003,48540,2017,M13,5.8
LAUMT544854000000003,48540,2016,M13,7.2
LAUMT544854000000003,48540,2015,M13,6.5
LAUMT544854000000003,48540,2024,M12,4.5
LAUMT204862000000003,48620,2024,M13,3.9
LAUMT204862000000003,48620,2023,M13,3.1
LAUMT204862000000003,48620,2022,M13,3.1
LAUMT204862000000003,48620,2021,M13,4.4
LAUMT204862000000003,48620,2020,M13,8.1
LAUMT204862000000003,48620,2019,M13,3.3
LAUMT204862000000003,48620,2018,M13,3.5
LAUMT204862000000003,48620,2017,M13,4.0
LAUMT204862000000003,48620,2016,M13,4.4
LAUMT204862000000003,48620,2015,M13,4.7
LAUMT204862000000003,48620,2024,M12,3.7
LAUMT484866000000003,48660,2024,M13,3.8
LAUMT484866000000003,48660,2023,M13,3.7
LAUMT484866000000003,48660,2022,M13,3.8
LAUMT484866000000003,48660,2021,M13,5.1
LAUMT484866000000003,48660,2020,M13,6.4
LAUMT484866000000003,48660,2019,M13,3.1
LAUMT484866000000003,48660,2018,M13,3.3
LAUMT484866000000003,48660,2017,M13,3.6
LAUMT484866000000003,48660,2016,M13,4.3
LAUMT484866000000003,48660,2015,M13,4.3
LAUMT484866000000003,48660,2024,M12,3.4
LAUMT124868000000003,48680,2024,M13,5.8
LAUMT124868000000003,48680,2023,M13,5.1
LAUMT124868000000003,48680,2022,M13,5.0
LAUMT124868000000003,48680,2021,M13,6.3
LAUMT124868000000003,48680,2020,M13,9.4
LAUMT124868000000003,48680,2019,M13,5.4
LAUMT124868000000003,48680,2018,M13,5.9
LAUMT124868000000003,48680,2017,M13,7.0
LAUMT124868000000003,48680,2016,M13,8.1
LAUMT124868000000003,48680,2015,M13,7.8
LAUMT124868000000003,48680,2024,M12,5.4
LAUMT424870000000003,48700,2024,M13,4.1
LAUMT424870000000003,48700,2023,M13,4.0
LAUMT424870000000003,48700,2022,M13,4.8
LAUMT424870000000003,48700,2021,M13,6.6
LAUMT424870000000003,48700,2020,M13,9.0
LAUMT424870000000003,48700,2019,M13,5.0
LAUMT424870000000003,48700,2018,M13,5.2
LAUMT424870000000003,48700,2017,M13,6.0
LAUMT424870000000003,48700,2016,M13,6.9
LAUMT424870000000003,48700,2015,M13,6.2
LAUMT424870000000003,48700,2024,M12,4.2
LAUMT374890000000003,48900,2024,M13,3.6
LAUMT374890000000003,48900,2023,M13,3.5
LAUMT374890000000003,48900,2022,M13,3.8
LAUMT374890000000003,48900,2021,M13,4.8
LAUMT374890000000003,48900,2020,M13,7.5
LAUMT374890000000003,48900,2019,M13,4.1
LAUMT374890000000003,48900,2018,M13,4.4
LAUMT374890000000003,48900,2017,M13,4.7
LAUMT374890000000003,48900,2016,M13,5.3
LAUMT374890000000003,48900,2015,M13,5.9
LAUMT374890000000003,48900,2024,M12,3.3
LAUMT514902000000003,49020,2024,M13,2.9
LAUMT514902000000003,49020,2023,M13,2.6
LAUMT514902000000003,49020,2022,M13,2.5
LAUMT514902000000003,49020,2021,M13,3.3
LAUMT514902000000003,49020,2020,M13,5.4
LAUMT514902000000003,49020,2019,M13,2.8
LAUMT514902000000003,49020,2018,M13,3.0
LAUMT514902000000003,49020,2017,M13,3.5
LAUMT514902000000003,49020,2016,M13,3.8
LAUMT514902000000003,49020,2015,M13,4.2
LAUMT514902000000003,49020,2024,M12,2.6
LAUMT374918000000003,49180,2024,M13,3.7
LAUMT374918000000003,49180,2023,M13,3.5
LAUMT374918000000003,49180,2022,M13,3.7
LAUMT374918000000003,49180,2021,M13,4.9
LAUMT374918000000003,49180,2020,M13,7.3
LAUMT374918000000003,49180,2019,M13,3.7
LAUMT374918000000003,49180,2018,M13,3.9
LAUMT374918000000003,49180,2017,M13,4.4
LAUMT374918000000003,49180,2016,M13,4.9
LAUMT374918000000003,49180,2015,M13,5.4
LAUMT374918000000003,49180,2024,M12,3.4
LAUMT254934000000003,49340,2024,M13,4.0
LAUMT254934000000003,49340,2023,M13,3.6
LAUMT254934000000003,49340,2022,M13,3.8
LAUMT254934000000003,49340,2021,M13,5.4
LAUMT254934000000003,49340,2020,M13,9.1
LAUMT254934000000003,49340,2019,M13,3.3
LAUMT254934000000003,49340,2018,M13,3.6
LAUMT254934000000003,49340,2017,M13,4.0
LAUMT254934000000003,49340,2016,M13,4.2
LAUMT254934000000003,49340,2015,M13,5.1
LAUMT254934000000003,49340,2024,M12,4.0
LAUMT534942000000003,49420,2024,M13,5.9
LAUMT534942000000003,49420,2023,M13,5.6
LAUMT534942000000003,49420,2022,M13,5.6
LAUMT534942000000003,49420,2021,M13,6.6
LAUMT534942000000003,49420,2020,M13,9.5
LAUMT534942000000003,49420,2019,M13,7.4
LAUMT534942000000003,49420,2018,M13,6.6
LAUMT534942000000003,49420,2017,M13,6.9
LAUMT534942000000003,49420,2016,M13,7.7
LAUMT534942000000003,49420,2015,M13,8.2
LAUMT534942000000003,49420,2024,M12,7.3
LAUMT424962000000003,49620,2024,M13,3.6
LAUMT424962000000003,49620,2023,M13,3.2
LAUMT424962000000003,49620,2022,M13,3.7
LAUMT424962000000003,49620,2021,M13,5.1
LAUMT424962000000003,49620,2020,M13,7.9
LAUMT424962000000003,49620,2019,M13,3.8
LAUMT424962000000003,49620,2018,M13,4.0
LAUMT424962000000003,49620,2017,M13,4.5
LAUMT424962000000003,49620,2016,M13,4.6
LAUMT424962000000003,49620,2015,M13,4.9
LAUMT424962000000003,49620,2024,M12,3.2
LAUMT394966000000003,49660,2024,M13,5.1
LAUMT394966000000003,49660,2023,M13,4.3
LAUMT394966000000003,49660,2022,M13,4.7
LAUMT394966000000003,49660,2021,M13,6.3
LAUMT394966000000003,49660,2020,M13,9.9
LAUMT394966000000003,49660,2019,M13,5.7
LAUMT394966000000003,49660,2018,M13,5.8
LAUMT394966000000003,49660,2017,M13,6.7
LAUMT394966000000003,49660,2016,M13,6.3
LAUMT394966000000003,49660,2015,M13,6.3
LAUMT394966000000003,49660,2024,M12,5.5
LAUMT064970000000003,49700,2024,M13,7.8
LAUMT064970000000003,49700,2023,M13,7.3
LAUMT064970000000003,49700,2022,M13,6.3
LAUMT064970000000003,49700,2021,M13,8.7
LAUMT064970000000003,49700,2020,M13,11.0
LAUMT064970000000003,49700,2019,M13,6.9
LAUMT064970000000003,49700,2018,M13,7.2
LAUMT064970000000003,49700,2017,M13,8.2
LAUMT064970000000003,49700,2016,M13,9.3
LAUMT064970000000003,49700,2015,M13,10.2
LAUMT064970000000003,49700,2024,M12,8.0
LAUMT044974000000003,49740,2024,M13,12.7
LAUMT044974000000003,49740,2023,M13,12.4
LAUMT044974000000003,49740,2022,M13,12.2
LAUMT044974000000003,49740,2021,M13,12.9
LAUMT044974000000003,49740,2020,M13,17.0
LAUMT044974000000003,49740,2019,M13,16.8
LAUMT044974000000003,49740,2018,M13,17.0
LAUMT044974000000003,49740,2017,M13,17.3
LAUMT044974000000003,49740,2016,M13,19.2
LAUMT044974000000003,49740,2015,M13,21.8
LAUMT044974000000003,49740,2024,M12,12.5
