cbsa_code,origin,horizon,q10,q50,q90,lo,hi,q50_pct,lo_pct,hi_pct,model
10180,2026Q2,1,0.007673931773751974,0.024770468473434448,0.043845292180776596,-0.01966213108971715,0.07118135504424572,2.507980538675869,-1.9470092081846246,7.3775942895,windowmlp
10180,2026Q2,2,0.026344042271375656,0.050338175147771835,0.08218082040548325,-0.00604165717959404,0.11456651985645294,5.162667025412504,-0.6023443068455037,12.138723310078348,windowmlp
10180,2026Q2,4,0.06914474815130234,0.1070704311132431,0.15882878005504608,0.020463857799768448,0.20750967040657997,11.301264243827823,2.0674678147964087,23.060961727789152,windowmlp
10180,2026Q2,8,0.14558570086956024,0.21072667837142944,0.30754756927490234,0.043159302324056625,0.40997396782040596,23.457487292805123,4.410420983026264,50.67785598722174,windowmlp
10420,2026Q2,1,-0.0014746887609362602,0.01658647507429123,0.036034852266311646,-0.028810751624405384,0.06337091512978077,1.6724794336786308,-2.839967914875663,6.542194707080684,windowmlp
10420,2026Q2,2,0.00718530360609293,0.03261765465140343,0.0618588924407959,-0.025200395844876766,0.0942445918917656,3.315544153678518,-2.488551644332404,9.88284775870991,windowmlp
10420,2026Q2,4,0.028539568185806274,0.06759326159954071,0.11427353322505951,-0.020141322165727615,0.1629544235765934,6.993003833183908,-1.9939840704819134,17.698304578839053,windowmlp
10420,2026Q2,8,0.06759002804756165,0.13607710599899292,0.22105267643928528,-0.03483637049794197,0.3234790749847889,14.577023594761451,-3.423656928142549,38.192723911698764,windowmlp
10500,2026Q2,1,0.000902772881090641,0.01877223514020443,0.038281846791505814,-0.026433289982378483,0.06561790965497494,1.894954128605475,-2.6086988577329606,6.781863601796445,windowmlp
10500,2026Q2,2,0.01193576492369175,0.03703857585787773,0.06706929206848145,-0.020449934527277946,0.09945499151945114,3.77330515087535,-2.0242252718597586,10.456875465982973,windowmlp
10500,2026Q2,4,0.03917373716831207,0.07791736721992493,0.12598806619644165,-0.009507153183221817,0.17466895654797554,8.103332619014147,-0.9462103081506301,19.085192761959526,windowmlp
10500,2026Q2,8,0.08959881961345673,0.15720641613006592,0.24584439396858215,-0.01282757893204689,0.34827079251408577,17.023714479480766,-1.2745656205625067,41.66158067613013,windowmlp
10540,2026Q2,1,-0.004012906923890114,0.014238394796848297,0.03374693542718887,-0.03134896978735924,0.061082998290658,1.4340243553547127,-3.0862685584101213,6.298713664132083,windowmlp
10540,2026Q2,2,0.0023261941969394684,0.02795593813061714,0.05638632923364639,-0.030059505254030228,0.08877202868461609,2.835037238337801,-2.96122113414089,9.283149369333255,windowmlp
10540,2026Q2,4,0.018724072724580765,0.05803350359201431,0.1032043918967247,-0.029956817626953125,0.1518852822482586,5.975050056392206,-2.951255940562414,16.402669424709828,windowmlp
10540,2026Q2,8,0.0534287691116333,0.12237074971199036,0.20509138703346252,-0.048997629433870316,0.30751778557896614,13.01730354431423,-4.781661309048435,36.00449974745528,windowmlp
10580,2026Q2,1,0.0026602516882121563,0.02030458301305771,0.039623409509658813,-0.024675811175256968,0.06695947237312794,2.0512123352084854,-2.437385214023502,6.92521430445856,windowmlp
10580,2026Q2,2,0.015743626281619072,0.04055020958185196,0.07099903374910355,-0.016642073169350624,0.10338473320007324,4.138359582476814,-1.6504358878398628,10.891796457284375,windowmlp
10580,2026Q2,4,0.046704284846782684,0.0852397233247757,0.13420827686786652,-0.0019766055047512054,0.1828891672194004,8.897808885866777,-0.19746533065442273,20.06813258560718,windowmlp
10580,2026Q2,8,0.10223358124494553,0.16930118203163147,0.25951460003852844,-0.0001928173005580902,0.36194099858403206,18.447682834463208,-0.01927987124971109,43.61142066889396,windowmlp
10740,2026Q2,1,-0.0019187554717063904,0.01621377468109131,0.03579316288232803,-0.029254818335175514,0.06312922574579716,1.634593121176442,-2.8831038724117852,6.5164477011879995,windowmlp
10740,2026Q2,2,0.006266956217586994,0.031723763793706894,0.060917213559150696,-0.026118743233382702,0.09330291301012039,3.2232325976762954,-2.5780599221420175,9.779422106039771,windowmlp
10740,2026Q2,4,0.027073703706264496,0.06612114608287811,0.1126222014427185,-0.021607186645269394,0.1613030917942524,6.835613648756733,-2.1375423638069324,17.50410601502057,windowmlp
10740,2026Q2,8,0.0678461566567421,0.1364414393901825,0.22169026732444763,-0.03458024188876152,0.32411666586995125,14.618775435653175,-3.3989177956472716,38.28086242803208,windowmlp
10780,2026Q2,1,0.00039044301956892014,0.018117137253284454,0.03730214014649391,-0.026945619843900204,0.06463820300996304,1.828224818969315,-2.658582550016897,6.677299929684777,windowmlp
10780,2026Q2,2,0.011943125165998936,0.03676237910985947,0.0663149282336235,-0.02044257428497076,0.0987006276845932,3.7446472592519875,-2.023504143763688,10.373582214478283,windowmlp
10780,2026Q2,4,0.038929156959056854,0.07766544818878174,0.12495361268520355,-0.009751733392477036,0.17363450303673744,8.076102762200987,-0.9704339423294739,18.962068360384766,windowmlp
10780,2026Q2,8,0.09372580051422119,0.160525381565094,0.24884769320487976,-0.008700598031282425,0.3512740917503834,17.412757395786606,-0.8662857363007426,42.087672313259695,windowmlp
10900,2026Q2,1,0.0024601593613624573,0.02016196772456169,0.039591316133737564,-0.024875903502106667,0.06692737899720669,2.036659309886546,-2.456904791705583,6.921782768425522,windowmlp
10900,2026Q2,2,0.015186173841357231,0.040062062442302704,0.07052277773618698,-0.017199525609612465,0.10290847718715668,4.087537145552078,-1.7052458139699689,10.83899614666921,windowmlp
10900,2026Q2,4,0.04582875221967697,0.08439160138368607,0.13332870602607727,-0.0028521381318569183,0.18200959637761116,8.80548941943049,-0.28480746500171294,19.962570588589724,windowmlp
10900,2026Q2,8,0.10116437077522278,0.16839846968650818,0.25867316126823425,-0.001262027770280838,0.36109955981373787,18.34080689528981,-0.12612317481369706,43.49063127725148,windowmlp
11020,2026Q2,1,0.004416482988744974,0.021775485947728157,0.040852904319763184,-0.02291957987472415,0.06818896718323231,2.2014302137945307,-2.2658921495093742,7.056759150797243,windowmlp
11020,2026Q2,2,0.019892504438757896,0.044253915548324585,0.07502497732639313,-0.0124931950122118,0.10741067677736282,4.524772584555503,-1.2415479028379917,11.339140459641527,windowmlp
11020,2026Q2,4,0.055536095052957535,0.09387202560901642,0.14361177384853363,0.006855204701423645,0.19229266420006752,9.841916739814804,0.6878755401372505,21.202518144375993,windowmlp
11020,2026Q2,8,0.1217963695526123,0.18765312433242798,0.28039127588272095,0.01936997100710869,0.38281767442822456,20.641496676467685,1.955878603902761,46.64106415345801,windowmlp
11100,2026Q2,1,0.000731506384909153,0.018534287810325623,0.03792548552155495,-0.02660455647855997,0.06526154838502407,1.8707113807054032,-2.625377296368514,6.743817460763801,windowmlp
11100,2026Q2,2,0.012064041569828987,0.037030335515737534,0.06688939779996872,-0.02032165788114071,0.09927509725093842,3.772450026859131,-2.0116564619497845,10.437006694361472,windowmlp
11100,2026Q2,4,0.039241962134838104,0.0779665932059288,0.12577949464321136,-0.009438928216695786,0.17446038499474525,8.108654243132651,-0.9394521361292263,19.06035756838591,windowmlp
11100,2026Q2,8,0.09198341518640518,0.15937452018260956,0.24802011251449585,-0.010442983359098434,0.35044651105999947,17.277709313206003,-1.0388644725356833,41.97013194309049,windowmlp
11180,2026Q2,1,-0.00128950085490942,0.01671500876545906,0.0361376628279686,-0.028625563718378544,0.06347372569143772,1.6855486126473584,-2.821973385851173,6.553148933054098,windowmlp
11180,2026Q2,2,0.007783006876707077,0.03308602422475815,0.06234635412693024,-0.02460269257426262,0.09473205357789993,3.3639453449525236,-2.4302513113136914,9.936424494197627,windowmlp
11180,2026Q2,4,0.02995002269744873,0.06894595921039581,0.1156148761510849,-0.01873086765408516,0.1642957665026188,7.137830945408008,-1.8556535115982764,17.85628429589259,windowmlp
11180,2026Q2,8,0.07263392210006714,0.14075934886932373,0.22638580203056335,-0.029792476445436478,0.32881220057606697,15.114758967985242,-2.9353055246797766,38.93169181695364,windowmlp
11200,2026Q2,1,0.0016022007912397385,0.019105402752757072,0.03815336525440216,-0.025733862072229385,0.06548942811787128,1.9289078830352357,-2.540556836070351,6.768144985139446,windowmlp
11200,2026Q2,2,0.01416485384106636,0.038864314556121826,0.06852732598781586,-0.018220845609903336,0.10091302543878555,3.9629411501487244,-1.805584964431317,10.618042802205906,windowmlp
11200,2026Q2,4,0.043702878057956696,0.08252891153097153,0.13046331703662872,-0.004978012293577194,0.1791442073881626,8.603007177722354,-0.49656425245123703,19.619323163227275,windowmlp
11200,2026Q2,8,0.09824594855308533,0.1652335226535797,0.2541000545024872,-0.004180449992418289,0.3565264530479908,17.966856588241107,-0.4171724075003991,42.83593144764073,windowmlp
11244,2026Q2,1,-0.001376233994960785,0.01667901873588562,0.036197200417518616,-0.02871229685842991,0.06353326328098774,1.6818890126005348,-2.830401575736441,6.5594930395550755,windowmlp
11244,2026Q2,2,0.007398946210741997,0.032762933522462845,0.06207899749279022,-0.0249867532402277,0.09446469694375992,3.330554809635222,-2.4677168189986665,9.907036190529507,windowmlp
11244,2026Q2,4,0.029390333220362663,0.06838597357273102,0.11512629687786102,-0.019290557131171227,0.1638071872293949,7.077852094043036,-1.9105685004591089,17.798716222595303,windowmlp
11244,2026Q2,8,0.07193906605243683,0.14022043347358704,0.22595137357711792,-0.030487332493066788,0.32837777212262154,15.052738565476798,-3.0027280874468265,38.871349045200596,windowmlp
11260,2026Q2,1,0.003335806541144848,0.020841822028160095,0.04005584493279457,-0.024000256322324276,0.0673919077962637,2.1060529579554954,-2.3714540485880953,6.97146255372012,windowmlp
11260,2026Q2,2,0.017543621361255646,0.04210761934518814,0.07263148576021194,-0.01484207808971405,0.10501718521118164,4.3006720411245425,-1.4732477352927265,11.072969831612077,windowmlp
11260,2026Q2,4,0.050762638449668884,0.08920131623744965,0.13836199045181274,0.0020817480981349945,0.18704288080334663,9.330073336308796,0.2083916440093203,20.567898442489184,windowmlp
11260,2026Q2,8,0.11306829005479813,0.1793520301580429,0.2709551155567169,0.01064189150929451,0.37338151410222054,19.644185365674673,1.0698717837723581,45.263843617709874,windowmlp
11460,2026Q2,1,-0.0007448093965649605,0.01722177304327488,0.03664737567305565,-0.028080872260034084,0.06398343853652477,1.7370922753947804,-2.7690269263826117,6.607474285738624,windowmlp
11460,2026Q2,2,0.008870286867022514,0.03410858288407326,0.06355041265487671,-0.02351541258394718,0.0959361121058464,3.4696951007756827,-2.3241079826023525,10.06887410618258,windowmlp
11460,2026Q2,4,0.03236418962478638,0.0712902694940567,0.1183001697063446,-0.016316700726747513,0.1669810600578785,7.389289898002871,-1.6184304433732755,18.173188316293377,windowmlp
11460,2026Q2,8,0.07743372768163681,0.1453505903482437,0.2317497730255127,-0.024992670863866806,0.3341761715710163,15.644493763833701,-2.468293976635494,39.67891964472252,windowmlp
11500,2026Q2,1,0.00360091682523489,0.021056752651929855,0.04026618227362633,-0.023735146038234234,0.06760224513709545,2.128001034180782,-2.345568285896271,6.993965013169334,windowmlp
11500,2026Q2,2,0.01806459203362465,0.04257601499557495,0.07318899780511856,-0.014321107417345047,0.10557469725608826,4.349537465523734,-1.421904814002195,11.134911615197574,windowmlp
11500,2026Q2,4,0.05173880606889725,0.09014027565717697,0.13943205773830414,0.0030579157173633575,0.18811294808983803,9.432778048760259,0.3062595910960475,20.69698325881575,windowmlp
11500,2026Q2,8,0.11457900702953339,0.18092979490756989,0.27284273505210876,0.01215260848402977,0.3752691335976124,19.833104739804597,1.2226751469662345,45.53830543914592,windowmlp
11540,2026Q2,1,0.000126776285469532,0.01811089552938938,0.0376574732363224,-0.027209286577999592,0.06499353609979153,1.8275892372888292,-2.6842448603510927,6.7152126397046485,windowmlp
11540,2026Q2,2,0.010080142877995968,0.03540685400366783,0.0652671679854393,-0.022305556572973728,0.097652867436409,3.6041140549209594,-2.205862702059669,10.257997725574718,windowmlp
11540,2026Q2,4,0.03486447408795357,0.07373607158660889,0.12148617208003998,-0.013816416263580322,0.17016706243157387,7.652264308543311,-1.3721407647254158,18.550288777274847,windowmlp
11540,2026Q2,8,0.07842130213975906,0.14674177765846252,0.23381248116493225,-0.024005096405744553,0.33623887971043587,15.805488877268182,-2.371926577751149,39.967333844076066,windowmlp
11694,2026Q2,1,-0.0002844845876097679,0.01763371005654335,0.03704928979277611,-0.027620547451078892,0.06438535265624523,1.7790101825012838,-2.724258794127543,6.650329946492484,windowmlp
11694,2026Q2,2,0.009863343089818954,0.0349922850728035,0.06456133723258972,-0.02252235636115074,0.09694703668355942,3.5611719099786665,-2.2270621522096357,10.180201698676328,windowmlp
11694,2026Q2,4,0.03472649306058884,0.07357345521450043,0.12079699337482452,-0.013954397290945053,0.1694778837263584,7.634759711177841,-1.3857485992364027,18.46861459004041,windowmlp
11694,2026Q2,8,0.0833497941493988,0.15092071890830994,0.2381868064403534,-0.019076604396104813,0.340613204985857,16.29044580920418,-1.889579753088777,40.58093756294407,windowmlp
11700,2026Q2,1,-0.007186532951891422,0.011496933177113533,0.03127909079194069,-0.034522595815360546,0.05861515365540981,1.1563276919432708,-3.3933489620627477,6.036708381021727,windowmlp
11700,2026Q2,2,-0.004735767841339111,0.021551715210080147,0.049305107444524765,-0.03712146729230881,0.08169080689549446,2.1785630829596947,-3.644091267287297,8.512024625754888,windowmlp
11700,2026Q2,4,0.0037603862583637238,0.043468136340379715,0.08718554675579071,-0.044920504093170166,0.1358664371073246,4.442671452449121,-4.392651725931418,14.552888322554857,windowmlp
11700,2026Q2,8,0.023377399891614914,0.09385672211647034,0.17276659607887268,-0.0790489986538887,0.2751929946243763,9.840235787722973,-7.600535115811957,31.67847827306347,windowmlp
12020,2026Q2,1,-0.004877157509326935,0.01359631773084402,0.03330913931131363,-0.03221322037279606,0.06064520217478275,1.3689167988748308,-3.169990124128119,6.252186685575767,windowmlp
12020,2026Q2,2,-0.00014695152640342712,0.025875123217701912,0.05429305136203766,-0.03253265097737312,0.08667875081300735,2.621279032041146,-3.2009156531807914,9.054628633163397,windowmlp
12020,2026Q2,4,0.013282813131809235,0.05274343863129616,0.0977635383605957,-0.035398077219724655,0.1464444287121296,5.415915390668369,-3.4778892764479874,15.771059356215545,windowmlp
12020,2026Q2,8,0.03868335485458374,0.10870867222547531,0.18990400433540344,-0.06374304369091988,0.29233040288090706,11.48375198940521,-6.175394319742534,33.95455342345064,windowmlp
12054,2026Q2,1,-0.005144114606082439,0.013283493928611279,0.032964542508125305,-0.03248017746955156,0.06030060537159443,1.337211148293238,-3.19583613240223,6.215578829549484,windowmlp
12054,2026Q2,2,-0.0003548525273799896,0.025555716827511787,0.053800687193870544,-0.032740551978349686,0.08618638664484024,2.5885063739256697,-3.2210381878900796,9.0009472581289,windowmlp
12054,2026Q2,4,0.013108080253005028,0.05256008356809616,0.09728292375802994,-0.03557281009852886,0.14596381410956383,5.396588620724341,-3.494753389322569,15.715431463394026,windowmlp
12054,2026Q2,8,0.04201439395546913,0.11166714876890182,0.19307228922843933,-0.060412004590034485,0.29549868777394295,11.814062421549387,-5.86233978060754,34.37963264186881,windowmlp
12100,2026Q2,1,0.0021370258182287216,0.01995280385017395,0.03953192010521889,-0.025199037045240402,0.06686798296868801,2.0153191587678476,-2.4884191457218208,6.915432227767249,windowmlp
12100,2026Q2,2,0.014020990580320358,0.03911606967449188,0.06961709260940552,-0.018364708870649338,0.10200279206037521,3.9891176475994383,-1.8197105170669858,10.738656361376142,windowmlp
12100,2026Q2,4,0.04339523985981941,0.08203445374965668,0.1310245543718338,-0.0052856504917144775,0.1797054447233677,8.549320849654274,-0.5271706020505751,19.686476836209966,windowmlp
12100,2026Q2,8,0.09454435110092163,0.16228777170181274,0.25195273756980896,-0.007882047444581985,0.3543791361153126,17.619866931640303,-0.7851065562283321,42.529546503964724,windowmlp
12220,2026Q2,1,-0.0003836667165160179,0.017554735764861107,0.03695191815495491,-0.027719729579985142,0.06428798101842403,1.7709725746503757,-2.7339063307917466,6.639945734763475,windowmlp
12220,2026Q2,2,0.009545989334583282,0.034771665930747986,0.06431156396865845,-0.022839710116386414,0.09669726341962814,3.5383268532027,-2.258085838194057,10.15268506667999,windowmlp
12220,2026Q2,4,0.03359421715140343,0.07249800115823746,0.11974848806858063,-0.015086673200130463,0.16842937842011452,7.519065695201932,-1.4973439501135943,18.344464716293917,windowmlp
12220,2026Q2,8,0.07767029106616974,0.1457226425409317,0.2322058379650116,-0.024756107479333878,0.3346322365105152,15.687527556222847,-2.4452188168980094,39.74263683124255,windowmlp
12260,2026Q2,1,-0.00017102714627981186,0.017729587852954865,0.03714143857359886,-0.027507090009748936,0.06447750143706799,1.788768997537904,-2.7132215113077507,6.660158097190494,windowmlp
12260,2026Q2,2,0.010024954564869404,0.035197027027606964,0.06479160487651825,-0.022360744886100292,0.09717730432748795,3.5823773975096618,-2.2112596466053125,10.205575555406043,windowmlp
12260,2026Q2,4,0.034626804292201996,0.07351045310497284,0.12089027464389801,-0.014054086059331894,0.1695711649954319,7.627978707868532,-1.3955788425133675,18.47966600819191,windowmlp
12260,2026Q2,8,0.08050327748060226,0.14855316281318665,0.2354455292224884,-0.021923121064901352,0.337871927767992,16.01544732105196,-2.1684555990293286,40.19609396402721,windowmlp
12420,2026Q2,1,-0.0068621328100562096,0.011465300805866718,0.03086160123348236,-0.03419819567352533,0.058197664096951485,1.1531279280400986,-3.3620046669918136,5.992448402141748,windowmlp
12420,2026Q2,2,-0.002584373578429222,0.02310105226933956,0.05044638365507126,-0.03497007302939892,0.08283208310604095,2.336994817792837,-3.436568566511511,8.635937513984437,windowmlp
12420,2026Q2,4,0.008481014519929886,0.04806996509432793,0.09139104932546616,-0.040199875831604004,0.14007193967700005,4.924406321630137,-3.9402580245166074,15.035655215936593,windowmlp
12420,2026Q2,8,0.04063871130347252,0.10976312309503555,0.1899396926164627,-0.0617876872420311,0.2923660911619663,11.601368127954292,-5.9917542896136595,33.95933411650924,windowmlp
12540,2026Q2,1,-0.003095167689025402,0.015097785741090775,0.034630656242370605,-0.030431230552494526,0.06196671910583973,1.521233305247316,-2.9972861996135136,6.392693569907371,windowmlp
12540,2026Q2,2,0.004037382081151009,0.029621019959449768,0.05836997181177139,-0.028348317369818687,0.09075567126274109,3.0064086243071664,-2.7950273976463325,9.500143225466996,windowmlp
12540,2026Q2,4,0.022204695269465446,0.06142356991767883,0.10716444253921509,-0.026476195082068443,0.15584533289074898,6.334922155437317,-2.612877351577425,16.864543809938006,windowmlp
12540,2026Q2,8,0.05901819095015526,0.12774799764156342,0.21139758825302124,-0.04340820759534836,0.31382398679852486,13.626662474536765,-4.247955683888849,36.86488150856804,windowmlp
12580,2026Q2,1,0.00027957744896411896,0.01812593638896942,0.03748403862118721,-0.027056485414505005,0.06482010148465633,1.8291208232780853,-2.669373763607885,6.696706132752239,windowmlp
12580,2026Q2,2,0.011089622974395752,0.036135658621788025,0.06583772599697113,-0.021296076476573944,0.09822342544794083,3.6796487333683014,-2.1070916215806146,10.320924259424459,windowmlp
12580,2026Q2,4,0.03707881271839142,0.07587282359600067,0.12339842319488525,-0.011602077633142471,0.17207931354641914,7.882536430216569,-1.153503306635606,18.777203589058633,windowmlp
12580,2026Q2,8,0.08731013536453247,0.15473493933677673,0.24252671003341675,-0.015116263180971146,0.34495310857892036,16.73485019260761,-1.5002585986964578,41.19237110060969,windowmlp
12620,2026Q2,1,-0.00284778606146574,0.015436793677508831,0.03509701043367386,-0.030183848924934864,0.06243307329714298,1.5556556434459967,-2.9732865419810794,6.442321819749441,windowmlp
12620,2026Q2,2,0.003990620374679565,0.029759885743260384,0.05877341330051422,-0.02839507907629013,0.09115911275148392,3.0207136831969184,-2.7995727617674104,9.544329038863264,windowmlp
12620,2026Q2,4,0.022069940343499184,0.06129525601863861,0.10742342472076416,-0.026610950008034706,0.15610431507229805,6.321278782307327,-2.6259998618986646,16.894813563933898,windowmlp
12620,2026Q2,8,0.054389916360378265,0.12382322549819946,0.20739182829856873,-0.04803648218512535,0.30981822684407234,13.181577714381575,-4.690098469148573,36.317730256973825,windowmlp
12700,2026Q2,1,-0.0010140836238861084,0.017057688906788826,0.036670032888650894,-0.028350146487355232,0.06400609575212002,1.7204002019498565,-2.7952051968037517,6.609889741631214,windowmlp
12700,2026Q2,2,0.007938971742987633,0.03333713114261627,0.06285836547613144,-0.024446727707982063,0.09524406492710114,3.3899040057489893,-2.4150326717507387,9.99272760391483,windowmlp
12700,2026Q2,4,0.03056645765900612,0.06950080394744873,0.11658242344856262,-0.01811443269252777,0.1652633138000965,7.197292301432112,-1.795135254275182,17.970371008498898,windowmlp
12700,2026Q2,8,0.07331345975399017,0.14179685711860657,0.22805997729301453,-0.029112938791513443,0.33048637583851814,15.234253457569192,-2.8693239939890147,39.16448263050138,windowmlp
12940,2026Q2,1,0.002363966777920723,0.019933227449655533,0.03912988305091858,-0.0249720960855484,0.0664659459143877,2.013322085568814,-2.4662872627612797,6.872456901750756,windowmlp
12940,2026Q2,2,0.015769997611641884,0.04038354009389877,0.07057242840528488,-0.016615701839327812,0.10295812785625458,4.121004341743628,-1.6478422448283014,10.844499513611815,windowmlp
12940,2026Q2,4,0.047156669199466705,0.08568404614925385,0.13423900306224823,-0.0015242211520671844,0.18291989341378212,8.946205418936337,-0.15230601169733404,20.071821879066754,windowmlp
12940,2026Q2,8,0.10842564702033997,0.17481203377246857,0.26557257771492004,0.0059992484748363495,0.36799897626042366,19.102232359778238,0.6017280006479719,44.48405598326595,windowmlp
12980,2026Q2,1,0.003377119544893503,0.02093643881380558,0.04025397449731827,-0.02395894331857562,0.06759003736078739,2.115714361539589,-2.3674206367876205,6.992658862750756,windowmlp
12980,2026Q2,2,0.01728537678718567,0.04195351153612137,0.0725996196269989,-0.015100322663784027,0.1049853190779686,4.284599731538097,-1.4986884493612518,11.069430421953008,windowmlp
12980,2026Q2,4,0.05009479075670242,0.0885467678308487,0.13790298998355865,0.0014139004051685333,0.18658388033509254,9.258534926243245,0.14149004336043713,20.5125704194133,windowmlp
12980,2026Q2,8,0.11018630117177963,0.17687448859214783,0.2682984173297882,0.007759902626276016,0.3707248158752918,19.348128820949405,0.7790088700475373,44.87843360766579,windowmlp
13020,2026Q2,1,0.0015961956232786179,0.019368097186088562,0.038797736167907715,-0.025739867240190506,0.06613379903137684,1.9556875570133192,-2.5411420946386487,6.836965442826126,windowmlp
13020,2026Q2,2,0.013327309861779213,0.0383625328540802,0.0685528963804245,-0.019058389589190483,0.1009385958313942,3.9107875345484544,-1.8877926744521045,10.620871385153773,windowmlp
13020,2026Q2,4,0.04168367758393288,0.0804019570350647,0.12886036932468414,-0.006997212767601013,0.17754125967621803,8.372259005758398,-0.6972789273007374,19.427733238197664,windowmlp
13020,2026Q2,8,0.09256811439990997,0.1601376235485077,0.2490690052509308,-0.009858284145593643,0.3514954037964344,17.367238483588764,-0.9809850550492438,42.11912150665227,windowmlp
13140,2026Q2,1,0.002818658482283354,0.020303480327129364,0.03942565992474556,-0.02451740438118577,0.06676172278821468,2.0510998048347107,-2.4219294088741017,6.9040719782251125,windowmlp
13140,2026Q2,2,0.01679537072777748,0.041321493685245514,0.07158370316028595,-0.015590328723192215,0.10396940261125565,4.218710826611627,-1.5469428654370732,10.956650455851147,windowmlp
13140,2026Q2,4,0.049102216958999634,0.08758486062288284,0.13630276918411255,0.000421326607465744,0.18498365953564644,9.153488884337957,0.04214153779875662,20.319877914030027,windowmlp
13140,2026Q2,8,0.11169636249542236,0.17779040336608887,0.2688264548778534,0.009269963949918747,0.371252853423357,19.457491611231028,0.9313063138769229,44.95495506183802,windowmlp
13220,2026Q2,1,-0.0005167722702026367,0.017489483579993248,0.03702380508184433,-0.02785283513367176,0.06435986794531345,1.7643320129916873,-2.746852126446764,6.647612028295846,windowmlp
13220,2026Q2,2,0.00885096937417984,0.034183286130428314,0.06381435692310333,-0.023534730076789856,0.09620005637407303,3.477424911616467,-2.3259948177227874,10.097929989011245,windowmlp
13220,2026Q2,4,0.032408855855464935,0.07135243713855743,0.11867918074131012,-0.016272034496068954,0.167360071092844,7.395966244724672,-1.6140360113523156,18.21798574752642,windowmlp
13220,2026Q2,8,0.07575271278619766,0.1439870148897171,0.23042187094688416,-0.026673685759305954,0.33284826949238777,15.48691123247643,-2.6321085013345735,39.493562812084384,windowmlp
13380,2026Q2,1,-0.0022074980661273003,0.015825720503926277,0.03523062542080879,-0.029543560929596424,0.06256668828427792,1.5951610441572228,-2.911141608922585,6.4565450594078255,windowmlp
13380,2026Q2,2,0.00615141075104475,0.031489185988903046,0.06037762761116028,-0.026234288699924946,0.09276332706212997,3.1990215581660486,-2.5893159353565953,9.720202650922595,windowmlp
13380,2026Q2,4,0.026673628017306328,0.06577208638191223,0.11186070740222931,-0.022007262334227562,0.1605415977537632,6.798328149215238,-2.1766869230534835,17.414661398650487,windowmlp
13380,2026Q2,8,0.06827958673238754,0.13652361929416656,0.22128430008888245,-0.034146811813116074,0.32371069863438606,14.628195182664916,-3.3570389061505,38.2247363220315,windowmlp
13460,2026Q2,1,-0.0023014992475509644,0.015748735517263412,0.035192087292671204,-0.029637562111020088,0.06252815015614033,1.5873400430929108,-2.920267647378505,6.452442502486178,windowmlp
13460,2026Q2,2,0.0060351938009262085,0.031351249665021896,0.0602397546172142,-0.026350505650043488,0.0926254540681839,3.184787646213505,-2.600636050160199,9.705076240872422,windowmlp
13460,2026Q2,4,0.02657974138855934,0.06565257906913757,0.11171227693557739,-0.02210114896297455,0.16039316728711128,6.785565730625653,-2.1858707930031085,17.397234779019954,windowmlp
13460,2026Q2,8,0.06983831524848938,0.1380712389945984,0.22308915853500366,-0.032588083297014236,0.3255155570805073,14.805733381125762,-3.2062813022487147,38.47443767485923,windowmlp
13740,2026Q2,1,0.0009625060483813286,0.018721584230661392,0.03809661418199539,-0.026373556815087795,0.06543267704546452,1.889793187205302,-2.6028811930971396,6.7620859503426445,windowmlp
13740,2026Q2,2,0.012628257274627686,0.03754708915948868,0.06743423640727997,-0.01975744217634201,0.09981993585824966,3.8260886763216595,-1.9563542999313177,10.497193433825247,windowmlp
13740,2026Q2,4,0.040403902530670166,0.07910285145044327,0.12705273926258087,-0.008276987820863724,0.17573362961411476,8.231563407871834,-0.8242827869308966,19.212047076472416,windowmlp
13740,2026Q2,8,0.09408985078334808,0.1614987552165985,0.2504161596298218,-0.008336547762155533,0.3528425581753254,17.527099519963762,-0.8301895109218749,42.31070692210528,windowmlp
13780,2026Q2,1,0.0016720164567232132,0.01943156123161316,0.03875342756509781,-0.02566404640674591,0.06608949042856693,1.9621582827369588,-2.5337524026629477,6.832231751031315,windowmlp
13780,2026Q2,2,0.013558277860283852,0.038610197603702545,0.06874953210353851,-0.018827421590685844,0.10113523155450821,3.936525760820375,-1.8651292771382444,10.642625538941886,windowmlp
13780,2026Q2,4,0.04187275469303131,0.08062738180160522,0.12909537553787231,-0.006808135658502579,0.1777762658894062,8.396691550691138,-0.6785012807190793,19.45580279566663,windowmlp
13780,2026Q2,8,0.09002720564603806,0.1576724350452423,0.24605056643486023,-0.012399192899465561,0.34847696498036385,17.078262453158978,-1.2322639633411847,41.690790404612386,windowmlp
13820,2026Q2,1,-0.0017724409699440002,0.01626080647110939,0.03568636253476143,-0.029108503833413124,0.06302242539823055,1.6393732904277591,-2.8688932225554464,6.505072315010363,windowmlp
13820,2026Q2,2,0.006932638585567474,0.032260213047266006,0.06135762482881546,-0.02545306086540222,0.09374332427978516,3.2786214790870183,-2.5131862641482483,9.827780848798561,windowmlp
13820,2026Q2,4,0.02820952609181404,0.06724711507558823,0.11364194750785828,-0.02047136425971985,0.16232283785939217,6.955974985892932,-2.0263248440012593,17.623991480744227,windowmlp
13820,2026Q2,8,0.07034599781036377,0.1385953426361084,0.22384637594223022,-0.03208040073513985,0.32627277448773384,14.86591925449705,-3.1571283431725217,38.57933263865676,windowmlp
13900,2026Q2,1,0.0011456450447440147,0.01885601319372654,0.038104381412267685,-0.02619041781872511,0.06544044427573681,1.903491047124306,-2.585042349066091,6.7629151992690595,windowmlp
13900,2026Q2,2,0.013098777271807194,0.03796902298927307,0.06785628944635391,-0.019286922179162502,0.10024198889732361,3.8699056588319625,-1.9102119494350145,10.543838952872253,windowmlp
13900,2026Q2,4,0.04101718217134476,0.0797053724527359,0.1276070773601532,-0.007663708180189133,0.1762879677116871,8.296794847618848,-0.7634416843169678,19.278149175619717,windowmlp
13900,2026Q2,8,0.0939909964799881,0.16105228662490845,0.24968048930168152,-0.008435402065515518,0.35210688784718513,17.474639073197995,-0.839992388915789,42.20605165825222,windowmlp
13980,2026Q2,1,0.0014768866822123528,0.01923908106982708,0.03865126147866249,-0.02585917618125677,0.06598732434213161,1.9425344786717202,-2.5527691141553843,6.8213176775417494,windowmlp
13980,2026Q2,2,0.01336691901087761,0.038305994123220444,0.06842855364084244,-0.019018780440092087,0.10081425309181213,3.9049127165775577,-1.8839064564393881,10.607117338076467,windowmlp
13980,2026Q2,4,0.04193942993879318,0.08059060573577881,0.1288781613111496,-0.006741460412740707,0.1775590516626835,8.392705220128537,-0.6718787746063715,19.42985811371385,windowmlp
13980,2026Q2,8,0.09529734402894974,0.16259583830833435,0.2518312931060791,-0.007129054516553879,0.3542576916515827,17.656107266837395,-0.7103703087084634,42.512238130648214,windowmlp
14010,2026Q2,1,-0.0009830957278609276,0.017059408128261566,0.03662020340561867,-0.02831915859133005,0.06395626626908779,1.7205750819964116,-2.7921929780583166,6.604577558292046,windowmlp
14010,2026Q2,2,0.008113959804177284,0.03345932811498642,0.06294364482164383,-0.024271739646792412,0.09532934427261353,3.4025387109377636,-2.397954973363625,10.002108111712115,windowmlp
14010,2026Q2,4,0.030882209539413452,0.06980939209461212,0.11680889129638672,-0.017798680812120438,0.1654897816479206,7.2303772197886085,-1.7641219875756065,17.997090529970272,windowmlp
14010,2026Q2,8,0.07436710596084595,0.14259350299835205,0.22886940836906433,-0.02805929258465767,0.33129580691456795,15.326090926905467,-2.766928690907622,39.27717228852783,windowmlp
14020,2026Q2,1,-0.0025181174278259277,0.015605242922902107,0.03505709394812584,-0.02985418029129505,0.06239315681159496,1.5727640579138447,-2.9412946048494537,6.438073101146347,windowmlp
14020,2026Q2,2,0.005260881967842579,0.03074898011982441,0.059635452926158905,-0.027124817483127117,0.0920211523771286,3.122661301367158,-2.6760243394125194,9.638801304827528,windowmlp
14020,2026Q2,4,0.024654751643538475,0.06381279230117798,0.10984015464782715,-0.024026138707995415,0.15852104499936104,6.589283673715807,-2.373980875566617,17.177658400317817,windowmlp
14020,2026Q2,8,0.062464140355587006,0.13105162978172302,0.21512919664382935,-0.03996225818991661,0.31755559518933296,14.002663911910563,-3.9174298230830074,37.37656175019597,windowmlp
14260,2026Q2,1,0.0012669451534748077,0.01885995641350746,0.03800850734114647,-0.026069117709994316,0.06534457020461559,1.9038928757781903,-2.573225187414019,6.752679894602132,windowmlp
14260,2026Q2,2,0.013758959248661995,0.03842538967728615,0.06816122680902481,-0.0186267402023077,0.1005469262599945,3.917319241828743,-1.8454334588072885,10.577553039663169,windowmlp
14260,2026Q2,4,0.0427728146314621,0.08142443746328354,0.1292649209499359,-0.005908075720071793,0.1779458113014698,8.483124188634662,-0.5890657360592355,19.47605769598919,windowmlp
14260,2026Q2,8,0.10049911588430405,0.1673402190208435,0.25656405091285706,-0.0019272826611995697,0.35899044945836067,18.2156388988566,-0.19254266445192236,43.18831262469356,windowmlp
14454,2026Q2,1,-1.873169094324112e-05,0.017911968752741814,0.037381190806627274,-0.027354794554412365,0.0647172536700964,1.8073350178081649,-2.6984040487921246,6.68573317398784,windowmlp
14454,2026Q2,2,0.010224638506770134,0.035396508872509,0.0651141107082367,-0.022161060944199562,0.09749981015920639,3.6030422623164027,-2.1917308557299564,10.241123228068293,windowmlp
14454,2026Q2,4,0.03536616265773773,0.07419069111347198,0.1216699481010437,-0.013314727693796158,0.1703508384525776,7.701216256421595,-1.3226478811158793,18.57207747969436,windowmlp
14454,2026Q2,8,0.0831151008605957,0.1508747786283493,0.23831763863563538,-0.019311297684907913,0.340744037181139,16.28510351628112,-1.9126029084866714,40.5993312788391,windowmlp
14500,2026Q2,1,-0.006360244937241077,0.012091956101357937,0.031634677201509476,-0.0336963078007102,0.0589707400649786,1.2165359367188877,-3.3134910559028286,6.074420297962635,windowmlp
14500,2026Q2,2,-0.0023337285965681076,0.023584814742207527,0.05132773518562317,-0.034719428047537804,0.08371343463659286,2.3865135921684155,-3.412362393540258,8.73172616932376,windowmlp
14500,2026Q2,4,0.008887074887752533,0.04845903068780899,0.09231141209602356,-0.03979381546378136,0.14099230244755745,4.965236740386825,-3.901244049878716,15.141578486724484,windowmlp
14500,2026Q2,8,0.03629724308848381,0.10575217008590698,0.18590471148490906,-0.0661291554570198,0.2883311100304127,11.154636792743332,-6.39900343104639,33.41989976654616,windowmlp
14540,2026Q2,1,-0.0036807917058467865,0.014620804227888584,0.034218717366456985,-0.03101685456931591,0.06155478022992611,1.472821100544408,-3.0540766879518677,6.348875309154933,windowmlp
14540,2026Q2,2,0.00261073000729084,0.02835848741233349,0.057026833295822144,-0.029774969443678856,0.08941253274679184,2.8764417418308152,-2.9336061980279826,9.353168091675968,windowmlp
14540,2026Q2,4,0.01913120038807392,0.058421678841114044,0.10394585132598877,-0.02954968996345997,0.15262674167752266,6.01619493304093,-2.9117366679998646,16.489009286343006,windowmlp
14540,2026Q2,8,0.05167405307292938,0.12084096670150757,0.20365747809410095,-0.050752345472574234,0.30608387663960457,12.844543769637218,-4.948595950848455,35.8096214317442,windowmlp
14580,2026Q2,1,-0.00132797472178936,0.01669887639582157,0.0362752228975296,-0.028664037585258484,0.06361128576099873,1.6839081970222658,-2.82571212838838,6.567807399820014,windowmlp
14580,2026Q2,2,0.007643458433449268,0.03290621563792229,0.06224028021097183,-0.024742241017520428,0.09462597966194153,3.3453612908465935,-2.4438660678711144,9.924763725607688,windowmlp
14580,2026Q2,4,0.030318234115839005,0.06925218552350998,0.11602465808391571,-0.018362656235694885,0.1647055484354496,7.170644392287473,-1.8195089885661209,17.904589568505646,windowmlp
14580,2026Q2,8,0.07676707208156586,0.14498648047447205,0.23151639103889465,-0.02565932646393776,0.33394278958439827,15.602394126718867,-2.5332923664628915,39.64632490462772,windowmlp
14740,2026Q2,1,0.0014635948464274406,0.019068926572799683,0.03824283555150032,-0.025872468017041683,0.06557889841496944,1.925189973656427,-2.5540643581379086,6.777697990140608,windowmlp
14740,2026Q2,2,0.014077906496822834,0.03877374157309532,0.06860334426164627,-0.018307792954146862,0.10098904371261597,3.953525342859865,-1.814122336881896,10.626452114500884,windowmlp
14740,2026Q2,4,0.04346609115600586,0.08211822807788849,0.13007880747318268,-0.00521479919552803,0.17875969782471657,8.558414877006172,-0.5201225734743686,19.57333723107999,windowmlp
14740,2026Q2,8,0.10148508846759796,0.16815310716629028,0.2576085329055786,-0.0009413100779056549,0.36003493145108223,18.311774058596008,-0.09408671845518857,43.337948371115864,windowmlp
14860,2026Q2,1,0.0037791403010487556,0.021372554823756218,0.04078745096921921,-0.023556922562420368,0.06812351383268833,2.160258371912227,-2.3281624226269115,7.049752156530564,windowmlp
14860,2026Q2,2,0.017744209617376328,0.042469047009944916,0.07336394488811493,-0.014641489833593369,0.10574964433908463,4.338376002669864,-1.4534824435982974,11.154356044627223,windowmlp
14860,2026Q2,4,0.051309339702129364,0.08972176909446716,0.1394844353199005,0.0026284493505954742,0.1881653256714344,9.386989295086545,0.2631906752127877,20.70330524046844,windowmlp
14860,2026Q2,8,0.11104318499565125,0.17793092131614685,0.2698885202407837,0.008616786450147629,0.3723149187862873,19.474278712488214,0.8654017815921344,45.10898848109506,windowmlp
15180,2026Q2,1,-0.0021773986518383026,0.01605081558227539,0.035770174115896225,-0.029513461515307426,0.06310623697936535,1.618032188886831,-2.9082192471705626,6.51399904759653,windowmlp
15180,2026Q2,2,0.005420763045549393,0.031024813652038574,0.060268647968769073,-0.026964936405420303,0.09265434741973877,3.1511099126453335,-2.660462833335153,9.708246034000357,windowmlp
15180,2026Q2,4,0.025318346917629242,0.06440728902816772,0.11089035868644714,-0.023362543433904648,0.15957124903798103,6.652669493456331,-2.309175210659009,17.300783492323802,windowmlp
15180,2026Q2,8,0.0643533393740654,0.13315238058567047,0.21812981367111206,-0.03807305917143822,0.3205562122166157,14.242406831672838,-3.7357391549348584,37.7893952684228,windowmlp
15260,2026Q2,1,-0.008045884780585766,0.010754168964922428,0.03055267408490181,-0.03538194764405489,0.057888736948370934,1.0812202888956124,-3.4763324032034526,5.9597095145117684,windowmlp
15260,2026Q2,2,-0.006923027336597443,0.019656594842672348,0.04718368873000145,-0.03930872678756714,0.07956938818097115,1.9851057772886538,-3.8546163231922614,8.282069188088759,windowmlp
15260,2026Q2,4,-0.0009929575026035309,0.038931913673877716,0.08230801671743393,-0.04967384785413742,0.13098890706896782,3.969969190791778,-4.846027938215592,13.995513579815144,windowmlp
15260,2026Q2,8,0.009538955986499786,0.08074662834405899,0.15780721604824066,-0.09288744255900383,0.2602336145937443,8.409618252088901,-8.870393232296115,29.723310385432345,windowmlp
15380,2026Q2,1,-0.0005069784820079803,0.017457978799939156,0.03689903765916824,-0.027843041345477104,0.06423510052263737,1.761126000596902,-2.745899645051031,6.6343067106608755,windowmlp
15380,2026Q2,2,0.009159417822957039,0.03445320203900337,0.06398927420377731,-0.023226281628012657,0.09637497365474701,3.505358884520726,-2.2958627754865124,10.117189703912132,windowmlp
15380,2026Q2,4,0.032743100076913834,0.07167873531579971,0.11891396343708038,-0.015937790274620056,0.16759485378861427,7.431015070626534,-1.5811455750044945,18.245744543423715,windowmlp
15380,2026Q2,8,0.07546999305486679,0.1437200903892517,0.22991952300071716,-0.026956405490636826,0.3323459215462208,15.45608906016489,-2.659632434496495,39.42350610519687,windowmlp
15500,2026Q2,1,-0.0026163822039961815,0.015593498945236206,0.03521790727972984,-0.029952445067465305,0.06255397014319897,1.5715711966457713,-2.9508315882280423,6.455191138658667,windowmlp
15500,2026Q2,2,0.004742493852972984,0.030363483354449272,0.05938062071800232,-0.02764320559799671,0.09176632016897202,3.0829155104277417,-2.726462857193235,9.61086536663096,windowmlp
15500,2026Q2,4,0.023637564852833748,0.06278049945831299,0.10897023975849152,-0.025043325498700142,0.1576511301100254,6.479309091806229,-2.4732342844629773,17.075768134932833,windowmlp
15500,2026Q2,8,0.05953976511955261,0.12866811454296112,0.21278652548789978,-0.042886633425951004,0.3152129240334034,13.73126040090944,-4.198000864467321,37.05511031599782,windowmlp
15540,2026Q2,1,-0.004658804275095463,0.013806096278131008,0.03353910893201828,-0.03199486713856459,0.060875171795487404,1.3901840536098664,-3.1488446697959027,6.276624270490272,windowmlp
15540,2026Q2,2,0.00032448582351207733,0.026294726878404617,0.05481063574552536,-0.03206121362745762,0.08719633519649506,2.6643483317749794,-3.1552701907395564,9.111088215929719,windowmlp
15540,2026Q2,4,0.014517519623041153,0.05392387509346008,0.0990355908870697,-0.03416337072849274,0.1477164812386036,5.540425654657644,-3.358639195515445,15.918419930086781,windowmlp
15540,2026Q2,8,0.04224606603384018,0.11202815175056458,0.19379426538944244,-0.06018033251166344,0.29622066393494606,11.854434918332801,-5.840528186740446,34.47668656425398,windowmlp
15764,2026Q2,1,-0.0010990863665938377,0.016930658370256424,0.03641920164227486,-0.02843514923006296,0.06375526450574398,1.7074794256198622,-2.803467519801328,6.583152003581572,windowmlp
15764,2026Q2,2,0.00803295336663723,0.03335315361618996,0.06273703277111053,-0.024352746084332466,0.09512273222208023,3.3915605810248994,-2.405861047102098,9.97938269834513,windowmlp
15764,2026Q2,4,0.03067498840391636,0.0696297436952591,0.1164972335100174,-0.01800590194761753,0.16517812386155128,7.211115184407779,-1.7844764287558434,17.960321547905078,windowmlp
15764,2026Q2,8,0.07408905774354935,0.14222300052642822,0.22825676202774048,-0.02833734080195427,0.3306831605732441,15.283370239688532,-2.7939604148119135,39.19187077099468,windowmlp
15804,2026Q2,1,0.0005169417709112167,0.018439680337905884,0.037943579256534576,-0.026819121092557907,0.0652796421200037,1.8610741060743452,-2.6462682033972618,6.745748872580815,windowmlp
15804,2026Q2,2,0.010954111814498901,0.03621850907802582,0.06615353375673294,-0.021431587636470795,0.09853923320770264,3.6882389954170813,-2.1203563043640794,10.355769965352234,windowmlp
15804,2026Q2,4,0.03654265031218529,0.07538198679685593,0.1233225166797638,-0.012138240039348602,0.17200340703129768,7.829596704797082,-1.206486876979218,18.76818796763484,windowmlp
15804,2026Q2,8,0.08123180270195007,0.14938457310199738,0.23672139644622803,-0.021194595843553543,0.33914779499173164,16.111943866167344,-2.0971568831869236,40.3750797219633,windowmlp
15940,2026Q2,1,0.0013835998252034187,0.019133172929286957,0.03846863657236099,-0.025952463038265705,0.06580469943583012,1.9317385061039305,-2.561859236047903,6.8018112256460705,windowmlp
15940,2026Q2,2,0.013234387151896954,0.038198456168174744,0.06824883818626404,-0.019151312299072742,0.10063453763723373,3.8937395955228604,-1.8969091030611396,10.587241315772133,windowmlp
15940,2026Q2,4,0.04130969196557999,0.07999081909656525,0.12820330262184143,-0.007371198385953903,0.17688419297337532,8.327712216665262,-0.7344097732112753,19.34928702631009,windowmlp
15940,2026Q2,8,0.09225240349769592,0.1596822887659073,0.24829140305519104,-0.010173995047807693,0.35071780160069466,17.313809262583923,-1.0122415033334997,42.00865232181885,windowmlp
15980,2026Q2,1,-0.011958939023315907,0.007140379399061203,0.027143586426973343,-0.03929500188678503,0.05447964929044247,0.716593269190402,-3.853296728285005,5.599098602920116,windowmlp
15980,2026Q2,2,-0.014228081330657005,0.012579797767102718,0.03897566720843315,-0.0466137807816267,0.07136136665940285,1.265925626405906,-4.554404435315074,7.396925243525665,windowmlp
15980,2026Q2,4,-0.015631724148988724,0.024592267349362373,0.06577923893928528,-0.06431261450052261,0.11446012929081917,2.4897151288241437,-6.228818860386765,12.12679344249985,windowmlp
15980,2026Q2,8,-0.006406605243682861,0.06524074822664261,0.13993683457374573,-0.10883300378918648,0.24236323311924934,6.741597195545368,-10.31198194153352,27.4256961095428,windowmlp
16020,2026Q2,1,-0.000803263857960701,0.01705870032310486,0.0363239161670208,-0.028139326721429825,0.06365997903048992,1.7205030836743074,-2.7747103444324295,6.5729966611248525,windowmlp
16020,2026Q2,2,0.009136958047747612,0.03426315262913704,0.06350816041231155,-0.023248741403222084,0.09589385986328125,3.48568962127187,-2.2980571638027802,10.06422354766392,windowmlp
16020,2026Q2,4,0.03254101425409317,0.07151778042316437,0.11828628182411194,-0.01613987609744072,0.16696717217564583,7.413724914635056,-1.6010326206693626,18.17154715236715,windowmlp
16020,2026Q2,8,0.07768051326274872,0.14553940296173096,0.2315731942653656,-0.024745885282754898,0.3339995928108692,15.666330964441254,-2.444221587650608,39.65425749174323,windowmlp
16180,2026Q2,1,-0.0005598105490207672,0.0172489732503891,0.03648367524147034,-0.02789587341248989,0.06381973810493946,1.7398595830113717,-2.751037644471488,6.5900240245344355,windowmlp
16180,2026Q2,2,0.009878783486783504,0.034903496503829956,0.06415976583957672,-0.02250691596418619,0.09654546529054642,3.551977269919049,-2.2255524875819943,10.135965364215416,windowmlp
16180,2026Q2,4,0.0343739353120327,0.07327615469694138,0.12013444304466248,-0.01430695503950119,0.16881533339619637,7.602764597725908,-1.4205096896798497,18.390149166846314,windowmlp
16180,2026Q2,8,0.08287885785102844,0.15038982033729553,0.2371053695678711,-0.019547540694475174,0.3395317681133747,16.228723763224174,-1.9357726334256586,40.42899032897471,windowmlp
16220,2026Q2,1,-0.0021010683849453926,0.01602626033127308,0.03552510589361191,-0.029437131248414516,0.06286116875708103,1.615536963235642,-2.9008079227820005,6.487899049472223,windowmlp
16220,2026Q2,2,0.006009584292769432,0.031453993171453476,0.06055160611867905,-0.026376115158200264,0.09293730556964874,3.195389757746403,-2.603130368026474,9.739293268654903,windowmlp
16220,2026Q2,4,0.02642381191253662,0.06548722088336945,0.11179350316524506,-0.02225707843899727,0.16047439351677895,6.767909323066212,-2.2011217098533264,17.406770901060842,windowmlp
16220,2026Q2,8,0.06610505282878876,0.13460807502269745,0.21944469213485718,-0.03632134571671486,0.3218710906803608,14.408829968999681,-3.566963974283399,37.970690741430005,windowmlp
16300,2026Q2,1,0.0016993172466754913,0.019410964101552963,0.03874221071600914,-0.025636745616793633,0.06607827357947826,1.9600581765297553,-2.531091460787116,6.831033436730638,windowmlp
16300,2026Q2,2,0.014020757749676704,0.03886411339044571,0.06898358464241028,-0.01836494170129299,0.10136928409337997,3.962920236375478,-1.8197333764443213,10.668524757127361,windowmlp
16300,2026Q2,4,0.04324577376246452,0.0818578377366066,0.13018898665905,-0.0054351165890693665,0.17886987701058388,8.530150994288066,-0.5420373065917139,19.586512449831673,windowmlp
16300,2026Q2,8,0.09883368015289307,0.16582311689853668,0.25540339946746826,-0.00359271839261055,0.3578297980129719,18.036429675911837,-0.35862723018598164,43.02221731071179,windowmlp
16540,2026Q2,1,-0.00034952349960803986,0.017571253702044487,0.03699856624007225,-0.027685586363077164,0.06433462910354137,1.7726536350662458,-2.730585296762744,6.644920400057419,windowmlp
16540,2026Q2,2,0.009671898558735847,0.03486919030547142,0.06442093104124069,-0.02271380089223385,0.09680663049221039,3.5484248561816756,-2.2457784548244653,10.164732802183574,windowmlp
16540,2026Q2,4,0.03394724056124687,0.07283815741539001,0.12006132304668427,-0.014733649790287018,0.16874221339821815,7.555645199182215,-1.4625640679011287,18.381492795859366,windowmlp
16540,2026Q2,8,0.07991533726453781,0.14783084392547607,0.23462256789207458,-0.022511061280965805,0.3370489664375782,15.93167743011521,-2.2259577927998264,40.0807654619775,windowmlp
16580,2026Q2,1,0.0007154494524002075,0.018563078716397285,0.03796089068055153,-0.026620613411068916,0.06529695354402065,1.873644373009764,-2.6269408215606083,6.747596809496725,windowmlp
16580,2026Q2,2,0.011712170206010342,0.036806363612413406,0.06671559065580368,-0.020673529244959354,0.09910129010677338,3.7492105163098755,-2.046129688602516,10.417813621612693,windowmlp
16580,2026Q2,4,0.038207974284887314,0.07696408033370972,0.12483872473239899,-0.010472916066646576,0.17351961508393288,8.000328233837584,-1.0418266029315504,18.948401836963914,windowmlp
16580,2026Q2,8,0.08646570146083832,0.15409493446350098,0.2419484555721283,-0.0159606970846653,0.3443748541176319,16.660163222165103,-1.5834000111866087,41.11074958339849,windowmlp
16620,2026Q2,1,0.0037124697118997574,0.021221783012151718,0.04045112803578377,-0.023623593151569366,0.06778719089925289,2.1448566457857643,-2.3346740445122083,7.013754923548543,windowmlp
16620,2026Q2,2,0.01816779375076294,0.042736299335956573,0.07346297055482864,-0.014217905700206757,0.10584867000579834,4.366264402802766,-1.4117308603310619,11.165363723855059,windowmlp
16620,2026Q2,4,0.05179346352815628,0.09016277641057968,0.13962522149085999,0.0031125731766223907,0.18830611184239388,9.435240396415544,0.31174222622516456,20.720299792906303,windowmlp
16620,2026Q2,8,0.11369021236896515,0.1800713986158371,0.2718907296657562,0.011263813823461533,0.37431712821125984,19.730284583603066,1.1327489426520954,45.399818119243896,windowmlp
16700,2026Q2,1,-0.0020773541182279587,0.016117630526423454,0.035764943808317184,-0.029413416981697083,0.06310100667178631,1.6248220188604945,-2.898505259340156,6.513441948076926,windowmlp
16700,2026Q2,2,0.005634382367134094,0.03122800402343273,0.06045425683259964,-0.026751317083835602,0.09283995628356934,3.172071354487671,-2.6396670063260963,9.728610746776711,windowmlp
16700,2026Q2,4,0.025649122893810272,0.0647430270910263,0.11129234731197357,-0.023031767457723618,0.15997323766350746,6.688482865730472,-2.276856087825363,17.347946551924686,windowmlp
16700,2026Q2,8,0.06274299323558807,0.1317564696073532,0.21647807955741882,-0.03968340530991554,0.31890447810292244,14.083045854532994,-3.890633185685155,37.56199168058527,windowmlp
16740,2026Q2,1,-0.004323123954236507,0.014047068543732166,0.03371081128716469,-0.03165918681770563,0.06104687415063381,1.4146192199514296,-3.116328185632511,6.2948737838719016,windowmlp
16740,2026Q2,2,0.0012598000466823578,0.027098271995782852,0.05561523884534836,-0.031125899404287338,0.08800093829631805,2.7468769208875754,-3.0646475638004045,9.198914663711232,windowmlp
16740,2026Q2,4,0.01633344776928425,0.05568858981132507,0.10090308636426926,-0.03234744258224964,0.14958397671580315,5.7268388318012065,-3.182985989808662,16.135099315943723,windowmlp
16740,2026Q2,8,0.04680795595049858,0.11635282635688782,0.19853758811950684,-0.055618442595005035,0.30096398666501045,12.339216458271917,-5.4100017813181855,35.11606808595798,windowmlp
16820,2026Q2,1,-0.00041505228728055954,0.01753644272685051,0.03698890656232834,-0.027751115150749683,0.06432496942579746,1.7691108914086762,-2.736959034751918,6.643890249468809,windowmlp
16820,2026Q2,2,0.009488592855632305,0.034692294895648956,0.06426459550857544,-0.02289710659533739,0.09665029495954514,3.5301092351526675,-2.2636957189176354,10.147511486186911,windowmlp
16820,2026Q2,4,0.03370949253439903,0.07257293909788132,0.11981041729450226,-0.014971397817134857,0.16849130764603615,7.527123254362222,-1.4859883642141747,18.351793924329662,windowmlp
16820,2026Q2,8,0.07950812578201294,0.1474938541650772,0.23431351780891418,-0.022918272763490677,0.3367399163544178,15.892616223898305,-2.2657644000756205,40.037480178767005,windowmlp
16860,2026Q2,1,-0.00442808773368597,0.014006389304995537,0.03373534977436066,-0.031764150597155094,0.06107141263782978,1.4104938343541429,-3.1264969283089195,6.297482131273546,windowmlp
16860,2026Q2,2,0.0007904358208179474,0.026733117178082466,0.05529329180717468,-0.03159526363015175,0.08767899125814438,2.7093652529761814,-3.1101348745622315,9.163764055184242,windowmlp
16860,2026Q2,4,0.015394039452075958,0.0547872856259346,0.10003770887851715,-0.03328685089945793,0.14871859923005104,5.631589720113461,-3.2738939914652376,16.034642088670694,windowmlp
16860,2026Q2,8,0.04400919750332832,0.11375540494918823,0.19573214650154114,-0.05841720104217529,0.29815854504704475,12.047802798395878,-5.67436621918379,34.73753906409729,windowmlp
16940,2026Q2,1,0.003732722718268633,0.021143782883882523,0.04023250937461853,-0.02360334014520049,0.06756857223808765,2.136889644582962,-2.332696008013091,6.990362276848616,windowmlp
16940,2026Q2,2,0.018636155873537064,0.04304346814751625,0.07357604801654816,-0.013749543577432632,0.10596174746751785,4.398327388328793,-1.365545034314708,11.177934731751527,windowmlp
16940,2026Q2,4,0.05302531644701958,0.09140244126319885,0.14070606231689453,0.004344426095485687,0.18938695266842842,9.570987540670362,0.43538767955348945,20.850849760611844,windowmlp
16940,2026Q2,8,0.11786104738712311,0.18392395973205566,0.27600741386413574,0.015434648841619492,0.37843381240963936,20.192442496605302,1.5554378234645894,45.999616997153936,windowmlp
16984,2026Q2,1,0.0032664607279002666,0.02081436850130558,0.04006511718034744,-0.024069602135568857,0.06740118004381657,2.1032498251667198,-2.3782239447682874,6.972454424200425,windowmlp
16984,2026Q2,2,0.017190750688314438,0.04183517396450043,0.07240034639835358,-0.015194948762655258,0.10478604584932327,4.272259675408963,-1.50800880322568,11.047299463076076,windowmlp
16984,2026Q2,4,0.04980194568634033,0.08825036883354187,0.13744986057281494,0.0011210553348064423,0.18613075092434883,9.226155604880137,0.11216839522212307,20.457974999721262,windowmlp
16984,2026Q2,8,0.10924032330513,0.17580252885818481,0.2669045031070709,0.0068139247596263885,0.36933090165257454,19.220260979362624,0.6837192362818323,44.67662618229122,windowmlp
17020,2026Q2,1,0.0011879289522767067,0.018784336745738983,0.03787408769130707,-0.026148133911192417,0.06521015055477619,1.8961872286075376,-2.5809231769177376,6.738331201146064,windowmlp
17020,2026Q2,2,0.013745712116360664,0.03840699791908264,0.06807835400104523,-0.01863998733460903,0.10046405345201492,3.915408037195345,-1.8467337167238695,10.568389547050705,windowmlp
17020,2026Q2,4,0.04276234656572342,0.08144630491733551,0.1291288286447525,-0.005918543785810471,0.1778097189962864,8.485496464305985,-0.5901063708075305,19.459799030247858,windowmlp
17020,2026Q2,8,0.10118379443883896,0.16759613156318665,0.25676625967025757,-0.0012426041066646576,0.3591926582157612,18.245895634925912,-0.12418323938593323,43.21726948303017,windowmlp
17140,2026Q2,1,-0.0006685350090265274,0.017350247129797935,0.036868866533041,-0.02800459787249565,0.06420492939651012,1.750163695041751,-2.7616104106201522,6.631089482077557,windowmlp
17140,2026Q2,2,0.008707505650818348,0.03404981642961502,0.06360511481761932,-0.023678193800151348,0.09599081426858902,3.463614732313336,-2.340006489074564,10.074895276330853,windowmlp
17140,2026Q2,4,0.03200700879096985,0.07094569504261017,0.11813965439796448,-0.01667388156056404,0.16682054474949837,7.352292666861415,-1.6535641794975797,18.154221232822863,windowmlp
17140,2026Q2,8,0.07488717883825302,0.14317858219146729,0.2294657826423645,-0.027539219707250595,0.3318921811878681,15.393585566059231,-2.7163472558566215,39.36025838368096,windowmlp
17300,2026Q2,1,-0.001720106229186058,0.016356945037841797,0.03589960187673569,-0.029056169092655182,0.06323566474020481,1.6491452238217796,-2.8638097582429856,6.527785808166842,windowmlp
17300,2026Q2,2,0.006759100593626499,0.03218263387680054,0.0613817498087883,-0.025626598857343197,0.093767449259758,3.2706095200904395,-2.5301024622007118,9.830430473772944,windowmlp
17300,2026Q2,4,0.027924275025725365,0.06699010729789734,0.11354802548885345,-0.020756615325808525,0.16222891584038734,6.928490000529841,-2.0542679536977415,17.61294451676565,windowmlp
17300,2026Q2,8,0.06898687779903412,0.13756421208381653,0.2229156196117401,-0.0334395207464695,0.32534201815724373,14.747538539211646,-3.2886600240789376,38.4504090550563,windowmlp
17410,2026Q2,1,0.00022599287331104279,0.01809891313314438,0.037472568452358246,-0.02711006999015808,0.06480863131582737,1.8263691060759868,-2.674589044182263,6.695482310538159,windowmlp
17410,2026Q2,2,0.010785880498588085,0.03593697026371956,0.06565356254577637,-0.02159981895238161,0.09803926199674606,3.659050840544853,-2.1368213406176895,10.30060904799097,windowmlp
17410,2026Q2,4,0.03607600927352905,0.07491102814674377,0.12249258160591125,-0.012604881078004837,0.17117347195744514,7.778825380026566,-1.252577229894003,18.669658974771576,windowmlp
17410,2026Q2,8,0.08205204457044601,0.14991536736488342,0.2369784712791443,-0.020374353975057602,0.3394048698246479,16.17359177955602,-2.0168199288551625,40.41117126104285,windowmlp
17420,2026Q2,1,-0.0004400145262479782,0.0175979882478714,0.03721066564321518,-0.027776077389717102,0.0645467285066843,1.7753745171093849,-2.739386907720487,6.667542122964654,windowmlp
17420,2026Q2,2,0.009030965156853199,0.03438112884759903,0.06408520042896271,-0.023354734294116497,0.0964708998799324,3.497899191803633,-2.308412326373477,10.127753336905077,windowmlp
17420,2026Q2,4,0.03290928527712822,0.07180792093276978,0.1192411482334137,-0.01577160507440567,0.16792203858494759,7.4448945090827445,-1.5647884588593342,18.284439083056792,windowmlp
17420,2026Q2,8,0.0773543268442154,0.14566783607006073,0.23258039355278015,-0.025072071701288223,0.33500679209828377,15.681187304858678,-2.4760377683330503,39.794988020320375,windowmlp
17660,2026Q2,1,0.0002979664131999016,0.018017679452896118,0.03727484121918678,-0.027038096450269222,0.0646109040826559,1.818097711329636,-2.6675839377465094,6.674387793577963,windowmlp
17660,2026Q2,2,0.011551438830792904,0.03643341362476349,0.06596990674734116,-0.020834260620176792,0.09835560619831085,3.7105244639588975,-2.0618726836550194,10.335507525766886,windowmlp
17660,2026Q2,4,0.03798419237136841,0.07676170766353607,0.12413793802261353,-0.010696697980165482,0.17281882837414742,7.9784741304444795,-1.0639691746867408,18.865073578884495,windowmlp
17660,2026Q2,8,0.09027093648910522,0.15775379538536072,0.24564871191978455,-0.012155462056398392,0.34807511046528816,17.087788367923217,-1.2081882858957393,41.63386275982528,windowmlp
17780,2026Q2,1,-0.0047798752784729,0.013621861115098,0.033237095922231674,-0.032115938141942024,0.0605731587857008,1.3715061371381232,-3.1605698265474214,6.244532193680663,windowmlp
17780,2026Q2,2,0.00046376511454582214,0.026322554796934128,0.05467405915260315,-0.031921934336423874,0.08705975860357285,2.6672053066478796,-3.1417807860558145,9.096187212838425,windowmlp
17780,2026Q2,4,0.014654157683253288,0.054046571254730225,0.09893196821212769,-0.0340267326682806,0.14761285856366158,5.553375854197928,-3.345433405252618,15.906408775663294,windowmlp
17780,2026Q2,8,0.04380321875214577,0.1132495328783989,0.19487597048282623,-0.05862317979335785,0.29730236902832985,11.991135278833042,-5.693793294583416,34.622229384065186,windowmlp
17820,2026Q2,1,-0.0043347980827093124,0.013886433094739914,0.03333212062716484,-0.031670860946178436,0.060668183490633965,1.398329745427218,-3.1174592114623034,6.25462852869616,windowmlp
17820,2026Q2,2,0.001985521987080574,0.027548925951123238,0.055800750851631165,-0.030400177463889122,0.08818645030260086,2.793190642317911,-2.994273918976842,9.219174252594797,windowmlp
17820,2026Q2,4,0.018023695796728134,0.05735563486814499,0.10223961621522903,-0.030657194554805756,0.15092050656676292,5.903237227033853,-3.019202844779212,16.290421115913635,windowmlp
17820,2026Q2,8,0.05452714115381241,0.12320249527692795,0.20581915974617004,-0.04789925739169121,0.30824555829167366,13.11134428886307,-4.677018690184321,36.10351613751994,windowmlp
17860,2026Q2,1,-0.0019080322235822678,0.01622331142425537,0.035770244896411896,-0.02924409508705139,0.06310630775988102,1.6355623888094417,-2.882062458253909,6.514006586712573,windowmlp
17860,2026Q2,2,0.0061588166281580925,0.0316818468272686,0.0608653724193573,-0.026226882822811604,0.093251071870327,3.2189058835818463,-2.588594521129539,9.773731163185694,windowmlp
17860,2026Q2,4,0.026610227301716805,0.06570615619421005,0.11220912635326385,-0.022070663049817085,0.16089001670479774,6.791287147503922,-2.1828887945002817,17.455578019460205,windowmlp
17860,2026Q2,8,0.06455487012863159,0.13327327370643616,0.21802738308906555,-0.037871528416872025,0.32045378163456917,14.256218787626906,-3.7163369908082777,37.77528214328578,windowmlp
17900,2026Q2,1,-0.0008693914860486984,0.017149336636066437,0.03665241599082947,-0.028205454349517822,0.06398847885429859,1.7297230728530177,-2.781139409655764,6.608011622640242,windowmlp
17900,2026Q2,2,0.008361795917153358,0.03372463956475258,0.06319553405046463,-0.024023903533816338,0.09558123350143433,3.429976227975451,-2.3737626641656018,10.02981994790304,windowmlp
17900,2026Q2,4,0.03113040328025818,0.07010317593812943,0.11718998849391937,-0.01755048707127571,0.16587087884545326,7.261884400073715,-1.7397374316046266,18.042067460234932,windowmlp
17900,2026Q2,8,0.07311541587114334,0.14153443276882172,0.2275373339653015,-0.029310982674360275,0.32996373251080513,15.204017151077686,-2.888558225534965,39.09176824569913,windowmlp
17980,2026Q2,1,-0.0008294731378555298,0.017154261469841003,0.03659545257687569,-0.028165536001324654,0.06393151544034481,1.7302240760627585,-2.7772585158688523,6.601939039302573,windowmlp
17980,2026Q2,2,0.008623209781944752,0.03392709046602249,0.06335563212633133,-0.023762489669024944,0.09574133157730103,3.4509178396336715,-2.348238476115627,10.047436920548725,windowmlp
17980,2026Q2,4,0.03168691694736481,0.07064574211835861,0.11762088537216187,-0.016993973404169083,0.16630177572369576,7.320096861605241,-1.6850390337605492,18.092942378739462,windowmlp
17980,2026Q2,8,0.07476520538330078,0.1429165154695511,0.22899529337882996,-0.027661193162202835,0.3314216919243336,15.363348709569769,-2.7282125554516923,39.29470630033296,windowmlp
18020,2026Q2,1,0.0002614632248878479,0.0181400366127491,0.03756276145577431,-0.027074599638581276,0.06489882431924343,1.830556646791659,-2.6711368164128,6.705105930523736,windowmlp
18020,2026Q2,2,0.010850678198039532,0.03596724569797516,0.06572544574737549,-0.021535021252930164,0.09811114519834518,3.6621892108311016,-2.1304798263240055,10.308538093886877,windowmlp
18020,2026Q2,4,0.036483459174633026,0.07529525458812714,0.12290099263191223,-0.012197431176900864,0.17158188298344612,7.820244811269594,-1.2123344043411421,18.718134870319947,windowmlp
18020,2026Q2,8,0.08490660786628723,0.15262264013290405,0.24025732278823853,-0.017519790679216385,0.34268372133374214,16.48853150245366,-1.736721149766729,40.87231423835884,windowmlp
18140,2026Q2,1,-0.0017824294045567513,0.0163332000374794,0.03587016835808754,-0.029118492268025875,0.06320623122155666,1.6467315934875604,-2.8698634054190486,6.524650366740481,windowmlp
18140,2026Q2,2,0.006516686640679836,0.03198223561048508,0.061213262379169464,-0.02586901281028986,0.09359896183013916,3.24991634248899,-2.553727661701466,9.811926985694841,windowmlp
18140,2026Q2,4,0.02732101082801819,0.06636916100978851,0.11293341219425201,-0.0213598795235157,0.1616143025457859,6.862113761743216,-2.113337288160755,17.540680247013697,windowmlp
18140,2026Q2,8,0.06700493395328522,0.13558542728424072,0.22066709399223328,-0.0354214645922184,0.3230934925377369,14.520702358171489,-3.480146648608262,38.13944949454822,windowmlp
18580,2026Q2,1,-0.0014060363173484802,0.01658702827990055,0.03603193536400795,-0.028742099180817604,0.06336799822747707,1.672535679480136,-2.83329741228342,6.541883934360748,windowmlp
18580,2026Q2,2,0.007710164412856102,0.03294578194618225,0.06215473264455795,-0.024675535038113594,0.09454043209552765,3.3494503661629205,-2.437358273358037,9.915360331806799,windowmlp
18580,2026Q2,4,0.03026120737195015,0.06924134492874146,0.1158260703086853,-0.01841968297958374,0.1645069606602192,7.169482605057764,-1.8251077426410411,17.881177483127697,windowmlp
18580,2026Q2,8,0.0766981765627861,0.14453372359275818,0.2307576835155487,-0.025728221982717514,0.3331840820610523,15.550066194045087,-2.540007154536994,39.54041436995519,windowmlp
18700,2026Q2,1,-0.0022072438150644302,0.01585713028907776,0.03530430048704147,-0.029543306678533554,0.0626403633505106,1.5983521764541653,-2.911116923974011,6.464388541346966,windowmlp
18700,2026Q2,2,0.006120460107922554,0.03147691488265991,0.06043875217437744,-0.026265239343047142,0.09282445162534714,3.1977551997781406,-2.5923308120189392,9.726909455358879,windowmlp
18700,2026Q2,4,0.026631660759449005,0.06568757444620132,0.11180843412876129,-0.022049229592084885,0.16048932448029518,6.789302797153018,-2.1807922131133584,17.408523910360742,windowmlp
18700,2026Q2,8,0.0682273805141449,0.13648481667041779,0.22141331434249878,-0.03419901803135872,0.3238397128880024,14.623747394229714,-3.3620841379715993,38.24257043362196,windowmlp
18880,2026Q2,1,0.0007331985980272293,0.018522195518016815,0.03796333447098732,-0.026602864265441895,0.06529939733445644,1.8694795377335982,-2.625212517615194,6.7478576785716005,windowmlp
18880,2026Q2,2,0.012145781889557838,0.037058401852846146,0.06691063195466995,-0.020239917561411858,0.09929633140563965,3.7753625802963375,-2.003646536056791,10.439351755743974,windowmlp
18880,2026Q2,4,0.03977283835411072,0.07846175134181976,0.12630335986614227,-0.008908051997423172,0.17498425021767616,8.162198378154395,-0.8868492854343435,19.122745489149917,windowmlp
18880,2026Q2,8,0.09513331204652786,0.16250701248645782,0.2516780197620392,-0.007293086498975754,0.3541044183075428,17.645656830551793,-0.7266556478059183,42.4903964772577,windowmlp
19124,2026Q2,1,-0.0058497218415141106,0.012607669457793236,0.03226931393146515,-0.033185784704983234,0.05960537679493427,1.2687481182960703,-3.264117758009566,6.141760387179307,windowmlp
19124,2026Q2,2,-0.0015371907502412796,0.024375751614570618,0.05236532539129257,-0.033922890201210976,0.08475102484226227,2.467526894981975,-3.3353960354602696,8.844603693622478,windowmlp
19124,2026Q2,4,0.010733699426054955,0.050236187875270844,0.09449265897274017,-0.037947190925478935,0.14317354932427406,5.151942318734726,-3.7236217786932757,15.393004806929579,windowmlp
19124,2026Q2,8,0.03982292860746384,0.1093825101852417,0.1903165578842163,-0.06260346993803978,0.2927429564297199,11.558899289100989,-6.068413316940946,34.00982825097427,windowmlp
19140,2026Q2,1,-0.0024191420525312424,0.015757190063595772,0.0353393517434597,-0.029755204916000366,0.06267541460692883,1.5881989215968062,-2.931687707642072,6.468120317330461,windowmlp
19140,2026Q2,2,0.005070994608104229,0.030671993270516396,0.059716686606407166,-0.027314704842865467,0.09210238605737686,3.114722518176194,-2.6945031776855144,9.647708029913659,windowmlp
19140,2026Q2,4,0.02437508851289749,0.06355759501457214,0.10978607833385468,-0.0243058018386364,0.15846696868538857,6.56208584829423,-2.4012794563257778,17.171322035796766,windowmlp
19140,2026Q2,8,0.06035614013671875,0.1293267458677292,0.2135094404220581,-0.042070258408784866,0.3159358389675617,13.806192045070098,-4.119758572597821,37.15422532359105,windowmlp
19300,2026Q2,1,0.0011392561718821526,0.018937502056360245,0.03840434178709984,-0.02619680669158697,0.06574040465056896,1.9117953850590785,-2.585664718857239,6.7949446468728025,windowmlp
19300,2026Q2,2,0.01269636582583189,0.037647441029548645,0.06771314889192581,-0.019689333625137806,0.10009884834289551,3.8365083412890355,-1.9496764618615492,10.52801677890034,windowmlp
19300,2026Q2,4,0.04070470482110977,0.07935042679309845,0.127511128783226,-0.007976185530424118,0.1761920191347599,8.258362191490765,-0.7944460167777945,19.266705155975284,windowmlp
19300,2026Q2,8,0.09448498487472534,0.16199463605880737,0.25125357508659363,-0.007941413670778275,0.35367997363209724,17.58539340927303,-0.7909963952040688,42.4299300204114,windowmlp
19340,2026Q2,1,0.00198926217854023,0.019690636545419693,0.03903681039810181,-0.025346800684928894,0.06637287326157093,1.9885775830369434,-2.5028267473345855,6.862510461551818,windowmlp
19340,2026Q2,2,0.014503749087452888,0.03933558985590935,0.06957802176475525,-0.017881950363516808,0.10196372121572495,4.011947863325749,-1.7723017045033207,10.73432979305855,windowmlp
19340,2026Q2,4,0.04442331939935684,0.08300764858722687,0.13152357935905457,-0.004257570952177048,0.18020446971058846,8.655011908981836,-0.4248520346059159,19.746218283781445,windowmlp
19340,2026Q2,8,0.10090023279190063,0.16778552532196045,0.2577908933162689,-0.0015261657536029816,0.36021729186177254,18.268292790433584,-0.1525001754876243,43.364089921767835,windowmlp
19430,2026Q2,1,0.004092695657163858,0.021391984075307846,0.04041649028658867,-0.023243367206305265,0.06775255315005779,2.1622432885533893,-2.2975320929119025,7.01004827214049,windowmlp
19430,2026Q2,2,0.019264057278633118,0.04362469166517258,0.0741146057844162,-0.013121642172336578,0.1065003052353859,4.45902378878984,-1.3035928735619207,11.237826598284206,windowmlp
19430,2026Q2,4,0.054459959268569946,0.09290039539337158,0.14230228960514069,0.0057790689170360565,0.19098317995667458,9.73524284674716,0.579579995021362,21.043909227209866,windowmlp
19430,2026Q2,8,0.11915214359760284,0.1852959543466568,0.2774984836578369,0.016725745052099228,0.37992488220334053,20.357459055456275,1.6866403437049815,46.21747499632782,windowmlp
19460,2026Q2,1,-0.0027347346767783165,0.015460522845387459,0.03505559265613556,-0.03007079754024744,0.06239165551960468,1.5580655032396473,-2.9623169176190567,6.437913306639675,windowmlp
19460,2026Q2,2,0.004677286371588707,0.03021511808037758,0.05915307253599167,-0.02770841307938099,0.09153877198696136,3.0676227199035067,-2.732805612755851,9.585926450998251,windowmlp
19460,2026Q2,4,0.02385118417441845,0.06299230456352234,0.10901346802711487,-0.02482970617711544,0.15769435837864876,6.501864341645236,-2.452398457546112,17.080829227077388,windowmlp
19460,2026Q2,8,0.0626278966665268,0.1313859522342682,0.21583041548728943,-0.03979850187897682,0.31825681403279305,14.040783933940837,-3.9016944074935833,37.47292656640884,windowmlp
19500,2026Q2,1,0.0018102265894412994,0.019560016691684723,0.038949284702539444,-0.025525836274027824,0.06628534756600857,1.9752567199539328,-2.520280648701978,6.853157655305542,windowmlp
19500,2026Q2,2,0.013947229832410812,0.03887917101383209,0.06912573426961899,-0.018438469618558884,0.10151143372058868,3.964485682660479,-1.8269521015735979,10.684257364831007,windowmlp
19500,2026Q2,4,0.043148625642061234,0.08176276087760925,0.13024528324604034,-0.005532264709472656,0.17892617359757423,8.519832778944547,-0.5516989914116532,19.59324495183934,windowmlp
19500,2026Q2,8,0.09704868495464325,0.16418865323066711,0.2537497580051422,-0.005377713590860367,0.35617615655064583,17.843660999734933,-0.5363279574720381,42.78590528366617,windowmlp
19660,2026Q2,1,-0.005443836562335491,0.01299931202083826,0.032701727002859116,-0.032779899425804615,0.06003778986632824,1.3084170378771187,-3.224846118088065,6.187667396471608,windowmlp
19660,2026Q2,2,-0.0007871557027101517,0.02509314939379692,0.053250424563884735,-0.03317285515367985,0.08563612401485443,2.5410632454726745,-3.262866998371383,8.940984609335123,windowmlp
19660,2026Q2,4,0.012391384690999985,0.05183592811226845,0.09638677537441254,-0.036289505660533905,0.14506766572594643,5.3202927344243145,-3.563893492116732,15.611779717137676,windowmlp
19660,2026Q2,8,0.04285764694213867,0.11248373240232468,0.19403904676437378,-0.059568751603364944,0.2964654453098774,11.905405244360745,-5.78292443856313,34.5096079815979,windowmlp
19740,2026Q2,1,-0.0057045454159379005,0.012689705938100815,0.03224162384867668,-0.033040608279407024,0.059577686712145805,1.2770561907347044,-3.250072968939244,6.138821353738089,windowmlp
19740,2026Q2,2,-0.000999627634882927,0.024800481274724007,0.05274542421102524,-0.03338532708585262,0.08513112366199493,2.5110571364947987,-3.283418740521593,8.885983262685171,windowmlp
19740,2026Q2,4,0.011882282793521881,0.051360368728637695,0.0955580472946167,-0.03679860755801201,0.1442389376461506,5.270218588486419,-3.612976801662149,15.516008678486614,windowmlp
19740,2026Q2,8,0.043275076895952225,0.11241597682237625,0.19359879195690155,-0.05915132164955139,0.29602519050240517,11.897823285591947,-5.74358719936331,34.450402513735014,windowmlp
19780,2026Q2,1,-0.0018992368131875992,0.016195286065340042,0.035695724189281464,-0.029235299676656723,0.06303178705275059,1.6327140556078978,-2.8812082623800417,6.506069383369106,windowmlp
19780,2026Q2,2,0.00648388359695673,0.03188107907772064,0.06101574748754501,-0.025901815854012966,0.09340144693851471,3.239472467185567,-2.5569241436061763,9.790239636694897,windowmlp
19780,2026Q2,4,0.027455922216176987,0.06650000065565109,0.11290405690670013,-0.021224968135356903,0.16158494725823402,6.876096477590776,-2.100130371750386,17.53722985718984,windowmlp
19780,2026Q2,8,0.06927867978811264,0.1375565379858017,0.2228235900402069,-0.033147718757390976,0.3252499885857105,14.74665795873278,-3.2604353448990264,38.437668109513254,windowmlp
19804,2026Q2,1,0.003305989783257246,0.02086656726896763,0.04014969617128372,-0.024030073080211878,0.06748575903475285,2.108579628085261,-2.3743649719082827,6.981502429083775,windowmlp
19804,2026Q2,2,0.01722380705177784,0.041882120072841644,0.07248947024345398,-0.015161892399191856,0.10487516969442368,4.277154967115204,-1.504752962353606,11.057196866433006,windowmlp
19804,2026Q2,4,0.04996481165289879,0.08841818571090698,0.1377115547657013,0.0012839213013648987,0.18639244511723518,9.244487135367407,0.12847458811797718,20.489502277338346,windowmlp
19804,2026Q2,8,0.10990048199892044,0.17656633257865906,0.2678704559803009,0.007474083453416824,0.3702968545258045,19.3113566434294,0.7502084131481901,44.81644450312396,windowmlp
20020,2026Q2,1,-2.750847488641739e-05,0.017869962379336357,0.03726678341627121,-0.02736357133835554,0.06460284627974033,1.8030585506980445,-2.6992580401294597,6.6735282358480585,windowmlp
20020,2026Q2,2,0.010378577746450901,0.03552340343594551,0.06515732407569885,-0.022007121704518795,0.09754302352666855,3.616189759290278,-2.176673166188492,10.245887221169149,windowmlp
20020,2026Q2,4,0.035563211888074875,0.07442335784435272,0.12178610265254974,-0.013117678463459015,0.17046699300408363,7.726277661684411,-1.3032016689614956,18.585850966086248,windowmlp
20020,2026Q2,8,0.08285601437091827,0.15058806538581848,0.23787164688110352,-0.019570384174585342,0.34029804542660713,16.25176781631561,-1.938012736067063,40.536639117528715,windowmlp
20100,2026Q2,1,0.0013106167316436768,0.0190640427172184,0.03844887390732765,-0.026025446131825447,0.06578493677079678,1.9246921869640499,-2.568970313494201,6.799700558082145,windowmlp
20100,2026Q2,2,0.013058425858616829,0.0380278080701828,0.06805668026208878,-0.019327273592352867,0.10044237971305847,3.8760118391145904,-1.914169931146792,10.565993142608443,windowmlp
20100,2026Q2,4,0.041163913905620575,0.07987376302480698,0.12804459035396576,-0.007516976445913315,0.17672548070549965,8.315032542341516,-0.7488794636679286,19.33034633339672,windowmlp
20100,2026Q2,8,0.09351228922605515,0.16094332933425903,0.24983835220336914,-0.008914109319448471,0.35226475074887276,17.46184005209055,-0.887449643886884,42.228502490234646,windowmlp
20220,2026Q2,1,0.0014769015833735466,0.01919204741716385,0.038491930812597275,-0.025859161280095577,0.0658279936760664,1.937739861668497,-2.552767662078481,6.8042991216711535,windowmlp
20220,2026Q2,2,0.013436701148748398,0.038359254598617554,0.06837069243192673,-0.018948998302221298,0.10075639188289642,3.910446888999952,-1.8770594667763763,10.600717661700898,windowmlp
20220,2026Q2,4,0.04184389114379883,0.08055630326271057,0.1287463754415512,-0.006836999207735062,0.1774272657930851,8.388987146046855,-0.6813680103150088,19.41411998306073,windowmlp
20220,2026Q2,8,0.09418287128210068,0.16139596700668335,0.25019338726997375,-0.008243527263402939,0.35261978581547737,17.51501974062768,-0.820964256626755,42.27900756109444,windowmlp
20260,2026Q2,1,0.0019823620095849037,0.019682880491018295,0.03902905434370041,-0.02535370085388422,0.06636511720716953,1.9877865571485076,-2.5034994919816644,6.861681633321437,windowmlp
20260,2026Q2,2,0.014392790384590626,0.039280254393815994,0.06952644139528275,-0.01799290906637907,0.10191214084625244,4.006192473367554,-1.7832003178321565,10.728618222718245,windowmlp
20260,2026Q2,4,0.04382074624300003,0.08243608474731445,0.1309908777475357,-0.004860144108533859,0.1796717680990696,8.592926377761923,-0.4848352718508586,19.682446267564345,windowmlp
20260,2026Q2,8,0.09732293337583542,0.16459254920482635,0.2540857791900635,-0.005103465169668198,0.3565121777355671,17.891267193320704,-0.5090464616658186,42.833892434647794,windowmlp
20500,2026Q2,1,-0.004183441400527954,0.014126583002507687,0.03374890238046646,-0.03151950426399708,0.061084965243935585,1.4226834691185797,-3.1027942817376974,6.298922748940949,windowmlp
20500,2026Q2,2,0.001720307394862175,0.027466751635074615,0.05595506727695465,-0.03066539205610752,0.08834076672792435,2.7847440292344983,-3.0199978417316364,9.23602986565777,windowmlp
20500,2026Q2,4,0.017423760145902634,0.05675768852233887,0.10197179019451141,-0.031257130205631256,0.1506526805460453,5.839931701864809,-3.0773676331284583,16.25927968560741,windowmlp
20500,2026Q2,8,0.05003440007567406,0.11932367086410522,0.20182251930236816,-0.05239199846982956,0.3042489178478718,12.673455042032277,-5.104319569154148,35.56064487361843,windowmlp
20740,2026Q2,1,-0.002952619455754757,0.01526939682662487,0.03482073172926903,-0.03028868231922388,0.06215679459273815,1.5386569693037755,-2.983457648544463,6.41291813497622,windowmlp
20740,2026Q2,2,0.004106709733605385,0.02973770909011364,0.05860243737697601,-0.02827898971736431,0.09098813682794571,3.018429053895444,-2.7882881714842545,9.525601197088118,windowmlp
20740,2026Q2,4,0.022248385474085808,0.06144716590642929,0.10733699798583984,-0.026432504877448082,0.15601788833737373,6.337431262666593,-2.6086223953122434,16.884711163433018,windowmlp
20740,2026Q2,8,0.056777652353048325,0.12579207122325897,0.20934197306632996,-0.04564874619245529,0.3117683716118336,13.404634289758643,-4.462251676062767,36.583828946538574,windowmlp
20940,2026Q2,1,0.003234544303268194,0.020804645493626595,0.040102243423461914,-0.02410151856020093,0.06743830628693104,2.1022570793108653,-2.3813396331051173,6.976425983274015,windowmlp
20940,2026Q2,2,0.016827711835503578,0.041628722101449966,0.07218784838914871,-0.015557987615466118,0.10457354784011841,4.250734695147074,-1.5437587330214164,11.023704640027843,windowmlp
20940,2026Q2,4,0.048764538019895554,0.08734586089849472,0.13660232722759247,8.364766836166382e-05,0.18528321757912636,9.127404347801281,0.008365116692532482,20.355926100242193,windowmlp
20940,2026Q2,8,0.1052958071231842,0.1720811128616333,0.2626381814479828,0.0028694085776805878,0.3650645799934864,18.777417306880405,0.2873529270848163,44.06070395384314,windowmlp
20994,2026Q2,1,0.0027663554064929485,0.020382791757583618,0.03968464583158493,-0.024569707456976175,0.06702070869505405,2.059193944514326,-2.427032908630178,6.931762211786574,windowmlp
20994,2026Q2,2,0.016041846945881844,0.04080618917942047,0.07125607132911682,-0.016343852505087852,0.10364177078008652,4.165020290007204,-1.6211016416785906,10.92030347982018,windowmlp
20994,2026Q2,4,0.047332510352134705,0.08584889769554138,0.13483643531799316,-0.0013483799993991852,0.18351732566952705,8.964166849805967,-0.1347471343538187,20.14357809106686,windowmlp
20994,2026Q2,8,0.10377746820449829,0.17068177461624146,0.2610522210597992,0.0013510696589946747,0.3634786196053028,18.611323761781982,0.13519827647832106,43.83241046394608,windowmlp
21060,2026Q2,1,-0.005350661464035511,0.013159583322703838,0.03286875784397125,-0.032686724327504635,0.060204820707440376,1.3246551709843235,-3.2158286635175393,6.20540549323596,windowmlp
21060,2026Q2,2,-0.0010239388793706894,0.025038035586476326,0.053305648267269135,-0.033409638330340385,0.08569134771823883,2.535411972803514,-3.2857700123933187,8.947000900074986,windowmlp
21060,2026Q2,4,0.011486275121569633,0.051006872206926346,0.09569326043128967,-0.037194615229964256,0.14437415078282356,5.233012508872914,-3.6511392455163327,15.53162901636962,windowmlp
21060,2026Q2,8,0.03640399128198624,0.10636657476425171,0.1871543675661087,-0.06602240726351738,0.2895807661116123,11.222951705960615,-6.3890111604337,33.58673297599872,windowmlp
21140,2026Q2,1,-0.00041334331035614014,0.01750028133392334,0.03688192367553711,-0.027749406173825264,0.06421798653900623,1.7654308451400702,-2.7367928143172793,6.632481788497202,windowmlp
21140,2026Q2,2,0.009592896327376366,0.03481157869100571,0.06430333107709885,-0.02279280312359333,0.09668903052806854,3.542459436090728,-2.2535009514001003,10.15177819530193,windowmlp
21140,2026Q2,4,0.033624038100242615,0.07254800945520401,0.11973798274993896,-0.015056852251291275,0.16841887310147285,7.524442675014464,-1.4944064636479015,18.343221476512927,windowmlp
21140,2026Q2,8,0.07763874530792236,0.14569610357284546,0.23209413886070251,-0.024787653237581253,0.33452053740620613,15.684457369361017,-2.4482962079015125,39.72702857560504,windowmlp
21300,2026Q2,1,0.0024100234732031822,0.020000537857413292,0.039249587804079056,-0.02492603939026594,0.06658565066754818,2.0201888749757257,-2.461795078827189,6.8852508085542885,windowmlp
21300,2026Q2,2,0.015659654513001442,0.04036989435553551,0.07062264531850815,-0.016726044937968254,0.10300834476947784,4.119583543454208,-1.6586941279467693,10.850065921987916,windowmlp
21300,2026Q2,4,0.04689360409975052,0.08542768657207489,0.13408303260803223,-0.001787286251783371,0.18276392295956612,8.918279595458989,-0.17856900068342618,20.053095682874343,windowmlp
21300,2026Q2,8,0.10525570809841156,0.1719471663236618,0.26244550943374634,0.0028293095529079437,0.36487190797924995,18.761508548528294,0.2833315826619609,44.03295016161542,windowmlp
21340,2026Q2,1,-0.004744247533380985,0.013745320029556751,0.03350009396672249,-0.03208031039685011,0.06083615683019161,1.3840221258321517,-3.1571195945527264,6.272477972566959,windowmlp
21340,2026Q2,2,6.104819476604462e-05,0.02607138454914093,0.054576575756073,-0.03232465125620365,0.0869622752070427,2.641421597436633,-3.18077937652983,9.085552664314811,windowmlp
21340,2026Q2,4,0.013934716582298279,0.053359344601631165,0.0984652191400528,-0.03474617376923561,0.14714610949158669,5.480861680676652,-3.4149456650692356,15.852322190333389,windowmlp
21340,2026Q2,8,0.040932297706604004,0.1107688695192337,0.19236457347869873,-0.06149410083889961,0.29479097202420235,11.713667267647555,-5.964150695069092,34.28456370426407,windowmlp
21420,2026Q2,1,0.004936258774250746,0.02229342609643936,0.0414578802883625,-0.022399804089218378,0.06879394315183163,2.2543781485048875,-2.2150791222841137,7.121545512479588,windowmlp
21420,2026Q2,2,0.02088780328631401,0.04518769681453705,0.0762343779206276,-0.011497896164655685,0.10862007737159729,4.622421443292168,-1.143204797007702,11.4738755401957,windowmlp
21420,2026Q2,4,0.057890091091394424,0.09610049426555634,0.14616526663303375,0.009209200739860535,0.19484615698456764,10.086968952619223,0.925173590033812,21.51240337639353,windowmlp
21420,2026Q2,8,0.12806099653244019,0.1936950832605362,0.2877430021762848,0.02563459798693657,0.3901694007217884,21.372614111032906,2.596598993425503,47.72310166885574,windowmlp
21500,2026Q2,1,0.0026204469613730907,0.020280268043279648,0.03964182361960411,-0.024715615902096033,0.06697788648307323,2.048730993231751,-2.441268589965895,6.927183255238867,windowmlp
21500,2026Q2,2,0.01563858799636364,0.040455546230077744,0.07093577086925507,-0.016747111454606056,0.10332147032022476,4.128501962895492,-1.6607658148814153,10.884781344789385,windowmlp
21500,2026Q2,4,0.046492841094732285,0.08501851558685303,0.13399292528629303,-0.0021880492568016052,0.18267381563782692,8.873722512042747,-0.2185657221974613,20.042278507316546,windowmlp
21500,2026Q2,8,0.10210316628217697,0.169236958026886,0.2595207691192627,-0.0003232322633266449,0.3619471676647663,18.440075894195452,-0.03231800294066778,43.61230662207518,windowmlp
21660,2026Q2,1,-0.0007688822224736214,0.017113739624619484,0.03646014630794525,-0.028104945085942745,0.06379620917141438,1.7261018631888003,-2.7713675224978584,6.587516104449187,windowmlp
21660,2026Q2,2,0.009312060661613941,0.034384965896606445,0.06369075924158096,-0.023073638789355755,0.09607645869255066,3.498296319076899,-2.280947800328925,10.084322981038829,windowmlp
21660,2026Q2,4,0.03335697576403618,0.0722445696592331,0.1190798282623291,-0.015323914587497711,0.167760718613863,7.491820429761309,-1.5207100850774924,18.26535897980639,windowmlp
21660,2026Q2,8,0.08220717310905457,0.14983895421028137,0.23666054010391235,-0.02021922543644905,0.33908693864941597,16.16471492808511,-2.0016187622856063,40.36653726799304,windowmlp
21780,2026Q2,1,0.0005394518375396729,0.018367722630500793,0.03773334622383118,-0.02679661102592945,0.0650694090873003,1.853744680415348,-2.6440767397430953,6.723309748872297,windowmlp
21780,2026Q2,2,0.011577349156141281,0.036625564098358154,0.06641008704900742,-0.020808350294828415,0.09879578649997711,3.730454405063899,-2.059335042036825,10.384085733554782,windowmlp
21780,2026Q2,4,0.037941329181194305,0.0767231434583664,0.12443213164806366,-0.010739561170339584,0.17311302199959755,7.97431010670584,-1.0682097977071092,18.900048070204,windowmlp
21780,2026Q2,8,0.0874275416135788,0.15502795577049255,0.242910236120224,-0.01499885693192482,0.3453366346657276,16.769060433938087,-1.4886934346285075,41.24653244366503,windowmlp
21794,2026Q2,1,-0.0021763965487480164,0.01588589698076248,0.03534557297825813,-0.02951245941221714,0.06268163584172726,1.6012748669647747,-2.908121951148279,6.468782682565877,windowmlp
21794,2026Q2,2,0.006118697114288807,0.031480953097343445,0.0604296550154686,-0.02626700233668089,0.0928153544664383,3.1981719353099347,-2.5925025409682223,9.725911256767382,windowmlp
21794,2026Q2,4,0.02674265205860138,0.06582476943731308,0.11197814345359802,-0.02193823829293251,0.1606590338051319,6.803954759666042,-2.16993452961598,17.42845092253571,windowmlp
21794,2026Q2,8,0.06903453171253204,0.13725650310516357,0.22224363684654236,-0.03339186683297157,0.324670035392046,14.712235123192418,-3.284051240437036,38.35740401872727,windowmlp
21820,2026Q2,1,0.0016220500692725182,0.019243258982896805,0.038424719125032425,-0.025714012794196606,0.06576078198850155,1.9429603866085943,-2.5386223172867317,6.797120865722062,windowmlp
21820,2026Q2,2,0.014228830114006996,0.038972437381744385,0.06890323013067245,-0.0181568693369627,0.10128892958164215,3.9741825248195584,-1.799302650776391,10.659632399131102,windowmlp
21820,2026Q2,4,0.04365082085132599,0.08231015503406525,0.13037635385990143,-0.005030069500207901,0.17905724421143532,8.579252162695328,-0.5017439885439567,19.608921139190105,windowmlp
21820,2026Q2,8,0.10003062337636948,0.16669434309005737,0.25605595111846924,-0.00239577516913414,0.35848234966397285,18.13931091490655,-0.23929075902854313,43.115577152494254,windowmlp
22020,2026Q2,1,0.00036842748522758484,0.018192194402217865,0.03753184899687767,-0.02696763537824154,0.0648679118603468,1.8358680420408557,-2.660725549745868,6.70180746430471,windowmlp
22020,2026Q2,2,0.01137586310505867,0.03637438267469406,0.06609466671943665,-0.021009836345911026,0.09848036617040634,3.7044025138616377,-2.07906673196272,10.34927383933153,windowmlp
22020,2026Q2,4,0.03773990273475647,0.07650376856327057,0.12406191229820251,-0.01094098761677742,0.1727428026497364,7.9506258517136,-1.0881352698213997,18.85603711906454,windowmlp
22020,2026Q2,8,0.08868087083101273,0.15606559813022614,0.24407964944839478,-0.01374552771449089,0.3465060479938984,16.890287841820275,-1.365148931066884,41.41180463818157,windowmlp
22140,2026Q2,1,0.0030573285184800625,0.020630203187465668,0.03992186486721039,-0.02427873434498906,0.06725792773067951,2.0844476795232714,-2.3986376678243326,6.95713147021273,windowmlp
22140,2026Q2,2,0.01659667119383812,0.041310831904411316,0.0718546137213707,-0.015789028257131577,0.1042403131723404,4.217599675481409,-1.566503498595917,10.986713856344688,windowmlp
22140,2026Q2,4,0.048576727509498596,0.08709224313497543,0.13624508678913116,-0.00010416284203529358,0.18492597714066505,9.099731208920048,-0.01041574172747639,20.312937775471894,windowmlp
22140,2026Q2,8,0.10662102699279785,0.17344677448272705,0.26435816287994385,0.004194628447294235,0.36678456142544746,18.939737879409414,0.4203438214793076,44.30869890193425,windowmlp
22180,2026Q2,1,-0.00207564327865839,0.016169104725122452,0.03590076044201851,-0.029411706142127514,0.06323682330548763,1.6300532097763831,-2.898339134118577,6.527909227632622,windowmlp
22180,2026Q2,2,0.005446133203804493,0.031108226627111435,0.06041869521141052,-0.026939566247165203,0.09280439466238022,3.159714412463699,-2.6579932825464447,9.724708688869876,windowmlp
22180,2026Q2,4,0.025414125993847847,0.0645129531621933,0.11114344000816345,-0.023266764357686043,0.15982433035969734,6.66393945082453,-2.299818025601541,17.330473886532015,windowmlp
22180,2026Q2,8,0.06251649558544159,0.13157348334789276,0.21647343039512634,-0.03990990296006203,0.31889982894062996,14.062172134564443,-3.9123992663495533,37.56135213404737,windowmlp
22220,2026Q2,1,-0.0022489242255687714,0.015902085229754448,0.035466987639665604,-0.029584987089037895,0.06280305050313473,1.6029196270130885,-2.91516354414304,6.481710338553337,windowmlp
22220,2026Q2,2,0.005537603050470352,0.031102538108825684,0.06017639487981796,-0.026848096400499344,0.09256209433078766,3.159127588210997,-2.649089016888151,9.698125576249229,windowmlp
22220,2026Q2,4,0.02508769929409027,0.06422103941440582,0.11058041453361511,-0.02359319105744362,0.159261304885149,6.63280732467455,-2.331704768943821,17.264432434047716,windowmlp
22220,2026Q2,8,0.061338186264038086,0.13036894798278809,0.21461933851242065,-0.04108821228146553,0.31704573705792427,13.924862927907267,-4.025553503527036,37.30653704597202,windowmlp
22380,2026Q2,1,-0.002817797474563122,0.015361841768026352,0.034958045929670334,-0.030153860338032246,0.06229410879313946,1.5480441383887378,-2.970376804323427,6.427531143006093,windowmlp
22380,2026Q2,2,0.004477173089981079,0.030012745410203934,0.05888117849826813,-0.027908526360988617,0.09126687794923782,3.046766760294539,-2.7522681227991286,9.556134741255473,windowmlp
22380,2026Q2,4,0.02338629961013794,0.06254637241363525,0.10849776864051819,-0.02529459074139595,0.15717865899205208,6.454382323978325,-2.497736292539421,17.02046628116762,windowmlp
22380,2026Q2,8,0.06174396350979805,0.13053102791309357,0.214731365442276,-0.040682435035705566,0.3171577639877796,13.943329358229128,-3.986601354550967,37.32191993739933,windowmlp
22420,2026Q2,1,0.004052616190165281,0.02152751013636589,0.04075909033417702,-0.023283446673303843,0.06809515319764614,2.176089873240472,-2.301447877278262,7.0467162006293105,windowmlp
22420,2026Q2,2,0.018863478675484657,0.04340125992894173,0.07420536875724792,-0.013522220775485039,0.10659106820821762,4.435686934933725,-1.3431206249501115,11.247923332315457,windowmlp
22420,2026Q2,4,0.05332992225885391,0.09170135110616684,0.14139075577259064,0.004649031907320023,0.19007164612412453,9.603744282762406,0.4659855422613379,20.933623880773688,windowmlp
22420,2026Q2,8,0.11621545255184174,0.18262124061584473,0.2748682200908661,0.01378905400633812,0.3772946186363697,20.035967447788728,1.3884561492598424,45.833389843017436,windowmlp
22500,2026Q2,1,0.0021044351160526276,0.019760970026254654,0.03907376155257225,-0.025231627747416496,0.06640982441604137,1.9957510469681417,-2.4915970648265784,6.866459227638266,windowmlp
22500,2026Q2,2,0.01474472414702177,0.03956552594900131,0.06979899853467941,-0.017640975303947926,0.10218469798564911,4.035866714050496,-1.7486284268350527,10.758802211394336,windowmlp
22500,2026Q2,4,0.04465462639927864,0.08328257501125336,0.13187092542648315,-0.004026263952255249,0.18055181577801704,8.684888149554325,-0.4018169418768758,19.78781888627634,windowmlp
22500,2026Q2,8,0.09985718876123428,0.16697373986244202,0.25675833225250244,-0.002569209784269333,0.35918473079800606,18.1723232686257,-0.2565912189486985,43.216134144405395,windowmlp
22520,2026Q2,1,-0.0012344056740403175,0.016840001568198204,0.03642302751541138,-0.02857046853750944,0.0637590903788805,1.6982593687264735,-2.816619197404724,6.583559777979686,windowmlp
22520,2026Q2,2,0.007493264973163605,0.03290679678320885,0.06233929097652435,-0.02489243447780609,0.09472499042749405,3.3454213495336393,-2.458517260914239,9.9356479994386,windowmlp
22520,2026Q2,4,0.029510358348488808,0.06850571185350418,0.11540554463863373,-0.019170532003045082,0.16408643499016762,7.090674179593592,-1.8987945973075737,17.831615843681337,windowmlp
22520,2026Q2,8,0.07138035446405411,0.13979965448379517,0.22565937042236328,-0.03104604408144951,0.3280857689678669,15.004336974270904,-3.056906450856789,38.83080409308941,windowmlp
22540,2026Q2,1,0.001962350681424141,0.0197661891579628,0.039273299276828766,-0.025373712182044983,0.06660936214029789,1.9962833776156819,-2.5054505069265987,6.88778524531366,windowmlp
22540,2026Q2,2,0.013883172534406185,0.03893326222896576,0.06934891641139984,-0.01850252691656351,0.10173461586236954,3.970109400117283,-1.8332406003445767,10.708962871262484,windowmlp
22540,2026Q2,4,0.043020062148571014,0.08166468143463135,0.13043737411499023,-0.005660828202962875,0.17911826446652412,8.509189736133905,-0.564483590577014,19.616219928753665,windowmlp
22540,2026Q2,8,0.0941038653254509,0.16179627180099487,0.2512935400009155,-0.008322533220052719,0.35371993854641914,17.562070983224153,-0.8287996816985554,42.4356223341072,windowmlp
22660,2026Q2,1,-0.004983942955732346,0.013333568349480629,0.032847728580236435,-0.03232000581920147,0.06018379144370556,1.342285677504984,-3.180329607895138,6.203172095237219,windowmlp
22660,2026Q2,2,0.0004770886152982712,0.02620493620634079,0.054343029856681824,-0.031908610835671425,0.08672872930765152,2.655130444787601,-3.1404902869022755,9.060079155539768,windowmlp
22660,2026Q2,4,0.01474161446094513,0.05415257811546326,0.09873789548873901,-0.03393927589058876,0.1474187858402729,5.564565829308599,-3.336979938657958,15.883916685875143,windowmlp
22660,2026Q2,8,0.04691917449235916,0.115998774766922,0.19769355654716492,-0.055507224053144455,0.30011995509266853,12.299449620240877,-5.399481034601495,35.002073972645434,windowmlp
22744,2026Q2,1,-0.006848764605820179,0.01189118530601263,0.031847283244132996,-0.0341848274692893,0.05918334610760212,1.1962166521245043,-3.3607127818981675,6.0969747582080736,windowmlp
22744,2026Q2,2,-0.004496028646826744,0.021862123161554337,0.04985295236110687,-0.03688172809779644,0.08223865181207657,2.210285044530691,-3.6209882100976976,8.571488673885131,windowmlp
22744,2026Q2,4,0.004760038107633591,0.044430337846279144,0.08850958943367004,-0.0439208522439003,0.13719047978520393,4.54321471188146,-4.297029877109393,14.704661690603915,windowmlp
22744,2026Q2,8,0.02550707757472992,0.09606915712356567,0.17572864890098572,-0.0769193209707737,0.27815504744648933,10.08351919569488,-7.403544348550661,32.06909510949705,windowmlp
22900,2026Q2,1,-0.00039428286254405975,0.017530879005789757,0.036968644708395004,-0.027730345726013184,0.06430470757186413,1.7685446780381975,-2.734938916364671,6.641729468432467,windowmlp
22900,2026Q2,2,0.00947876088321209,0.03469124436378479,0.06422258913516998,-0.022906938567757607,0.09660828858613968,3.5300004735311585,-2.2646566548418234,10.142884685867969,windowmlp
22900,2026Q2,4,0.0336463525891304,0.07255952805280685,0.1198064386844635,-0.015034537762403488,0.1684873290359974,7.525681212935198,-1.4922083371506134,18.351323049630963,windowmlp
22900,2026Q2,8,0.07870309054851532,0.14671149849891663,0.23332425951957703,-0.023723307996988297,0.33575065806508064,15.801982437480477,-2.3444122418631586,39.89901544066943,windowmlp
23060,2026Q2,1,-0.0005065510049462318,0.017540737986564636,0.03712589666247368,-0.027842613868415356,0.0644619595259428,1.7695480171096012,-2.7458580711450797,6.658500407374612,windowmlp
23060,2026Q2,2,0.008826492354273796,0.03420816734433174,0.06388058513402939,-0.0235592070966959,0.09626628458499908,3.4799995875902656,-2.3283855570327305,10.105221819400857,windowmlp
23060,2026Q2,4,0.03237266466021538,0.07129252701997757,0.11868476867675781,-0.016308225691318512,0.1673656590282917,7.389532332382109,-1.617596652552522,18.218646343845222,windowmlp
23060,2026Q2,8,0.07525564730167389,0.14366960525512695,0.23024621605873108,-0.027170751243829727,0.3326726146042347,15.45026039115498,-2.680494692950275,39.46906223779636,windowmlp
23104,2026Q2,1,-0.006256940774619579,0.012233576737344265,0.0318983756005764,-0.0335930036380887,0.059234438464045525,1.2308713019783868,-3.303502421134663,6.102395641141656,windowmlp
23104,2026Q2,2,-0.002365909516811371,0.02359955757856369,0.05147654190659523,-0.03475160896778107,0.08386224135756493,2.38802307091035,-3.415470622589445,8.747907384867592,windowmlp
23104,2026Q2,4,0.008967384696006775,0.04851583391427994,0.09254897385835648,-0.039713505655527115,0.14122986420989037,4.971199273844928,-3.893526067304187,15.168934972326387,windowmlp
23104,2026Q2,8,0.03644341975450516,0.10614196211099625,0.18659625947475433,-0.06598297879099846,0.28902265802025795,11.19797242911087,-6.385320149367779,33.51219794066509,windowmlp
23224,2026Q2,1,-0.0011626733466982841,0.016849614679813385,0.036315012723207474,-0.028498736210167408,0.0636510755866766,1.6992370101439391,-2.809647757284972,6.57204779866114,windowmlp
23224,2026Q2,2,0.00805632583796978,0.03331466391682625,0.06264879554510117,-0.024329373612999916,0.09503449499607086,3.3875811475254647,-2.403580004230499,9.969678850824204,windowmlp
23224,2026Q2,4,0.03095078095793724,0.06989362835884094,0.11664065718650818,-0.01773010939359665,0.16532154753804207,7.239410286628023,-1.7573855831105933,17.977241064202133,windowmlp
23224,2026Q2,8,0.07681818306446075,0.14466218650341034,0.2310110330581665,-0.025608215481042862,0.3334374316036701,15.564911045360418,-2.5283106199263106,39.575771348760604,windowmlp
23420,2026Q2,1,8.785352110862732e-05,0.01791883446276188,0.03729437664151192,-0.027248209342360497,0.06463043950498104,1.8080339998478134,-2.6880325848421593,6.676471743150136,windowmlp
23420,2026Q2,2,0.010798318311572075,0.03584727644920349,0.06545327603816986,-0.02158738113939762,0.09783897548913956,3.6497536818208998,-2.1356041291337946,10.278519536407305,windowmlp
23420,2026Q2,4,0.0364658385515213,0.07530225813388824,0.12270325422286987,-0.012215051800012589,0.17138414457440376,7.820999937932371,-1.2140750892286722,18.694662056021173,windowmlp
23420,2026Q2,8,0.08673489838838577,0.1542532593011856,0.24190622568130493,-0.015691500157117844,0.34433262422680855,16.67863488579451,-1.5569029985527671,41.10479061767369,windowmlp
23460,2026Q2,1,0.00012006424367427826,0.01796615868806839,0.037306319922208786,-0.027215998619794846,0.06464238278567791,1.8128521001923525,-2.684898045574813,6.677745817804204,windowmlp
23460,2026Q2,2,0.010674476623535156,0.03581530228257179,0.06542757153511047,-0.02171122282743454,0.09781327098608017,3.6464396203078175,-2.14772307068658,10.27568491829587,windowmlp
23460,2026Q2,4,0.0359937809407711,0.07489923387765884,0.12233856320381165,-0.012687109410762787,0.17101945355534554,7.777554215054638,-1.2606967320013984,18.651383070967455,windowmlp
23460,2026Q2,8,0.08195757865905762,0.14981120824813843,0.23685097694396973,-0.020468819886446,0.33927737548947334,16.161491871015986,-2.026075562083518,40.39327077324148,windowmlp
23540,2026Q2,1,-0.004133142530918121,0.014274134300649166,0.03401220589876175,-0.031469205394387245,0.06134826876223087,1.4376496218359236,-3.097920339245852,6.326915314400505,windowmlp
23540,2026Q2,2,0.0013911519199609756,0.0272686630487442,0.055909574031829834,-0.03099454753100872,0.08829527348279953,2.7643855610500756,-3.0519140874063044,9.231060477212294,windowmlp
23540,2026Q2,4,0.016871508210897446,0.056212168186903,0.10160253942012787,-0.031809382140636444,0.15028342977166176,5.782209612538547,-3.130878567280404,16.216358781330477,windowmlp
23540,2026Q2,8,0.04834986478090286,0.1177518293261528,0.2003708928823471,-0.054076533764600754,0.3027972914278507,12.496489342626704,-5.264040126933411,35.36400421892003,windowmlp
23580,2026Q2,1,-0.004352040588855743,0.014014669694006443,0.033689212054014206,-0.03168810345232487,0.06102527491748333,1.4113335561694917,-3.119129694865641,6.292577920904874,windowmlp
23580,2026Q2,2,0.0011013168841600418,0.02696250192821026,0.05546720325946808,-0.031284382566809654,0.08785290271043777,2.732927917415151,-3.0800089677206155,9.18275053486417,windowmlp
23580,2026Q2,4,0.016084890812635422,0.055448900908231735,0.10068024694919586,-0.03259599953889847,0.14936113730072975,5.701500318575614,-3.2070475417059208,16.109222721612326,windowmlp
23580,2026Q2,8,0.0458185113966465,0.11548881232738495,0.1975943148136139,-0.05660788714885712,0.3000207133591175,12.242195718864268,-5.503547053342828,34.98867679758182,windowmlp
23900,2026Q2,1,0.0006921933963894844,0.0185527503490448,0.03802153468132019,-0.02664386946707964,0.06535759754478931,1.8725921900208276,-2.629205308547178,6.754070607136198,windowmlp
23900,2026Q2,2,0.011690557934343815,0.03674571216106415,0.06668449193239212,-0.02069514151662588,0.09907019138336182,3.742918166937703,-2.0482466713819925,10.414379821960829,windowmlp
23900,2026Q2,4,0.03855615481734276,0.07729564607143402,0.12515880167484283,-0.010124735534191132,0.17383969202637672,8.036143379552385,-1.0073652943971112,18.986480571469833,windowmlp
23900,2026Q2,8,0.0898471251130104,0.15736976265907288,0.2458598017692566,-0.01257927343249321,0.3482862003147602,17.042831458356055,-1.2500485085193525,41.663763386343746,windowmlp
24020,2026Q2,1,0.0015978794544935226,0.019356105476617813,0.03871942684054375,-0.0257381834089756,0.06605548970401287,1.954464941359868,-2.540977990233384,6.8285994394970295,windowmlp
24020,2026Q2,2,0.013494744896888733,0.03844989091157913,0.06857766211032867,-0.018890954554080963,0.10096336156129837,3.9198653756061574,-1.8713638782342223,10.623611025700729,windowmlp
24020,2026Q2,4,0.04214482754468918,0.08082086592912674,0.12921956181526184,-0.006536062806844711,0.17790045216679573,8.417666619088028,-0.6514749209289183,19.47063848830406,windowmlp
24020,2026Q2,8,0.09387742727994919,0.16133874654769897,0.2503361105918884,-0.008548971265554428,0.35276250913739204,17.508295669639608,-0.8512532721991817,42.299315542869095,windowmlp
24140,2026Q2,1,-0.002213994972407818,0.015981609001755714,0.035633619874715805,-0.02955005783587694,0.06296968273818493,1.6109997957066469,-2.9117723840873855,6.499455102322793,windowmlp
24140,2026Q2,2,0.005433409474790096,0.03101794607937336,0.060195691883563995,-0.0269522899761796,0.09258139133453369,3.1504015173349886,-2.659231827982156,9.700242441813934,windowmlp
24140,2026Q2,4,0.02547088824212551,0.06458428502082825,0.11102013289928436,-0.02321000210940838,0.15970102325081825,6.6715482592468955,-2.29427218621987,17.316007096960995,windowmlp
24140,2026Q2,8,0.06378468126058578,0.1325826495885849,0.2174624502658844,-0.03864171728491783,0.319888848811388,14.17733792896465,-3.7904650462667333,37.69747034546875,windowmlp
24220,2026Q2,1,0.0032732654362916946,0.0207054540514946,0.03976478427648544,-0.02406279742717743,0.06710084713995457,2.092129911458729,-2.3775596547894295,6.940331900296859,windowmlp
24220,2026Q2,2,0.017637750133872032,0.04215031862258911,0.07251336425542831,-0.014747949317097664,0.10489906370639801,4.3051256995364495,-1.4639730965338438,11.05985050012761,windowmlp
24220,2026Q2,4,0.05052652955055237,0.08899806439876556,0.1379864513874054,0.0018456391990184784,0.18666734173893929,9.307854056011022,0.1847343439354665,20.522628987466952,windowmlp
24220,2026Q2,8,0.11142908781766891,0.1776340752840042,0.2685699462890625,0.009002689272165298,0.3709963448345661,19.438818510279866,0.904333536237445,44.917777639244804,windowmlp
24260,2026Q2,1,-0.007846715860068798,0.010833874344825745,0.03047126531600952,-0.03518277872353792,0.057807328179478645,1.0892773270501976,-3.4571059739338383,5.951083816116509,windowmlp
24260,2026Q2,2,-0.006068188697099686,0.02030688151717186,0.047728464007377625,-0.03845388814806938,0.08011416345834732,2.051446900609477,-3.772392395127677,8.34107465326559,windowmlp
24260,2026Q2,4,0.0007177814841270447,0.04060665890574455,0.08386780321598053,-0.047963108867406845,0.13254869356751442,4.144238288389457,-4.683105008898281,14.173460986695318,windowmlp
24260,2026Q2,8,0.014806121587753296,0.08551393449306488,0.16292178630828857,-0.08762027695775032,0.2653481848537922,8.927673975748963,-8.389132174064217,30.388488972049245,windowmlp
24300,2026Q2,1,0.0022092433646321297,0.019842905923724174,0.03915073722600937,-0.025126819498836994,0.06648680008947849,2.0041085027514116,-2.481376844320804,6.874685661918756,windowmlp
24300,2026Q2,2,0.015073494985699654,0.039830584079027176,0.07008477300405502,-0.017312204465270042,0.10247047245502472,4.063445921222408,-1.7163209304113525,10.790458772427991,windowmlp
24300,2026Q2,4,0.045437462627887726,0.08399353921413422,0.1326437145471573,-0.003243427723646164,0.18132460489869118,8.762186689414154,-0.3238173494053309,19.880425387540534,windowmlp
24300,2026Q2,8,0.10228627920150757,0.16931989789009094,0.25943759083747864,-0.00014011934399604797,0.36186398938298225,18.449899705275243,-0.014010952773924057,43.600361693953495,windowmlp
24340,2026Q2,1,-0.00048616621643304825,0.01748839020729065,0.03696577996015549,-0.027822229079902172,0.06430184282362461,1.7642207467097881,-2.7438755458232156,6.641423967163318,windowmlp
24340,2026Q2,2,0.009215470403432846,0.03449290990829468,0.0640554130077362,-0.02317022904753685,0.0964411124587059,3.5094689433825765,-2.2903860529811304,10.124472963984864,windowmlp
24340,2026Q2,4,0.033026184886693954,0.07193084806203842,0.11918933689594269,-0.015654705464839935,0.16787022724747658,7.458103213356737,-1.5532807484523348,18.278310766825378,windowmlp
24340,2026Q2,8,0.07696568220853806,0.1451473832130432,0.23165231943130493,-0.02546071633696556,0.33407871797680855,15.620996365054651,-2.5139325688219416,39.66530809522606,windowmlp
24420,2026Q2,1,-0.004082731902599335,0.014068178832530975,0.03337673842906952,-0.03141879476606846,0.06071280129253864,1.4167601344491798,-3.093035321397375,6.259369482427979,windowmlp
24420,2026Q2,2,0.0026737991720438004,0.02818211540579796,0.05641932785511017,-0.029711900278925896,0.08880502730607986,2.858298817374605,-2.9274841085898062,9.286755622112008,windowmlp
24420,2026Q2,4,0.019064296036958694,0.05843009427189827,0.10332243144512177,-0.029616594314575195,0.15200332179665565,6.0170871087454,-2.9182320779709836,16.41641035421153,windowmlp
24420,2026Q2,8,0.055026084184646606,0.12355697154998779,0.20604375004768372,-0.04740031436085701,0.30847014859318733,13.151446683881218,-4.629446085958689,36.1340871000887,windowmlp
24500,2026Q2,1,-0.0019036298617720604,0.016275744885206223,0.035881802439689636,-0.029239692725241184,0.06321786530315876,1.640891632815289,-2.881634909013475,6.525889690424647,windowmlp
24500,2026Q2,2,0.005946527235209942,0.03156791627407074,0.06083110719919205,-0.026439172215759754,0.09321680665016174,3.207146766408142,-2.6092717344106897,9.769969806561264,windowmlp
24500,2026Q2,4,0.025990430265665054,0.06510718166828156,0.11176049709320068,-0.022690460085868835,0.16044138744473457,6.727341039868029,-2.243496765839892,17.402895828672783,windowmlp
24500,2026Q2,8,0.061952728778123856,0.13099130988121033,0.21559512615203857,-0.04047366976737976,0.3180215246975422,13.99578748995982,-3.9665549992012994,37.44058445792786,windowmlp
24540,2026Q2,1,-0.004149233922362328,0.014056817628443241,0.03349550440907478,-0.03148529678583145,0.06083156727254391,1.4156079244846298,-3.099479615995926,6.271990230022206,windowmlp
24540,2026Q2,2,0.0023607537150382996,0.02791682630777359,0.05624419450759888,-0.030024945735931396,0.08862989395856857,2.831015251233371,-2.957867462756092,9.267617542668138,windowmlp
24540,2026Q2,4,0.01870175264775753,0.058010488748550415,0.10298588871955872,-0.02997913770377636,0.1516667790710926,5.972611085270452,-2.9534220518114385,16.377237850151015,windowmlp
24540,2026Q2,8,0.05500347912311554,0.12365743517875671,0.20637473464012146,-0.04742291942238808,0.3088011331856251,13.16281485985009,-4.6316019188317075,36.17915284304627,windowmlp
24580,2026Q2,1,0.00042991433292627335,0.018367484211921692,0.03788172826170921,-0.02690614853054285,0.06521779112517834,1.8537203965931726,-2.654740280596868,6.739146745995828,windowmlp
24580,2026Q2,2,0.010764257982373238,0.036028023809194565,0.06595055758953094,-0.02162144146859646,0.09833625704050064,3.66848979436305,-2.1389373659081112,10.333372647273809,windowmlp
24580,2026Q2,4,0.03628891333937645,0.0751216933131218,0.12301717698574066,-0.01239197701215744,0.17169806733727455,7.801533015977258,-1.2315512639168968,18.731928861415035,windowmlp
24580,2026Q2,8,0.08092001080513,0.14913497865200043,0.23651066422462463,-0.02150638774037361,0.33893706277012825,16.08296658583459,-2.1276774380682872,40.34550128622993,windowmlp
24660,2026Q2,1,-0.002211538143455982,0.015974977985024452,0.035585932433605194,-0.029547601006925106,0.06292199529707432,1.610326013700858,-2.9115338546258918,6.494376536922153,windowmlp
24660,2026Q2,2,0.0054887328296899796,0.031060632318258286,0.06021420657634735,-0.026896966621279716,0.09259990602731705,3.1548047139925206,-2.6538464611514434,9.702273526903404,windowmlp
24660,2026Q2,4,0.025216056033968925,0.06431928277015686,0.11070780456066132,-0.023464834317564964,0.1593886949121952,6.643283804113098,-2.3191675803793443,17.279371704803893,windowmlp
24660,2026Q2,8,0.06266479194164276,0.13151469826698303,0.2160903811454773,-0.039761606603860855,0.3185167796909809,14.055467177624426,-3.898148768662313,37.50866945200677,windowmlp
24780,2026Q2,1,-0.0028617270290851593,0.015393899753689766,0.03504658862948418,-0.030197789892554283,0.0623826514929533,1.5512996163136394,-2.9746391788230575,6.4369549411461335,windowmlp
24780,2026Q2,2,0.004154343158006668,0.02981429360806942,0.05877852439880371,-0.028231356292963028,0.09116422384977341,3.0263189727440576,-2.7836575344722725,9.544888932126883,windowmlp
24780,2026Q2,4,0.022595403715968132,0.06176261603832245,0.10782112181186676,-0.026085486635565758,0.15650201216340065,6.370980710694285,-2.5748199459873167,16.94131153669467,windowmlp
24780,2026Q2,8,0.05879112705588341,0.12783603370189667,0.2118944525718689,-0.04363527148962021,0.3143208511173725,13.636666158585854,-4.269695047750044,36.93290168169207,windowmlp
24860,2026Q2,1,-0.002197117544710636,0.015966791659593582,0.03554090857505798,-0.02953318040817976,0.06287697143852711,1.6094942019097225,-2.9101337707178043,6.4895818571151676,windowmlp
24860,2026Q2,2,0.005534375086426735,0.03111019730567932,0.06023667752742767,-0.02685132436454296,0.09262237697839737,3.159917707302262,-2.6494032616212304,9.70473866902215,windowmlp
24860,2026Q2,4,0.02520808018743992,0.06433860212564468,0.11072225868701935,-0.02347281016409397,0.15940314903855324,6.645344103525064,-2.319946664600614,17.28106688791289,windowmlp
24860,2026Q2,8,0.061498600989580154,0.13046392798423767,0.2148303985595703,-0.04092779755592346,0.31725679710507393,13.935684025439098,-4.010156554117561,37.33552002862215,windowmlp
25060,2026Q2,1,-3.543868660926819e-05,0.017856482416391373,0.03727785125374794,-0.027371501550078392,0.06461391411721706,1.8016862584903537,-2.70002965255447,6.674708887655245,windowmlp
25060,2026Q2,2,0.010391871444880962,0.03551522642374039,0.06515470147132874,-0.021993828006088734,0.09754040092229843,3.615342491906026,-2.1753727237383114,10.245598090202668,windowmlp
25060,2026Q2,4,0.03554624319076538,0.07439056038856506,0.12181772291660309,-0.013134647160768509,0.17049861326813698,7.722744571794138,-1.3048764108486544,18.5896007412909,windowmlp
25060,2026Q2,8,0.08387333899736404,0.15163053572177887,0.23901888728141785,-0.018553059548139572,0.34144528582692146,16.373020025701955,-1.8382010996957354,40.69796094741531,windowmlp
25180,2026Q2,1,-0.0001118779182434082,0.017795663326978683,0.03720956668257713,-0.027447940781712532,0.06454562954604626,1.795494960907873,-2.707466903273359,6.667424899598928,windowmlp
25180,2026Q2,2,0.010121594183146954,0.03529798239469528,0.06493859738111496,-0.022264105267822742,0.09732429683208466,3.59283512231654,-2.2018089234159266,10.221776139630512,windowmlp
25180,2026Q2,4,0.03487704321742058,0.0737370103597641,0.12111608684062958,-0.013803847134113312,0.16979697719216347,7.652365369646574,-1.3709010906028385,18.506423182775713,windowmlp
25180,2026Q2,8,0.08127827942371368,0.14917302131652832,0.23625227808952332,-0.021148119121789932,0.33867867663502693,16.087382775191085,-2.092606574246614,40.30924263914131,windowmlp
25220,2026Q2,1,-0.0015376778319478035,0.016337744891643524,0.03557654097676277,-0.028873740695416927,0.0629126038402319,1.6471935641086954,-2.846087742293013,6.493376404277296,windowmlp
25220,2026Q2,2,0.007817374542355537,0.0329226516187191,0.06186314672231674,-0.02456832490861416,0.09424884617328644,3.3470598871792046,-2.426898009191092,9.88331523227297,windowmlp
25220,2026Q2,4,0.03018825501203537,0.06921939551830292,0.1154424250125885,-0.01849263533949852,0.1641233153641224,7.167130323913273,-1.8322695714762638,17.83596159787337,windowmlp
25220,2026Q2,8,0.07670409977436066,0.14421987533569336,0.22979575395584106,-0.02572229877114296,0.3322221525013447,15.513806697453902,-2.539429876669652,39.406250858867665,windowmlp
25260,2026Q2,1,-0.0005397647619247437,0.017385641112923622,0.03681371733546257,-0.027875827625393867,0.0641497801989317,1.7537651023523004,-2.749088192937721,6.625209025208445,windowmlp
25260,2026Q2,2,0.009350406937301159,0.03453657776117325,0.06401749700307846,-0.023035292513668537,0.09640319645404816,3.513989078335511,-2.277200566767612,10.12029756311279,windowmlp
25260,2026Q2,4,0.03346281126141548,0.0723683163523674,0.11947573721408844,-0.015218079090118408,0.16815662756562233,7.505123010136661,-1.5102869288875609,18.312190564019517,windowmlp
25260,2026Q2,8,0.08031602948904037,0.1481160819530487,0.23493355512619019,-0.02211036905646324,0.3373599536716938,15.964750269710093,-2.1867726442613256,40.12433556630328,windowmlp
25420,2026Q2,1,0.0013652388006448746,0.01915554888546467,0.03858104720711708,-0.02597082406282425,0.0659171100705862,1.934019351735805,-2.563648283718989,6.813817559846225,windowmlp
25420,2026Q2,2,0.013039007782936096,0.03803384304046631,0.06815417110919952,-0.0193466916680336,0.10053987056016922,3.8766387296508498,-1.9160745507261878,10.576772840393932,windowmlp
25420,2026Q2,4,0.04115888103842735,0.07983207702636719,0.1281050443649292,-0.007522009313106537,0.1767859347164631,8.31051741617339,-0.749378980119364,19.33756054952418,windowmlp
25420,2026Q2,8,0.09317392110824585,0.16063621640205383,0.2496199905872345,-0.009252477437257767,0.3520463891327381,17.425771540806558,-0.9209804977962754,42.197448635178844,windowmlp
25500,2026Q2,1,0.000605432316660881,0.01843966543674469,0.037821367383003235,-0.026730630546808243,0.06515743024647236,1.861072588226076,-2.637652937360646,6.732704071750595,windowmlp
25500,2026Q2,2,0.011654885485768318,0.03671785444021225,0.0665464922785759,-0.020730813965201378,0.0989321917295456,3.740028165937659,-2.051740787943268,10.399143727081173,windowmlp
25500,2026Q2,4,0.0381048247218132,0.07688189297914505,0.12467746436595917,-0.010576065629720688,0.17335835471749306,7.991452337316152,-1.0520335688489757,18.929221720634114,windowmlp
25500,2026Q2,8,0.08709417283535004,0.15475264191627502,0.24262505769729614,-0.01533222571015358,0.34505145624279976,16.736916718864727,-1.5215285551338331,41.2062577233123,windowmlp
25540,2026Q2,1,0.0031467690132558346,0.02083148993551731,0.04029170796275139,-0.02418929385021329,0.06762777082622051,2.1049979942069585,-2.38990776328889,6.996696142715342,windowmlp
25540,2026Q2,2,0.01628679223358631,0.041166044771671295,0.07191143929958344,-0.016098907217383385,0.10429713875055313,4.202511400363762,-1.5970012425970737,10.993020919733087,windowmlp
25540,2026Q2,4,0.0481339767575264,0.08663575351238251,0.13608643412590027,-0.0005469135940074921,0.18476732447743416,9.04993967931842,-0.05467640640290927,20.29385132157109,windowmlp
25540,2026Q2,8,0.10385085642337799,0.17106732726097107,0.2619733214378357,0.0014244578778743744,0.3643997199833393,18.657063488322876,0.1425472899892144,43.96495558590807,windowmlp
25620,2026Q2,1,-0.0013941535726189613,0.016646485775709152,0.03613610938191414,-0.028730216436088085,0.06347217224538326,1.6785810535637768,-2.8321427983003855,6.552983408613877,windowmlp
25620,2026Q2,2,0.007363656535744667,0.032725200057029724,0.06199385225772858,-0.02502204291522503,0.09437955170869827,3.326655863277961,-2.4711586408431296,9.897678528483954,windowmlp
25620,2026Q2,4,0.029339905828237534,0.06837308406829834,0.11510169506072998,-0.019340984523296356,0.16378258541226387,7.076471922488725,-1.9155147699698838,17.79581819576903,windowmlp
25620,2026Q2,8,0.07182744890451431,0.14003868401050568,0.22564437985420227,-0.030598949640989304,0.3280707783997059,15.031829692162301,-3.0135540421016405,38.82872295605655,windowmlp
25740,2026Q2,1,-0.006727338768541813,0.0118452999740839,0.03151434287428856,-0.03406340163201094,0.05885040573775768,1.191573336664331,-3.3489775630687557,6.061656671927307,windowmlp
25740,2026Q2,2,-0.003683408722281456,0.02251935936510563,0.050295621156692505,-0.03606910817325115,0.0826813206076622,2.2774834244223774,-3.5426368741925174,8.619560523180159,windowmlp
25740,2026Q2,4,0.005680307745933533,0.045384448021650314,0.08926142007112503,-0.04300058260560036,0.13794231042265892,4.643008056156317,-4.2089168017347305,14.790932596013008,windowmlp
25740,2026Q2,8,0.024693962186574936,0.09527719020843506,0.17424878478050232,-0.07773243635892868,0.27667518332600594,9.996371204308696,-7.478805349443885,31.87379533842394,windowmlp
25860,2026Q2,1,-0.002811475656926632,0.015416087582707405,0.035009149461984634,-0.030147538520395756,0.06234521232545376,1.5535528441830593,-2.9697633988013283,6.432970104756897,windowmlp
25860,2026Q2,2,0.0042668916285037994,0.029942750930786133,0.05889613926410675,-0.028118807822465897,0.09128183871507645,3.039554307918335,-2.7727153680699557,9.557773797194248,windowmlp
25860,2026Q2,4,0.022407133132219315,0.061629392206668854,0.10770882666110992,-0.026273757219314575,0.15638971701264381,6.356810504992749,-2.5931605149589254,16.92818033178507,windowmlp
25860,2026Q2,8,0.05634541064500809,0.12555812299251556,0.2091345191001892,-0.04608098790049553,0.3115609176456928,13.378106579384896,-4.503538152069364,36.55549702839895,windowmlp
25940,2026Q2,1,-0.004644668661057949,0.013860540464520454,0.03368499130010605,-0.03198073152452707,0.06102105416357517,1.3957043099600996,-3.1474756095688394,6.292129287037973,windowmlp
25940,2026Q2,2,5.5868178606033325e-05,0.02612682431936264,0.05471566319465637,-0.03232983127236366,0.08710136264562607,2.647112172005839,-3.1812809003583076,9.100726149617477,windowmlp
25940,2026Q2,4,0.013848114758729935,0.053286559879779816,0.09855155646800995,-0.034832775592803955,0.14723244681954384,5.473184564890321,-3.423309744726588,15.862325002070744,windowmlp
25940,2026Q2,8,0.039566222578287125,0.10971762239933014,0.19131134450435638,-0.06286017596721649,0.29373774304986,11.596290303585931,-6.092523026886266,34.14320576516967,windowmlp
25980,2026Q2,1,-0.000895380973815918,0.01716543734073639,0.0367758646607399,-0.028231443837285042,0.06411192752420902,1.7313610062662743,-2.7836660452106976,6.6211730522406365,windowmlp
25980,2026Q2,2,0.008084488101303577,0.03351582959294319,0.06307856738567352,-0.02430121134966612,0.09546426683664322,3.408381272254535,-2.400831429447281,10.016950879476827,windowmlp
25980,2026Q2,4,0.030748309567570686,0.06970927864313126,0.11688035726547241,-0.017932580783963203,0.1655612476170063,7.219642553972738,-1.7772748882692424,18.005523607729735,windowmlp
25980,2026Q2,8,0.07107499986886978,0.13986167311668396,0.2258508801460266,-0.031351398676633835,0.3282772786915302,15.011469607202121,-3.0865039508471193,38.85739408805726,windowmlp
26140,2026Q2,1,-0.0037246765568852425,0.014580102637410164,0.03428605943918228,-0.031060739420354366,0.061622122302651405,1.468691079385076,-3.05833105200346,6.35603730399934,windowmlp
26140,2026Q2,2,0.002556450664997101,0.02824806049466133,0.05695763975381851,-0.029829248785972595,0.08934333920478821,2.8650820406881383,-2.938874755054177,9.34560182041797,windowmlp
26140,2026Q2,4,0.019284365698695183,0.0585113950073719,0.1040627509355545,-0.029396524652838707,0.1527436412870884,6.025706726285995,-2.896864975104285,16.502627602019658,windowmlp
26140,2026Q2,8,0.05461479723453522,0.12395261228084564,0.20734664797782898,-0.0478116013109684,0.3097730465233326,13.196222862000706,-4.6686626850179,36.31157151732627,windowmlp
26300,2026Q2,1,-0.003018200397491455,0.015210369601845741,0.034801553934812546,-0.03035426326096058,0.06213761679828167,1.532663601062767,-2.989819876133193,6.41087738947328,windowmlp
26300,2026Q2,2,0.0038903187960386276,0.02956971526145935,0.05840107798576355,-0.02849538065493107,0.09078677743673325,3.0011240471846,-2.809321629142403,9.503549408950729,windowmlp
26300,2026Q2,4,0.021824553608894348,0.061109766364097595,0.10700634121894836,-0.02685633674263954,0.15568723157048225,6.301559113989419,-2.6498912183971046,16.84606883176698,windowmlp
26300,2026Q2,8,0.056265249848365784,0.12537693977355957,0.20883989334106445,-0.04616114869713783,0.31126629188656807,13.357566229915196,-4.511192917717466,36.51527018764702,windowmlp
26380,2026Q2,1,0.00016253814101219177,0.017940033227205276,0.03714572638273239,-0.027173524722456932,0.06448178924620152,1.8101922272548032,-2.6807646061439594,6.66061543657106,windowmlp
26380,2026Q2,2,0.011452325619757175,0.03628697991371155,0.06575703620910645,-0.02093337383121252,0.09814273566007614,3.69533885885589,-2.0715791649079662,10.312022846580305,windowmlp
26380,2026Q2,4,0.03830323368310928,0.0770641416311264,0.12428538501262665,-0.010377656668424606,0.17296627536416054,8.011135427483973,-1.0323994578796403,18.882601168364776,windowmlp
26380,2026Q2,8,0.0945068821310997,0.16118717193603516,0.2495688796043396,-0.007919516414403915,0.3519952781498432,17.490485745156505,-0.7888239664324614,42.1901809695443,windowmlp
26420,2026Q2,1,-0.002942197024822235,0.015214641578495502,0.034729816019535065,-0.03027825988829136,0.06206587888300419,1.5330973471573195,-2.9824464950631624,6.403243968772632,windowmlp
26420,2026Q2,2,0.004482431337237358,0.029963169246912003,0.058757416903972626,-0.027903268113732338,0.09114311635494232,3.041658223590793,-2.7517567688353894,9.54257673835237,windowmlp
26420,2026Q2,4,0.02331487648189068,0.06247279793024063,0.1082528680562973,-0.02536601386964321,0.1569337584078312,6.446550285916364,-2.5046999605381592,16.991811409550195,windowmlp
26420,2026Q2,8,0.06313961744308472,0.13160741329193115,0.2158370018005371,-0.0392867811024189,0.3182634003460407,14.066042323339145,-3.8525063237210277,37.47383200914805,windowmlp
26580,2026Q2,1,0.003262182231992483,0.020777247846126556,0.039945367723703384,-0.02407388063147664,0.06728143058717251,2.099459755982669,-2.3786416182441372,6.959645297865524,windowmlp
26580,2026Q2,2,0.017338477075099945,0.041949011385440826,0.07242987304925919,-0.015047222375869751,0.10481557250022888,4.28413043618161,-1.4934578624863803,11.050578366328612,windowmlp
26580,2026Q2,4,0.04997469112277031,0.08843788504600525,0.13756181299686432,0.0012938007712364197,0.1862427033483982,9.24663920032418,0.12946380925242806,20.471461316917438,windowmlp
26580,2026Q2,8,0.10971824079751968,0.17610277235507965,0.26703953742980957,0.0072918422520160675,0.3694659359753132,19.25606146158183,0.7318492470746563,44.69616381161945,windowmlp
26620,2026Q2,1,-0.001618148759007454,0.01641504280269146,0.03591189160943031,-0.028954211622476578,0.06324795447289944,1.6550509835122185,-2.85390549312482,6.529095014223851,windowmlp
26620,2026Q2,2,0.0071657570078969,0.032481931149959564,0.06165669858455658,-0.025219942443072796,0.09404239803552628,3.3015227578103934,-2.4904576428049774,9.860632367970478,windowmlp
26620,2026Q2,4,0.02895115315914154,0.06796102225780487,0.11453719437122345,-0.01972973719239235,0.16321808472275734,7.032358886879919,-1.953637964672983,17.729341140113732,windowmlp
26620,2026Q2,8,0.0725962370634079,0.14093846082687378,0.22666111588478088,-0.02983016148209572,0.3290875144302845,15.135379244420811,-2.9389633423264727,38.969946902336595,windowmlp
26820,2026Q2,1,-0.001463550142943859,0.016405906528234482,0.03568437322974205,-0.028799613006412983,0.06302043609321117,1.6541222393091415,-2.838885680366854,6.504860444146154,windowmlp
26820,2026Q2,2,0.00807959120720625,0.03317523002624512,0.06215401738882065,-0.024306108243763447,0.09453971683979034,3.3731664198224376,-2.401309361069559,9.91528171424283,windowmlp
26820,2026Q2,4,0.030653292313218117,0.0696454718708992,0.11600744724273682,-0.018027598038315773,0.1646883375942707,7.212801432918736,-1.7866072985473713,17.902560348802666,windowmlp
26820,2026Q2,8,0.07707853615283966,0.14497461915016174,0.23076266050338745,-0.025347862392663956,0.33318905904889107,15.601022937363162,-2.502930260782621,39.54110886262876,windowmlp
26900,2026Q2,1,-0.0025821691378951073,0.01555713452398777,0.035038478672504425,-0.02991823200136423,0.06237454153597355,1.5678776724007415,-2.9475111818138,6.436091745520756,windowmlp
26900,2026Q2,2,0.005131091922521591,0.03063410148024559,0.05952882766723633,-0.027254607528448105,0.09191452711820602,3.11081539076119,-2.6886552029264155,9.627111662467103,windowmlp
26900,2026Q2,4,0.024275338277220726,0.06342677772045135,0.10944508016109467,-0.024405552074313164,0.15812597051262856,6.54814659633518,-2.411014466158923,17.131373640634664,windowmlp
26900,2026Q2,8,0.06157701462507248,0.13029824197292328,0.21429824829101562,-0.04084938392043114,0.31672464683651924,13.916808040193086,-4.002629346408626,37.26245633691261,windowmlp
26980,2026Q2,1,0.0005905861034989357,0.018399737775325775,0.03774382174015045,-0.026745476759970188,0.06507988460361958,1.8570055950013264,-2.6390983887893182,6.724427736500949,windowmlp
26980,2026Q2,2,0.011783136986196041,0.03675604611635208,0.06654630601406097,-0.020602562464773655,0.09893200546503067,3.7439902471548825,-2.0391779711522062,10.399123163640134,windowmlp
26980,2026Q2,4,0.03862355649471283,0.07736852765083313,0.12506234645843506,-0.01005733385682106,0.17374323680996895,8.044017511250168,-1.0006927999045345,18.975004258220764,windowmlp
26980,2026Q2,8,0.09022992104291916,0.15758049488067627,0.24583551287651062,-0.012196477502584457,0.34826191142201424,17.06749875325768,-1.2122401930367621,41.66032257217582,windowmlp
27060,2026Q2,1,-0.007280220277607441,0.011375860311090946,0.031009521335363388,-0.034616283141076565,0.05834558419883251,1.1440811468104162,-3.402399356884611,6.008127975541466,windowmlp
27060,2026Q2,2,-0.005081042647361755,0.02131507731974125,0.04887198656797409,-0.03746674209833145,0.08125768601894379,2.1543866239998044,-3.6773547921251204,8.46503597914916,windowmlp
27060,2026Q2,4,0.00276738777756691,0.04265148937702179,0.08623738586902618,-0.04591350257396698,0.13491827622056007,4.357413479533112,-4.487542556498059,14.444325230153755,windowmlp
27060,2026Q2,8,0.01695089042186737,0.08763451129198074,0.16538235545158386,-0.08547550812363625,0.2678087539970875,9.158908562639656,-8.192437182641576,30.709713900659775,windowmlp
27100,2026Q2,1,0.0041316295973956585,0.021603794768452644,0.04085708037018776,-0.023204433266073465,0.06819314323365688,2.183884635971056,-2.293728076813717,7.057206226155244,windowmlp
27100,2026Q2,2,0.01902097463607788,0.043540678918361664,0.0743834376335144,-0.013364724814891815,0.1067691370844841,4.450248267905144,-1.3275813413087367,11.267734888868697,windowmlp
27100,2026Q2,4,0.053797051310539246,0.09214285016059875,0.14185047149658203,0.005116160959005356,0.19053136184811592,9.65214491585613,0.5129270858401203,20.98923175015759,windowmlp
27100,2026Q2,8,0.11760710179805756,0.18394553661346436,0.2764737904071808,0.01518070325255394,0.3789001889526844,20.195035902661985,1.5296515422784651,46.0677236742588,windowmlp
27140,2026Q2,1,-0.0009540189057588577,0.016957536339759827,0.03625693917274475,-0.02829008176922798,0.06359300203621387,1.7102131528884845,-2.7893664428534803,6.565858961171012,windowmlp
27140,2026Q2,2,0.008800549432635307,0.03398279845714569,0.06322561204433441,-0.02358515001833439,0.09561131149530411,3.45668104297312,-2.3309194112045906,10.033129473924628,windowmlp
27140,2026Q2,4,0.0318780317902565,0.07085943967103958,0.11759741604328156,-0.01680285856127739,0.16627830639481544,7.343033354306949,-1.666247789855968,18.090170849159428,windowmlp
27140,2026Q2,8,0.07674472779035568,0.1445218026638031,0.23045825958251953,-0.025681670755147934,0.33288465812802315,15.548688738125538,-2.53547016663076,39.498638884870154,windowmlp
27180,2026Q2,1,-0.0005086613819003105,0.017452076077461243,0.03698590025305748,-0.027844724245369434,0.0643219631165266,1.760525334683849,-2.7460633138283286,6.643569645434777,windowmlp
27180,2026Q2,2,0.009169726632535458,0.034428082406520844,0.06400852650403976,-0.02321597281843424,0.09639422595500946,3.502758900601033,-2.294855556949238,10.119309733520021,windowmlp
27180,2026Q2,4,0.03311466798186302,0.07201812416315079,0.11928005516529083,-0.015566222369670868,0.16796094551682472,7.4674821469105535,-1.5445694926299658,18.28904125719797,windowmlp
27180,2026Q2,8,0.07896093279123306,0.14708837866783142,0.23399624228477478,-0.023465465754270554,0.3364226408302784,15.845634133394748,-2.3192292596228903,39.99305676144829,windowmlp
27260,2026Q2,1,-0.004197900183498859,0.014104356989264488,0.03372964635491371,-0.03153396304696798,0.061065709218382835,1.4204292722636458,-3.1041952872772227,6.296875873875685,windowmlp
27260,2026Q2,2,0.0017864685505628586,0.02749955654144287,0.05596593767404556,-0.030599230900406837,0.08835163712501526,2.788115928445589,-3.013581320449099,9.237217311133028,windowmlp
27260,2026Q2,4,0.017685333266854286,0.05701187998056412,0.10220184922218323,-0.030995557084679604,0.15088273957371712,5.866838728065815,-3.052011961652923,16.286029259322188,windowmlp
27260,2026Q2,8,0.051668114960193634,0.12089621275663376,0.20362639427185059,-0.05075828358530998,0.3060527928173542,12.8507781577341,-4.949160375125583,35.80540001522095,windowmlp
27340,2026Q2,1,-0.0033180247992277145,0.01503869891166687,0.03476153686642647,-0.03065408766269684,0.06209759972989559,1.5152349146667854,-3.0189015354377458,6.406619223316001,windowmlp
27340,2026Q2,2,0.0028492920100688934,0.028697840869426727,0.05763169378042221,-0.029536407440900803,0.0900173932313919,2.9113591423245655,-2.9104470823874684,9.419331509721808,windowmlp
27340,2026Q2,4,0.019715365022420883,0.05900382250547409,0.10493291914463043,-0.028965525329113007,0.15361380949616432,6.07792955670734,-2.8550045693216175,16.604048605099454,windowmlp
27340,2026Q2,8,0.05047447234392166,0.12006877362728119,0.2031685709953308,-0.051951926201581955,0.3055949695408344,12.757439629409205,-5.062549421552354,35.74323937239723,windowmlp
27500,2026Q2,1,0.0023707514628767967,0.020071279257535934,0.03945780172944069,-0.024965311400592327,0.06679386459290981,2.0274061812556754,-2.4656255250029124,6.907508123249406,windowmlp
27500,2026Q2,2,0.014958001673221588,0.039884522557258606,0.07030446082353592,-0.017427697777748108,0.10269016027450562,4.069059096516625,-1.727671382606355,10.814800760456222,windowmlp
27500,2026Q2,4,0.04506624862551689,0.08367294073104858,0.13256365060806274,-0.0036146417260169983,0.18124454095959663,8.727323286220145,-0.3608116772770287,19.870827672684243,windowmlp
27500,2026Q2,8,0.09814539551734924,0.16552048921585083,0.25535279512405396,-0.004281003028154373,0.35777919366955757,18.000713989276807,-0.4271852597022341,43.01497994843364,windowmlp
27620,2026Q2,1,-0.0006087850779294968,0.017325565218925476,0.03671674057841301,-0.02794484794139862,0.06405280344188213,1.7476523375628439,-2.75580024996559,6.614869359579156,windowmlp
27620,2026Q2,2,0.009003174491226673,0.03431081399321556,0.06376567482948303,-0.023382524959743023,0.09615137428045273,3.490622007943034,-2.3111272028967567,10.092570321737092,windowmlp
27620,2026Q2,4,0.03218754753470421,0.07117631286382675,0.11825776100158691,-0.01649334281682968,0.1669386513531208,7.377052873661594,-1.6358072346637775,18.16817685070542,windowmlp
27620,2026Q2,8,0.0732412338256836,0.14154258370399475,0.22735214233398438,-0.029185164719820023,0.329778540879488,15.204956175380136,-2.876339093891489,39.06601199922919,windowmlp
27740,2026Q2,1,-0.0016344813629984856,0.016528146341443062,0.03619135171175003,-0.02897054422646761,0.06352741457521915,1.6665491797415166,-2.8554921288586943,6.558869806255996,windowmlp
27740,2026Q2,2,0.00645523052662611,0.03203536570072174,0.06140264868736267,-0.025930468924343586,0.09378834813833237,3.255402165591037,-2.5597161469119944,9.832725830588295,windowmlp
27740,2026Q2,4,0.02731146290898323,0.06639166921377182,0.1132090836763382,-0.02136942744255066,0.16188997402787209,6.864519063067265,-2.1142718976291275,17.573087327191494,windowmlp
27740,2026Q2,8,0.06522536277770996,0.13421249389648438,0.21937909722328186,-0.037201035767793655,0.3218054957687855,14.363580945611698,-3.65175785503572,37.96164086298708,windowmlp
27780,2026Q2,1,0.0006873756647109985,0.018413498997688293,0.03763012960553169,-0.026648687198758125,0.06496619246900082,1.858407281548935,-2.629674413779315,6.712294698224208,windowmlp
27780,2026Q2,2,0.01220263633877039,0.03708609938621521,0.06679505109786987,-0.020183063112199306,0.09918075054883957,3.7782369416704764,-1.9980748489696554,10.426587818491218,windowmlp
27780,2026Q2,4,0.0391758494079113,0.07792527973651886,0.12549267709255219,-0.009505040943622589,0.17417356744408607,8.104187991811429,-0.946001082592629,19.026213864988286,windowmlp
27780,2026Q2,8,0.09130663424730301,0.15842583775520325,0.24650022387504578,-0.011119764298200607,0.3489266224205494,17.166502769441514,-1.1058168241793398,41.75451704922979,windowmlp
27860,2026Q2,1,-0.00260839331895113,0.015500220470130444,0.03491353616118431,-0.029944456182420254,0.062249599024653435,1.5620971972374331,-2.9500562704809274,6.422794183655656,windowmlp
27860,2026Q2,2,0.00521434098482132,0.03068535029888153,0.05952192842960358,-0.027171358466148376,0.09190762788057327,3.116099833648134,-2.680553787508,9.626355321581826,windowmlp
27860,2026Q2,4,0.02443426288664341,0.06361575424671173,0.10953623056411743,-0.02424662746489048,0.15821712091565132,6.568283597608793,-2.3955039422796753,17.142050699150314,windowmlp
27860,2026Q2,8,0.0625244751572609,0.1310257762670517,0.21506759524345398,-0.03990192338824272,0.3174939937889576,13.99971658046615,-3.911632525379427,37.368099422261714,windowmlp
27900,2026Q2,1,-0.002858527936041355,0.015388494357466698,0.03498684614896774,-0.03019459079951048,0.06232290901243687,1.5507506927858294,-2.9743287851697,6.430596323381033,windowmlp
27900,2026Q2,2,0.00405459851026535,0.02975371479988098,0.058683499693870544,-0.028331100940704346,0.09106919914484024,3.02007795016741,-2.7933538607198383,9.534479955941944,windowmlp
27900,2026Q2,4,0.02221938781440258,0.061437737196683884,0.107480987906456,-0.02646150253713131,0.15616187825798988,6.336428642618852,-2.6114464763900336,16.90154259546388,windowmlp
27900,2026Q2,8,0.05577988550066948,0.12490056455135345,0.20844370126724243,-0.04664651304483414,0.31087009981274605,13.303578354377766,-4.5575285345413885,36.46119463250352,windowmlp
27980,2026Q2,1,-0.0014466214925050735,0.016680240631103516,0.03641039505600929,-0.028782684355974197,0.06374645791947842,1.6820132572903823,-2.8372408599040333,6.582213373992074,windowmlp
27980,2026Q2,2,0.006998256780207157,0.032375629991292953,0.06180795282125473,-0.02538744267076254,0.09419365227222443,3.290542269878838,-2.506789145548327,9.87725051081303,windowmlp
27980,2026Q2,4,0.029410041868686676,0.06837324798107147,0.11525125801563263,-0.019270848482847214,0.16393214836716652,7.076489473691616,-1.9086352712987753,17.813437403971143,windowmlp
27980,2026Q2,8,0.07561501115560532,0.14392317831516266,0.23061689734458923,-0.0268113873898983,0.33304329589009285,15.479539178963297,-2.6455152956713746,39.5207703921546,windowmlp
28020,2026Q2,1,-0.0003075869753956795,0.017601417377591133,0.03699575364589691,-0.027643649838864803,0.06433181650936604,1.7757235186692588,-2.7265060700642163,6.644620451597283,windowmlp
28020,2026Q2,2,0.009830230847001076,0.03500763699412346,0.06453918665647507,-0.02255546860396862,0.09692488610744476,3.5627617851454074,-2.2302995798691216,10.177761170761922,windowmlp
28020,2026Q2,4,0.03431431204080582,0.07319710403680801,0.12043596804141998,-0.014366578310728073,0.16911685839295387,7.594258864348635,-1.426387146149699,18.425852138588695,windowmlp
28020,2026Q2,8,0.08023516088724136,0.14811557531356812,0.23488327860832214,-0.022191237658262253,0.33730967715382576,15.964691517404116,-2.194682343367571,40.11729077973758,windowmlp
28100,2026Q2,1,0.004357345402240753,0.021818913519382477,0.04109714925289154,-0.02297871746122837,0.06843321211636066,2.205868670103306,-2.2716717378696627,7.082910415303889,windowmlp
28100,2026Q2,2,0.01934877410531044,0.043865934014320374,0.07480643689632416,-0.013036925345659256,0.10719213634729385,4.4842267689691795,-1.2952312729665794,11.314811014582492,windowmlp
28100,2026Q2,4,0.05463077127933502,0.09294818341732025,0.14283715188503265,0.005949880927801132,0.19151804223656654,9.740487002463261,0.5967616626980421,21.108668365532512,windowmlp
28100,2026Q2,8,0.11913730204105377,0.18537649512290955,0.27822890877723694,0.016710903495550156,0.38065530732274055,20.36715312901527,1.6851311668813151,46.324314927495024,windowmlp
28140,2026Q2,1,-6.684102118015289e-05,0.017864713445305824,0.03732680901885033,-0.027402903884649277,0.06466287188231945,1.8025241945620163,-2.7030850508034887,6.679931570839748,windowmlp
28140,2026Q2,2,0.010162286460399628,0.03534374386072159,0.06503409147262573,-0.02222341299057007,0.09741979092359543,3.597575790790697,-2.197829211338609,10.23230217058655,windowmlp
28140,2026Q2,4,0.035100098699331284,0.07393772900104523,0.12139813601970673,-0.013580791652202606,0.17007902637124062,7.673975374847175,-1.3488988756490738,18.539852536289025,windowmlp
28140,2026Q2,8,0.08213639259338379,0.15004082024097443,0.23732468485832214,-0.020290005952119827,0.33975108340382576,16.18816700500343,-2.0085548927701757,40.45979193128417,windowmlp
28420,2026Q2,1,-0.0017492622137069702,0.01624308153986931,0.03564639389514923,-0.029085325077176094,0.06298245675861835,1.6375717554909963,-2.8666418182161424,6.5008155372275,windowmlp
28420,2026Q2,2,0.0071383146569132805,0.03239618241786957,0.06143262982368469,-0.025247384794056416,0.09381832927465439,3.292665162980124,-2.49313349717456,9.836018789877121,windowmlp
28420,2026Q2,4,0.02884060889482498,0.06787030398845673,0.11421872675418854,-0.019840281456708908,0.16289961710572243,7.022649536931835,-1.9644758285902175,17.691854126902463,windowmlp
28420,2026Q2,8,0.0732007771730423,0.14123603701591492,0.22677934169769287,-0.02922562137246132,0.3292057402431965,15.169645890016215,-2.8802683126219697,38.98637770853304,windowmlp
28450,2026Q2,1,0.004722299054265022,0.02191276103258133,0.04085024818778038,-0.0226137638092041,0.0681863110512495,2.215460886808107,-2.2359989184972617,7.056474794292922,windowmlp
28450,2026Q2,2,0.02059084363281727,0.044842399656772614,0.07542815059423447,-0.011794855818152428,0.10781385004520416,4.586301854883845,-1.172556918243406,11.384038474970893,windowmlp
28450,2026Q2,4,0.05721187964081764,0.0956323891878128,0.14530839025974274,0.008530989289283752,0.19398928061127663,10.035448742835772,0.8567481877220784,21.408326865598127,windowmlp
28450,2026Q2,8,0.12339535355567932,0.18934103846549988,0.28211045265197754,0.020968955010175705,0.38453685119748116,20.845301117553582,2.1190348301444617,46.89338289248155,windowmlp
28660,2026Q2,1,-0.006589303724467754,0.011902626603841782,0.03152107819914818,-0.03392536658793688,0.0588571410626173,1.1973744748018822,-3.3356354141059974,6.062371034045855,windowmlp
28660,2026Q2,2,-0.0029736440628767014,0.023040782660245895,0.05076385661959648,-0.0353593435138464,0.08314955607056618,2.3308271929813884,-3.4741505449934817,8.670431962358638,windowmlp
28660,2026Q2,4,0.007360696792602539,0.046981167048215866,0.09079426527023315,-0.04132019355893135,0.13947515562176704,4.810227003426748,-4.047815195981597,14.967024252089821,windowmlp
28660,2026Q2,8,0.03222561627626419,0.10214879363775253,0.1818750500679016,-0.07020078226923943,0.2843014486134052,10.754825560217075,-6.779336944825676,32.8833445382029,windowmlp
28700,2026Q2,1,-0.0019162660464644432,0.016290288418531418,0.03597888723015785,-0.029252328909933567,0.06331495009362698,1.642369861259274,-2.8828621068582194,6.536232236148498,windowmlp
28700,2026Q2,2,0.0057828472927212715,0.03141513094305992,0.06072612851858139,-0.026602852158248425,0.09311182796955109,3.1913794328660705,-2.6252113386797893,9.758446904800389,windowmlp
28700,2026Q2,4,0.02599809132516384,0.06511013954877853,0.11180387437343597,-0.02268279902637005,0.16048476472496986,6.727656727055464,-2.242747844583459,17.407988557439147,windowmlp
28700,2026Q2,8,0.0628843754529953,0.1319105327129364,0.21675726771354675,-0.039542023092508316,0.31918366625905037,14.10062319684695,-3.877044069684299,37.60040272110017,windowmlp
28740,2026Q2,1,-0.0014344844967126846,0.01668623462319374,0.036269985139369965,-0.02877054736018181,0.06360604800283909,1.682622740300177,-2.836061588748784,6.567249224879057,windowmlp
28740,2026Q2,2,0.006939183920621872,0.03247910737991333,0.06182321161031723,-0.025446515530347824,0.09420891106128693,3.3012310584765503,-2.512548178200713,9.878927117392799,windowmlp
28740,2026Q2,4,0.028308428823947906,0.06739465892314911,0.11427536606788635,-0.020372461527585983,0.16295625641942024,6.971756846191535,-2.0166345006583097,17.69852030153003,windowmlp
28740,2026Q2,8,0.0666503757238388,0.135434091091156,0.2205776572227478,-0.03577602282166481,0.3230040557682514,14.503372542394445,-3.5143624908063,38.12709530091474,windowmlp
28880,2026Q2,1,0.0020536594092845917,0.019532186910510063,0.038553543388843536,-0.025282403454184532,0.06588960625231266,1.9724188103635854,-2.4965479972068216,6.810879812418791,windowmlp
28880,2026Q2,2,0.015132209286093712,0.0397966094315052,0.06964696943759918,-0.017253490164875984,0.10203266888856888,4.05991046238563,-1.710550103541264,10.74196493061117,windowmlp
28880,2026Q2,4,0.045326050370931625,0.08404248207807541,0.13227640092372894,-0.0033548399806022644,0.18095729127526283,8.76750995258606,-0.33492187927733896,19.83639976021465,windowmlp
28880,2026Q2,8,0.10000006854534149,0.16701297461986542,0.2561476528644562,-0.0024263300001621246,0.3585740514099598,18.176959822019747,-0.24233888407493298,43.12870170255996,windowmlp
28940,2026Q2,1,-0.003155992366373539,0.015216263011097908,0.035028327256441116,-0.030492055229842663,0.06236439011991024,1.5332619763650523,-3.003186178948325,6.43501127395345,windowmlp
28940,2026Q2,2,0.0030925069004297256,0.028947636485099792,0.05799373239278793,-0.02929319255053997,0.09037943184375763,2.9370691596323883,-2.8868305855940135,9.458952704435998,windowmlp
28940,2026Q2,4,0.02043597586452961,0.059669237583875656,0.10578589141368866,-0.02824491448700428,0.15446678176522255,6.148538900175549,-2.7849756035720707,16.703551055402087,windowmlp
28940,2026Q2,8,0.05278390645980835,0.12244432419538498,0.20607396960258484,-0.04964249208569527,0.30850036814808846,13.025619039937553,-4.843044265523833,36.13820107376864,windowmlp
29020,2026Q2,1,-0.0011221477761864662,0.01692761667072773,0.036395858973264694,-0.02845821063965559,0.06373192183673382,1.70717006249812,-2.8057089830020865,6.580664097379607,windowmlp
29020,2026Q2,2,0.007777552120387554,0.03321785852313042,0.06261986494064331,-0.024608147330582142,0.095005564391613,3.377573156450797,-2.4307835290653834,9.966497407563768,windowmlp
29020,2026Q2,4,0.029744766652584076,0.06875886023044586,0.11568236351013184,-0.018936123698949814,0.16436325386166573,7.117787441642087,-1.8757961647129395,17.864238373663643,windowmlp
29020,2026Q2,8,0.06855972111225128,0.1370508074760437,0.22229301929473877,-0.033866677433252335,0.3247194178402424,14.68864174443163,-3.329962097780892,38.36423661476758,windowmlp
29100,2026Q2,1,0.001598890870809555,0.019347336143255234,0.0387418195605278,-0.02573717199265957,0.06607788242399693,1.9535708725892054,-2.540879418538522,6.8309916491944955,windowmlp
29100,2026Q2,2,0.013546379283070564,0.0384671650826931,0.06860688328742981,-0.018839320167899132,0.1009925827383995,3.921660520647574,-1.8662969355281,10.626843625060033,windowmlp
29100,2026Q2,4,0.04240099713206291,0.08103753626346588,0.12937723100185394,-0.006279893219470978,0.17805812135338783,8.441160056236185,-0.6260215902078037,19.48947681176869,windowmlp
29100,2026Q2,8,0.09600573778152466,0.16324865818023682,0.25258445739746094,-0.006420660763978958,0.35501085594296455,17.732940588142654,-0.6400092366101173,42.619613690135914,windowmlp
29180,2026Q2,1,0.0032877004705369473,0.020714443176984787,0.03979700431227684,-0.024048362392932177,0.06713306717574596,2.0930476345508264,-2.3761504613490914,6.943777577127852,windowmlp
29180,2026Q2,2,0.017849843949079514,0.04223356395959854,0.07259680330753326,-0.014535855501890182,0.10498250275850296,4.313808976293254,-1.4430719982340134,11.069117615394553,windowmlp
29180,2026Q2,4,0.05166234076023102,0.09006813913583755,0.1390305757522583,0.0029814504086971283,0.1877114661037922,9.424884233550923,0.29858993523030897,20.648535320405294,windowmlp
29180,2026Q2,8,0.11859919875860214,0.18439048528671265,0.2764657735824585,0.016172800213098526,0.3788921721279621,20.248528424248626,1.6304287831099717,46.06655267961437,windowmlp
29200,2026Q2,1,-0.002434934489428997,0.01577199436724186,0.03533335402607918,-0.02977099735289812,0.0626694168895483,1.589702875272958,-2.933220640734313,6.46748175354972,windowmlp
29200,2026Q2,2,0.005018849857151508,0.03066641092300415,0.05973191559314728,-0.027366849593818188,0.09211761504411697,3.1141468975681263,-2.6995770162954735,9.649377866120258,windowmlp
29200,2026Q2,4,0.024018382653594017,0.06318555027246475,0.10944502055644989,-0.024662507697939873,0.15812591090798378,6.522447358649441,-2.4360872833572245,17.131366659060944,windowmlp
29200,2026Q2,8,0.05843791365623474,0.12741918861865997,0.2112942934036255,-0.043988484889268875,0.3137206919491291,13.58930714439408,-4.303502303272322,36.85074480138213,windowmlp
29340,2026Q2,1,0.005885989870876074,0.022972047328948975,0.04180430248379707,-0.02145007299259305,0.0691403653472662,2.323793691400189,-2.1221656277118695,7.158661221935958,windowmlp
29340,2026Q2,2,0.023318706080317497,0.04730302467942238,0.07827859371900558,-0.009066993370652199,0.11066429316997528,4.843966404166844,-0.9026012138642514,11.701985271003368,windowmlp
29340,2026Q2,4,0.0636010468006134,0.10181105136871338,0.15218140184879303,0.014920156449079514,0.20086229220032692,10.717425290306881,1.503201761963724,22.245641844822607,windowmlp
29340,2026Q2,8,0.13835284113883972,0.20318365097045898,0.29809024930000305,0.035926442593336105,0.40051664784550667,22.52974746558656,3.657959557969681,49.25956447941245,windowmlp
29404,2026Q2,1,0.0017451150342822075,0.01946534961462021,0.03879362344741821,-0.025590947829186916,0.06612968631088734,1.9656034773966935,-2.526627498196554,6.836526053152858,windowmlp
29404,2026Q2,2,0.01384732685983181,0.03879087418317795,0.06894870847463608,-0.018538372591137886,0.10133440792560577,3.9553063533329214,-1.8367593909889512,10.664665130395502,windowmlp
29404,2026Q2,4,0.04258926957845688,0.08125618100166321,0.1296694278717041,-0.006091620773077011,0.178350318223238,8.464872737518526,-0.6073104468435897,19.524396364316644,windowmlp
29404,2026Q2,8,0.09396780282258987,0.1612793505191803,0.2501600384712219,-0.008458595722913742,0.35258643701672554,17.501316350832784,-0.8422922454887849,42.27426280622104,windowmlp
29414,2026Q2,1,-0.0003896895796060562,0.01751893386244774,0.03689541667699814,-0.02772575244307518,0.06423147954046726,1.7673290454447654,-2.734492149393064,6.633920590436615,windowmlp
29414,2026Q2,2,0.009669048711657524,0.034856535494327545,0.06437220424413681,-0.022716650739312172,0.0967579036951065,3.5471144787121878,-2.246057039010174,10.159364958380301,windowmlp
29414,2026Q2,4,0.033740535378456116,0.07262533158063889,0.11980168521404266,-0.014940354973077774,0.16848257556557655,7.532757014895375,-1.4829301616461232,18.350760471454674,windowmlp
29414,2026Q2,8,0.0788157507777214,0.1467168778181076,0.2332695722579956,-0.02361064776778221,0.3356959708034992,15.802605374982438,-2.3334097212014626,39.891364955810985,windowmlp
29420,2026Q2,1,-0.0016338136047124863,0.016307953745126724,0.035658687353134155,-0.02896987646818161,0.06299475021660328,1.644165422778321,-2.855427259786969,6.502124808576393,windowmlp
29420,2026Q2,2,0.007584014907479286,0.03275495395064354,0.061767853796482086,-0.02480168454349041,0.09415355324745178,3.3297302793416916,-2.449664976096555,9.87284462855924,windowmlp
29420,2026Q2,4,0.029681984335184097,0.06869448721408844,0.115049347281456,-0.018998906016349792,0.16373023763298988,7.110892168496075,-1.88195643624266,17.78965200767326,windowmlp
29420,2026Q2,8,0.07574639469385147,0.14371751248836517,0.22949132323265076,-0.026680003851652145,0.3319177217781544,15.455791426194176,-2.6327236787212382,39.36381777239677,windowmlp
29460,2026Q2,1,-0.003299788571894169,0.014976081438362598,0.03469766676425934,-0.030635851435363293,0.06203372962772846,1.5088784861683635,-3.017132949952972,6.399823238707381,windowmlp
29460,2026Q2,2,0.003415081650018692,0.029053902253508568,0.057902656495571136,-0.028970617800951004,0.09028835594654083,2.948008427608939,-2.855499276215412,9.448984086067336,windowmlp
29460,2026Q2,4,0.021388811990618706,0.060571759939193726,0.10637418925762177,-0.027292078360915184,0.15505507960915565,6.244383573991841,-2.6923014717096683,16.77222770204818,windowmlp
29460,2026Q2,8,0.05939711630344391,0.1284157782793045,0.21260029077529907,-0.04302928224205971,0.3150266893208027,13.7025655001332,-4.211665931548858,37.029588273536554,windowmlp
29484,2026Q2,1,0.0004669707268476486,0.018351271748542786,0.03777899593114853,-0.026869092136621475,0.06511505879461765,1.852069110266985,-2.6511329494693925,6.728181747928086,windowmlp
29484,2026Q2,2,0.011053387075662613,0.03624776005744934,0.06609402596950531,-0.021332312375307083,0.098479725420475,3.69127202232169,-2.110638794827413,10.349203133064556,windowmlp
29484,2026Q2,4,0.0367017537355423,0.07553493976593018,0.12332364916801453,-0.011979136615991592,0.17200453951954842,7.8460908231472,-1.1907672403450364,18.768322471288435,windowmlp
29484,2026Q2,8,0.08214736729860306,0.15006816387176514,0.2373570203781128,-0.02027903124690056,0.3397834189236164,16.19134405478011,-2.0074794596448453,40.46433384509813,windowmlp
29540,2026Q2,1,0.0018494417890906334,0.019584886729717255,0.038984980434179306,-0.02548662107437849,0.06632104329764843,1.9777928800040145,-2.5164578870911725,6.856971925022259,windowmlp
29540,2026Q2,2,0.01405443623661995,0.038983769714832306,0.06922660022974014,-0.018331263214349747,0.10161229968070984,3.9753608015647757,-1.8164267579361182,10.695422201786942,windowmlp
29540,2026Q2,4,0.04324125126004219,0.08186042308807373,0.13040374219417572,-0.005439639091491699,0.1790846325457096,8.530431583235876,-0.5424871044518054,19.61219707316544,windowmlp
29540,2026Q2,8,0.09638400375843048,0.1637328863143921,0.25317996740341187,-0.006042394787073135,0.3556063659489155,17.78996399534709,-0.6024176232727108,42.704570390905246,windowmlp
29620,2026Q2,1,-0.00022972282022237778,0.01770780235528946,0.037118423730134964,-0.0275657856836915,0.06445448659360409,1.7865515027032375,-2.718931656754786,6.657703358595879,windowmlp
29620,2026Q2,2,0.009774468839168549,0.03500591218471527,0.06461713463068008,-0.022611230611801147,0.09700283408164978,3.5625831592736024,-2.2357512626699383,10.186349638770121,windowmlp
29620,2026Q2,4,0.03402484953403473,0.07290469855070114,0.12025432288646698,-0.01465604081749916,0.16893521323800087,7.562802312041472,-1.4549163819565947,18.404342609936506,windowmlp
29620,2026Q2,8,0.07871722429990768,0.1466897428035736,0.23333582282066345,-0.023709174245595932,0.33576222136616707,15.799463112235369,-2.3430319923096854,39.90063314445964,windowmlp
29700,2026Q2,1,-0.0013755625113844872,0.016579097136855125,0.035928841680288315,-0.02871162537485361,0.06326490454375744,1.6717293032536107,-2.830336327925076,6.530900705236031,windowmlp
29700,2026Q2,2,0.007862350903451443,0.03310186788439751,0.06223270297050476,-0.024523348547518253,0.09461840242147446,3.365583021094909,-2.422509427432229,9.923930802395287,windowmlp
29700,2026Q2,4,0.03007490187883377,0.06912431865930557,0.11563670635223389,-0.01860598847270012,0.16431759670376778,7.156941694133456,-1.8433965606481695,17.8588571503683,windowmlp
29700,2026Q2,8,0.07418326288461685,0.14208590984344482,0.22769740223884583,-0.028243135660886765,0.33012380078434944,15.267567046985754,-2.7848026747938515,39.114034206895894,windowmlp
29740,2026Q2,1,-0.004145348444581032,0.014244827441871166,0.03396044671535492,-0.031481411308050156,0.06129650957882404,1.4346768465252513,-3.0991031104455224,6.321412062512821,windowmlp
29740,2026Q2,2,0.001570194959640503,0.027395114302635193,0.05601771920919418,-0.030815504491329193,0.08840341866016388,2.777381068091378,-3.0345546534168655,9.242873928393669,windowmlp
29740,2026Q2,4,0.017224781215190887,0.056529268622398376,0.10185772180557251,-0.031456109136343,0.1505386121571064,5.8157585161791925,-3.0966512762956144,16.246018933205185,windowmlp
29740,2026Q2,8,0.049519043415784836,0.11890080571174622,0.20162996649742126,-0.05290735512971878,0.3040563650429249,12.625819436727692,-5.153212090433545,35.534544804109046,windowmlp
29820,2026Q2,1,-0.001697753556072712,0.016302671283483505,0.03577382117509842,-0.029033816419541836,0.06310988403856754,1.6436284927913825,-2.861638480468187,6.514387511165287,windowmlp
29820,2026Q2,2,0.0070425281301140785,0.032327800989151,0.061428315937519073,-0.025343171320855618,0.09381401538848877,3.2856021044538997,-2.5024728939546104,9.835544970817178,windowmlp
29820,2026Q2,4,0.02877059206366539,0.06779451668262482,0.11423496901988983,-0.0199102982878685,0.16291585937142372,7.014538886006516,-1.9713397250368248,17.693765724792353,windowmlp
29820,2026Q2,8,0.07320690155029297,0.14130425453186035,0.22695404291152954,-0.029219496995210648,0.32938044145703316,15.177502745155657,-2.8796735129252404,39.010660918516834,windowmlp
29940,2026Q2,1,-0.0013039205223321915,0.016758965328335762,0.03624333441257477,-0.028639983385801315,0.06357939727604389,1.6900184580973976,-2.8233746505728408,6.564409168079588,windowmlp
29940,2026Q2,2,0.007494467310607433,0.03289787471294403,0.06223162263631821,-0.024891232140362263,0.0946173220872879,3.3444992985361077,-2.458399983066717,9.923812047879066,windowmlp
29940,2026Q2,4,0.02926291525363922,0.06827187538146973,0.11507084965705872,-0.01941797509789467,0.1637517400085926,7.0656354017594625,-1.9230660601540994,17.792184792243184,windowmlp
29940,2026Q2,8,0.06940968334674835,0.13786739110946655,0.22323226928710938,-0.033016715198755264,0.325658667832613,14.782332860329372,-3.247761287513151,38.49425627387577,windowmlp
30020,2026Q2,1,0.0066469814628362656,0.02387465164065361,0.04308633878827095,-0.02068908140063286,0.07042240165174007,2.4161932826376242,-2.0476530705964557,7.29613061751031,windowmlp
30020,2026Q2,2,0.02433251030743122,0.04845103621482849,0.08008724451065063,-0.008053189143538475,0.11247294396162033,4.964397601992054,-0.8020849087605919,11.904197966044094,windowmlp
30020,2026Q2,4,0.06529340893030167,0.10328282415866852,0.15446680784225464,0.016612518578767776,0.20314769819378853,10.880496156418973,1.675127375832619,22.52534226013061,windowmlp
30020,2026Q2,8,0.14150437712669373,0.20684018731117249,0.30328765511512756,0.03907797858119011,0.4057140536606312,22.9786020664845,3.9851566638563263,50.03734648129736,windowmlp
30140,2026Q2,1,0.0013543954119086266,0.019176049157977104,0.03863620012998581,-0.025981667451560497,0.06597226299345493,1.9361090483304144,-2.5647048182294685,6.819708816545944,windowmlp
30140,2026Q2,2,0.012852897867560387,0.03790783882141113,0.06806544214487076,-0.01953280158340931,0.10045114159584045,3.86355065950299,-1.9343272432350567,10.566961913124139,windowmlp
30140,2026Q2,4,0.040807437151670456,0.07952046394348145,0.12785376608371735,-0.007873453199863434,0.17653465643525124,8.276771700008778,-0.7842538754902817,19.307577379642748,windowmlp
30140,2026Q2,8,0.09132788330316544,0.15901395678520203,0.24788877367973328,-0.01109851524233818,0.3503151722252369,17.23543088638051,-1.1037153938299404,41.95148697582094,windowmlp
30300,2026Q2,1,-0.005088408477604389,0.013219606131315231,0.032688070088624954,-0.03242447134107351,0.06002413295209408,1.330737143895977,-3.190443397009801,6.186217210507805,windowmlp
30300,2026Q2,2,0.00010689906775951385,0.025940638035535812,0.053990885615348816,-0.03227880038321018,0.08637658506631851,2.6280024666827106,-3.176340028968494,9.021681037940631,windowmlp
30300,2026Q2,4,0.013647478073835373,0.0531749352812767,0.09774702787399292,-0.03503341227769852,0.1464279182255268,5.461411820086615,-3.4426846279763335,15.769147935470329,windowmlp
30300,2026Q2,8,0.04088786989450455,0.11043950170278549,0.19122561812400818,-0.06153852865099907,0.2936520166695118,11.676878439852722,-5.9683284093085875,34.13170664658707,windowmlp
30340,2026Q2,1,-0.001841542311012745,0.01631154492497444,0.03591405600309372,-0.02917760517448187,0.06325011886656284,1.6445304459122623,-2.875604880398308,6.5293255853715815,windowmlp
30340,2026Q2,2,0.006101163104176521,0.03168623894453049,0.0609324648976326,-0.026284536346793175,0.0933181643486023,3.219359234115715,-2.5942104700402147,9.781096401932254,windowmlp
30340,2026Q2,4,0.026624346151947975,0.06573884934186935,0.1123933345079422,-0.022056544199585915,0.1610742248594761,6.794778547895475,-2.181507719607556,17.477216287655395,windowmlp
30340,2026Q2,8,0.06287483870983124,0.13192586600780487,0.216631680727005,-0.03955155983567238,0.3190580792725086,14.102372748760272,-3.8779607652560277,37.5831229862531,windowmlp
30460,2026Q2,1,-0.0008642822504043579,0.01715758815407753,0.0366477333009243,-0.028200345113873482,0.06398379616439342,1.730562500958488,-2.7806426943190132,6.607512411549243,windowmlp
30460,2026Q2,2,0.008344914764165878,0.033718351274728775,0.06319081038236618,-0.024040784686803818,0.09557650983333588,3.429325832332708,-2.375410693703295,10.029300204780212,windowmlp
30460,2026Q2,4,0.031009312719106674,0.06997965276241302,0.11705723404884338,-0.017671577632427216,0.16573812440037727,7.248635889745159,-1.7516351015756215,18.02639789119911,windowmlp
30460,2026Q2,8,0.0723240077495575,0.14072878658771515,0.22657689452171326,-0.03010239079594612,0.3290032930672169,15.111240852065455,-2.9653826055252908,38.95824315684266,windowmlp
30500,2026Q2,1,-0.0006058663129806519,0.017101053148508072,0.03617861121892929,-0.027941929176449776,0.06351467408239841,1.7248113256138176,-2.755516416589654,6.557512202388516,windowmlp
30500,2026Q2,2,0.00971426721662283,0.03470629081130028,0.06371501833200455,-0.022671432234346867,0.09610071778297424,3.5315582439689797,-2.241636651914114,10.08699355897702,windowmlp
30500,2026Q2,4,0.03419644013047218,0.07327456772327423,0.11992344260215759,-0.014484450221061707,0.16860433295369148,7.602593835107485,-1.4380055214517684,18.365171428233506,windowmlp
30500,2026Q2,8,0.0809580460190773,0.14853966236114502,0.2347436547279358,-0.021468352526426315,0.3371700532734394,16.01388107064188,-2.1239547725443897,40.09772842560737,windowmlp
30620,2026Q2,1,0.0021136561408638954,0.01977536268532276,0.03906593099236488,-0.02522240672260523,0.06640199385583401,1.997219047603549,-2.490697933278352,6.865622406671545,windowmlp
30620,2026Q2,2,0.014721710234880447,0.03958035260438919,0.06980429589748383,-0.01766398921608925,0.10218999534845352,4.0374092294293895,-1.750889549249468,10.759388942507474,windowmlp
30620,2026Q2,4,0.04438544437289238,0.08302183449268341,0.13160887360572815,-0.00429544597864151,0.18028976395726204,8.656553289641057,-0.4286233745500523,19.756432382857714,windowmlp
30620,2026Q2,8,0.09795894473791122,0.1651293933391571,0.25459572672843933,-0.004467453807592392,0.35702212527394295,17.954573419870034,-0.445748957959613,42.90674880137508,windowmlp
30700,2026Q2,1,-0.0021441541612148285,0.01596190221607685,0.03544352203607559,-0.029480217024683952,0.06277958489954472,1.6089973892416287,-2.904991426722381,6.479211710264976,windowmlp
30700,2026Q2,2,0.005955439060926437,0.031418733298778534,0.06046435236930847,-0.02643026039004326,0.09285005182027817,3.1917511655914277,-2.6084038013465594,9.729718521586284,windowmlp
30700,2026Q2,4,0.02607537806034088,0.065178781747818,0.11144565045833588,-0.02260551229119301,0.16012654080986977,6.734982999554395,-2.2351922137532343,17.36593774036792,windowmlp
30700,2026Q2,8,0.06489923596382141,0.13346153497695923,0.2180461287498474,-0.037527162581682205,0.32047252729535103,14.277730833420033,-3.683174477090345,37.77786485619621,windowmlp
30780,2026Q2,1,-0.00043034180998802185,0.017520252615213394,0.03698655217885971,-0.027766404673457146,0.06432261504232883,1.767463251479895,-2.738446128856842,6.643639169152138,windowmlp
30780,2026Q2,2,0.009467260912060738,0.03466201201081276,0.06422385573387146,-0.02291843853890896,0.09660955518484116,3.526974092248447,-2.2657806020080606,10.143024192791028,windowmlp
30780,2026Q2,4,0.033833976835012436,0.07271768152713776,0.11994442343711853,-0.014846913516521454,0.16862531378865242,7.542688117813912,-1.4737241530400347,18.36765485441245,windowmlp
30780,2026Q2,8,0.0811707004904747,0.14900484681129456,0.23608574271202087,-0.021255698055028915,0.3385121412575245,16.067861478567202,-2.1031387806556445,40.285878132013806,windowmlp
30860,2026Q2,1,-0.0036811623722314835,0.014423409476876259,0.03379454463720322,-0.031017225235700607,0.06113060750067234,1.4527928750870611,-3.054112622540117,6.303774582387378,windowmlp
30860,2026Q2,2,0.0033660680055618286,0.02886981889605522,0.05723083019256592,-0.029019631445407867,0.08961652964353561,2.9290591567506574,-2.8602605655497992,9.375478074122,windowmlp
30860,2026Q2,4,0.02047133632004261,0.059783004224300385,0.10499821603298187,-0.02820955403149128,0.15367910638451576,6.160615749790477,-2.7815379752490044,16.611662735229338,windowmlp
30860,2026Q2,8,0.055735375732183456,0.12468262761831284,0.2074357569217682,-0.04669102281332016,0.3098621554672718,13.278888010575308,-4.561776562309983,36.3237186387114,windowmlp
30980,2026Q2,1,-0.000896155834197998,0.017096983268857002,0.03659392520785332,-0.028232218697667122,0.06392998807132244,1.724397318716675,-2.783741374267179,6.601776218927524,windowmlp
30980,2026Q2,2,0.00850145984441042,0.03377988561987877,0.06321064382791519,-0.023884239606559277,0.09559634327888489,3.4356904839874414,-2.3601268482623117,10.031482486555632,windowmlp
30980,2026Q2,4,0.031729839742183685,0.07067559659481049,0.11765655875205994,-0.016951050609350204,0.16633744910359383,7.323300894736939,-1.6808189902959847,18.09715522827906,windowmlp
30980,2026Q2,8,0.07673759758472443,0.14479020237922668,0.2312394380569458,-0.02568880096077919,0.3336658366024494,15.579706135644544,-2.536165106292698,39.60765479367563,windowmlp
31020,2026Q2,1,0.0015453454107046127,0.01919056847691536,0.03845684602856636,-0.02579071745276451,0.06579290889203548,1.937589101953674,-2.5460977722806644,6.800551981637071,windowmlp
31020,2026Q2,2,0.014034245163202286,0.038764841854572296,0.06872863322496414,-0.01835145428776741,0.10111433267593384,3.9526001898616547,-1.818409169658275,10.640313256307742,windowmlp
31020,2026Q2,4,0.04358341544866562,0.0822165459394455,0.13036808371543884,-0.005097474902868271,0.17904897406697273,8.569088632912724,-0.5084504825249025,19.607931960223613,windowmlp
31020,2026Q2,8,0.10174977779388428,0.1686084270477295,0.2584172189235687,-0.000676620751619339,0.36084361746907234,18.36565602736817,-0.06763918954177939,43.45391064802726,windowmlp
31084,2026Q2,1,-0.0013871416449546814,0.016629934310913086,0.03610209375619888,-0.028723204508423805,0.063438156619668,1.6768981380363313,-2.831461461925655,6.549359003854938,windowmlp
31084,2026Q2,2,0.00764887873083353,0.03292863443493843,0.06217926740646362,-0.024736820720136166,0.09456496685743332,3.3476781954949297,-2.443337283180458,9.918057112084622,windowmlp
31084,2026Q2,4,0.029985569417476654,0.06895913928747177,0.11559048295021057,-0.018695320934057236,0.16427137330174446,7.139243039583354,-1.8521647399845076,17.85340943893907,windowmlp
31084,2026Q2,8,0.07499022036790848,0.14294733107089996,0.22895801067352295,-0.02743617817759514,0.33138440921902657,15.366903755309025,-2.706322482992296,39.28951311365576,windowmlp
31140,2026Q2,1,-0.0010642493143677711,0.016932886093854904,0.036355528980493546,-0.028400312177836895,0.06369159184396267,1.7077060020242785,-2.800081420142597,6.576365786643001,windowmlp
31140,2026Q2,2,0.008228100836277008,0.033523134887218475,0.06287386268377304,-0.024157598614692688,0.09525956213474274,3.4091367036695797,-2.3868139393967813,9.994432197261748,windowmlp
31140,2026Q2,4,0.03083578497171402,0.06980468332767487,0.11664539575576782,-0.01784510537981987,0.1653262861073017,7.229872298122464,-1.7686824398855716,17.977800108854503,windowmlp
31140,2026Q2,8,0.07387895882129669,0.14199312031269073,0.22785338759422302,-0.028547439724206924,0.33027978613972664,15.256871919733882,-2.814381153702472,39.135735651469375,windowmlp
31180,2026Q2,1,-0.0009030476212501526,0.017025630921125412,0.03642745688557625,-0.028239110484719276,0.06376351974904537,1.7171393030877002,-2.784411365710915,6.5840318770649775,windowmlp
31180,2026Q2,2,0.008882137946784496,0.03400726243853569,0.06333833932876587,-0.0235035615041852,0.09572403877973557,3.459212036251791,-2.322950410956015,10.045533908953708,windowmlp
31180,2026Q2,4,0.03259473666548729,0.07150335609912872,0.11834459006786346,-0.0160861536860466,0.16702548041939735,7.412175555435274,-1.5957462488660035,18.17843772862975,windowmlp
31180,2026Q2,8,0.08127924054861069,0.14897021651268005,0.23580503463745117,-0.02114715799689293,0.3382314331829548,16.063842083461477,-2.0925124729679667,40.24650427981171,windowmlp
31340,2026Q2,1,0.0012306347489356995,0.019061293452978134,0.03854479268193245,-0.026105428114533424,0.06588085554540157,1.9244119694378226,-2.5767627287952344,6.8099451458041305,windowmlp
31340,2026Q2,2,0.01267600804567337,0.03771672397851944,0.06786151230335236,-0.019709691405296326,0.10024721175432205,3.843702690017725,-1.9516725284748015,10.544416309042903,windowmlp
31340,2026Q2,4,0.040497127920389175,0.07918145507574081,0.12744636833667755,-0.008183762431144714,0.17612725868821144,8.240071135492034,-0.8150366610629067,19.258981640982853,windowmlp
31340,2026Q2,8,0.09197057783603668,0.1596175879240036,0.24863091111183167,-0.010455820709466934,0.3510573096573353,17.306219205901897,-1.0401348631510765,42.05687358868588,windowmlp
31420,2026Q2,1,0.00022797193378210068,0.018140587955713272,0.03763105720281601,-0.027108090929687023,0.06496712006628513,1.8306127903680913,-2.67439643111802,6.712393684304874,windowmlp
31420,2026Q2,2,0.010594435036182404,0.03577905893325806,0.06559022516012192,-0.021791264414787292,0.09797592461109161,3.642683194264662,-2.1555550088135145,10.293623117015427,windowmlp
31420,2026Q2,4,0.036135684698820114,0.07496702671051025,0.12265831232070923,-0.012545205652713776,0.17133920267224312,7.784861008443977,-1.2466842596127958,18.689327811998503,windowmlp
31420,2026Q2,8,0.08333320915699005,0.15131345391273499,0.23890924453735352,-0.019093189388513565,0.34133564308285713,16.336126107492575,-1.89120690017065,40.68253528256436,windowmlp
31540,2026Q2,1,-0.0014808187261223793,0.01663677766919136,0.03619422763586044,-0.028816881589591503,0.06353029049932957,1.6775939518597793,-2.8405635006643726,6.559176261919508,windowmlp
31540,2026Q2,2,0.006990188732743263,0.032455578446388245,0.06181596964597702,-0.025395510718226433,0.09420166909694672,3.298800519272005,-2.5075757222278394,9.878131381002241,windowmlp
31540,2026Q2,4,0.028437195345759392,0.06744368374347687,0.11422260105609894,-0.020243695005774498,0.16290349140763283,6.977001245902881,-2.004016711130585,17.692310101561027,windowmlp
31540,2026Q2,8,0.06821123510599136,0.13676969707012177,0.22214984893798828,-0.03421516343951225,0.3245762474834919,14.656406104895359,-3.363644383970865,38.3444283756601,windowmlp
31700,2026Q2,1,-0.0006707925349473953,0.017370080575346947,0.03692081198096275,-0.02800685539841652,0.06425687484443188,1.7521817713856302,-2.76182992855738,6.6366286256484885,windowmlp
31700,2026Q2,2,0.008599731139838696,0.03397633880376816,0.06356785446405411,-0.023785968311131,0.0959535539150238,3.456012750832471,-2.35053117996058,10.070793923223608,windowmlp
31700,2026Q2,4,0.031848058104515076,0.07078776508569717,0.11805030703544617,-0.016832832247018814,0.16673119738698006,7.335339862619095,-1.6691951706703345,18.143664936380954,windowmlp
31700,2026Q2,8,0.07406043261289597,0.14250680804252625,0.22881421446800232,-0.02836596593260765,0.33124061301350594,15.316093169930811,-2.7967429105704933,39.26948525020111,windowmlp
31740,2026Q2,1,0.00047040730714797974,0.018265165388584137,0.03755536302924156,-0.026865655556321144,0.06489142589271069,1.8432993769119665,-2.6507984016957753,6.704316483557182,windowmlp
31740,2026Q2,2,0.01164347492158413,0.036669086664915085,0.06636722385883331,-0.020742224529385567,0.09875292330980301,3.734969118914977,-2.052858426465276,10.379354420896103,windowmlp
31740,2026Q2,4,0.037841275334358215,0.07663492858409882,0.1241990476846695,-0.010839615017175674,0.17287993803620338,7.9647855866240125,-1.0781078087159335,18.872337605309998,windowmlp
31740,2026Q2,8,0.08697333186864853,0.15438643097877502,0.24196699261665344,-0.015453066676855087,0.34439339116215706,16.694174210017067,-1.533428069833609,41.11336538389101,windowmlp
31860,2026Q2,1,-0.0013758903369307518,0.016592511907219887,0.035940516740083694,-0.028711953200399876,0.06327657960355282,1.6730932153030675,-2.830368182617937,6.532144467132306,windowmlp
31860,2026Q2,2,0.007804146036505699,0.0330682210624218,0.06221001595258713,-0.024581553414463997,0.09459571540355682,3.3621051562344517,-2.4281887470042784,9.921436984496346,windowmlp
31860,2026Q2,4,0.0299838799983263,0.0690162256360054,0.11558455228805542,-0.018697010353207588,0.1642654426395893,7.1453594023318745,-1.8523305526768952,17.852710492256474,windowmlp
31860,2026Q2,8,0.0728072077035904,0.14088521897792816,0.2263805866241455,-0.029619190841913223,0.3288069851696491,15.129249387134692,-2.9184841531081585,38.930967233606005,windowmlp
31900,2026Q2,1,-0.004166578873991966,0.014218293130397797,0.033813439309597015,-0.03150264173746109,0.06114950217306614,1.4319853829238394,-3.1011603362588236,6.3057831763581484,windowmlp
31900,2026Q2,2,0.0012164674699306488,0.0272073931992054,0.05576363950967789,-0.031169231981039047,0.08814933896064758,2.758089395493335,-3.068847931392771,9.215121057681475,windowmlp
31900,2026Q2,4,0.01590454950928688,0.05537107586860657,0.10070466250181198,-0.03277634084224701,0.14938555285334587,5.693274415219651,-3.224501735003915,16.112057627056654,windowmlp
31900,2026Q2,8,0.04030953720211983,0.11016654968261719,0.19145865738391876,-0.06211686134338379,0.2938850559294224,11.646400170018367,-6.0226942768145,34.16296824268268,windowmlp
31924,2026Q2,1,-0.006555604748427868,0.01203437801450491,0.03178112208843231,-0.03389166761189699,0.059117184951901436,1.2107082499968946,-3.3323778691122463,6.089955491945664,windowmlp
31924,2026Q2,2,-0.003412362188100815,0.02276783250272274,0.050654008984565735,-0.03579806163907051,0.08303970843553543,2.3028997891476166,-3.5164888967218144,8.65849542802184,windowmlp
31924,2026Q2,4,0.0065599121153354645,0.04619979113340378,0.09023434668779373,-0.042120978236198425,0.13891523703932762,4.728362803942354,-4.124621478571466,14.902670097068228,windowmlp
31924,2026Q2,8,0.028424620628356934,0.09874529391527176,0.17832207679748535,-0.07400177791714668,0.28074847534298897,10.378512296465559,-7.132995725857317,32.41205130888369,windowmlp
32580,2026Q2,1,0.00029742997139692307,0.018256396055221558,0.03786667436361313,-0.0270386328920722,0.06520273722708225,1.8424062829849097,-2.6676361509092694,6.737539917852375,windowmlp
32580,2026Q2,2,0.010610554367303848,0.03580508753657341,0.06576070934534073,-0.021775145083665848,0.09814640879631042,3.645380903660711,-2.1539778090946426,10.312428038412659,windowmlp
32580,2026Q2,4,0.03632185980677605,0.0750923752784729,0.12291228771209717,-0.012359030544757843,0.17159317806363106,7.798372533226883,-1.228297138834833,18.719475808745713,windowmlp
32580,2026Q2,8,0.08543992787599564,0.15336039662361145,0.24147969484329224,-0.01698647066950798,0.34390609338879585,16.574503381919193,-1.6843013999280676,41.044617906754596,windowmlp
32780,2026Q2,1,0.00258623156696558,0.0200714860111475,0.03919527679681778,-0.024749831296503544,0.0665313396602869,2.0274272757925704,-2.4446065433339603,6.879445920557581,windowmlp
32780,2026Q2,2,0.016407374292612076,0.040903378278017044,0.07105216383934021,-0.01597832515835762,0.1034378632903099,4.175144486407278,-1.5851348909724172,10.89768830495248,windowmlp
32780,2026Q2,4,0.04848821833729744,0.08698783814907074,0.1355552077293396,-0.0001926720142364502,0.1842360980808735,9.088341247615705,-0.01926534541759617,20.229965022951646,windowmlp
32780,2026Q2,8,0.11168849468231201,0.17785528302192688,0.2688217759132385,0.009262096136808395,0.37124817445874214,19.465242223599844,0.9305122083457906,44.95427682431925,windowmlp
32820,2026Q2,1,-0.003688991069793701,0.014543451368808746,0.034082576632499695,-0.031025053933262825,0.06141863949596882,1.4649721912850744,-3.0548715796014703,6.334397880721032,windowmlp
32820,2026Q2,2,0.0030168909579515457,0.028596365824341774,0.057170331478118896,-0.02936880849301815,0.08955603092908859,2.9009167373465594,-2.894173611797901,9.368861198464739,windowmlp
32820,2026Q2,4,0.020184103399515152,0.05942634865641594,0.10478855669498444,-0.028496786952018738,0.15346944704651833,6.12275972627534,-2.8094583080142455,16.587216573990048,windowmlp
32820,2026Q2,8,0.05720978230237961,0.12598778307437897,0.20934483408927917,-0.04521661624312401,0.3117712326347828,13.426831092678903,-4.4209580322527975,36.58421971656669,windowmlp
32900,2026Q2,1,-0.004145783372223377,0.014060495421290398,0.03348978981375694,-0.0314818462356925,0.06082585267722607,1.4159809107679333,-3.0991452553149834,6.271382930339642,windowmlp
32900,2026Q2,2,0.0022168662399053574,0.027854813262820244,0.05616357922554016,-0.03016883321106434,0.08854927867650986,2.824638584582284,-2.9718296056755578,9.258809257906009,windowmlp
32900,2026Q2,4,0.018130065873265266,0.05749209225177765,0.10249669849872589,-0.030550824478268623,0.15117758885025978,5.917689491740763,-3.0088864412945893,16.320321166144836,windowmlp
32900,2026Q2,8,0.05199255794286728,0.12075155973434448,0.2029939591884613,-0.05043384060263634,0.3054203577339649,12.834455132221834,-4.9183167939908845,35.71953906933667,windowmlp
33124,2026Q2,1,-0.006666545756161213,0.012118825688958168,0.032137397676706314,-0.03400260861963034,0.05947346054017544,1.219255619836046,-3.343101677660576,6.127759487168971,windowmlp
33124,2026Q2,2,-0.004453148692846298,0.022013138979673386,0.05015036463737488,-0.036838848143815994,0.08253606408834457,2.2257215798980434,-3.61685539390062,8.603783969740109,windowmlp
33124,2026Q2,4,0.004784863442182541,0.04447583854198456,0.0887855812907219,-0.04389602690935135,0.13746647164225578,4.547971609102386,-4.2946539893677915,14.73632361221171,windowmlp
33124,2026Q2,8,0.022801972925662994,0.09372595697641373,0.17325714230537415,-0.07962442561984062,0.27568354085087776,9.825873452973166,-7.653688965000082,31.743088499547547,windowmlp
33140,2026Q2,1,0.0005267290398478508,0.018372610211372375,0.03775089234113693,-0.026809333823621273,0.06508695520460606,1.8542425000461327,-2.645315371579382,6.725182345012759,windowmlp
33140,2026Q2,2,0.011330196633934975,0.03648105636239052,0.06629100441932678,-0.02105550281703472,0.09867670387029648,3.715465634969628,-2.083538333332302,10.370941688979961,windowmlp
33140,2026Q2,4,0.037111662328243256,0.07595536857843399,0.12373918294906616,-0.011569228023290634,0.17242007330060005,7.891441959839396,-1.1502561844509485,18.817684976578054,windowmlp
33140,2026Q2,8,0.08279290050268173,0.1507146954536438,0.23794874548912048,-0.019633498042821884,0.3403751440346241,16.266489717657006,-1.9442016121062444,40.547474714479414,windowmlp
33220,2026Q2,1,0.0019979607313871384,0.019674986600875854,0.03898954391479492,-0.025338102132081985,0.06632560677826405,1.9869814799431618,-2.5019786593320603,6.857459565854951,windowmlp
33220,2026Q2,2,0.01448860764503479,0.0393700897693634,0.06957344710826874,-0.017897091805934906,0.10195914655923843,4.015536328425728,-1.7737890022809788,10.73382322269718,windowmlp
33220,2026Q2,4,0.044062674045562744,0.08270248770713806,0.13123972713947296,-0.004618216305971146,0.17992061749100685,8.621859708556222,-0.4607568742270307,19.712232877579773,windowmlp
33220,2026Q2,8,0.09715496748685837,0.1644343137741089,0.253853440284729,-0.005271431058645248,0.3562798388302326,17.872614093708084,-0.5257561447543857,42.80071041932067,windowmlp
33260,2026Q2,1,0.0022988272830843925,0.019912462681531906,0.0391271635890007,-0.02503723558038473,0.06646322645246983,2.0112038245828634,-2.4726403526177165,6.872166266569324,windowmlp
33260,2026Q2,2,0.01554145012050867,0.04019993171095848,0.07044921815395355,-0.016844249330461025,0.10283491760492325,4.1018886074645655,-1.670317815265332,10.83084317628571,windowmlp
33260,2026Q2,4,0.04662624001502991,0.08513428270816803,0.1336609125137329,-0.0020546503365039825,0.1823418028652668,8.886327239077207,-0.20525409874069256,20.002429553151835,windowmlp
33260,2026Q2,8,0.10665839910507202,0.17301520705223083,0.26358187198638916,0.004232000559568405,0.3660082705318928,18.888418437045363,0.42409681197137505,44.196716844065456,windowmlp
33340,2026Q2,1,0.002665538340806961,0.020338788628578186,0.03971776366233826,-0.024670524522662163,0.06705382652580738,2.054703119442891,-2.436869433009514,6.935303618431177,windowmlp
33340,2026Q2,2,0.015665752813220024,0.04049447923898697,0.07100833207368851,-0.016719946637749672,0.1033940315246582,4.1325560777090375,-1.6580944113110507,10.892827569995456,windowmlp
33340,2026Q2,4,0.04665473476052284,0.08517900109291077,0.13419705629348755,-0.0020261555910110474,0.18287794664502144,8.891196568625382,-0.20241043234011658,20.066785359753304,windowmlp
33340,2026Q2,8,0.1026303842663765,0.1697004735469818,0.2601436376571655,0.00020398572087287903,0.36257003620266914,18.494987432765786,0.02040065273747338,43.7017860736004,windowmlp
33460,2026Q2,1,0.0006009936332702637,0.018356431275606155,0.03763643279671669,-0.02673506923019886,0.06497249566018581,1.8525946201296994,-2.638085097034315,6.712967328339325,windowmlp
33460,2026Q2,2,0.012039653025567532,0.03693793714046478,0.06663227826356888,-0.020346046425402164,0.09901797771453857,3.7628620640415056,-2.01404622586171,10.408614832606421,windowmlp
33460,2026Q2,4,0.03911535441875458,0.07785600423812866,0.125444695353508,-0.009565535932779312,0.17412558570504189,8.096699279705355,-0.9519931719355501,19.020502917266914,windowmlp
33460,2026Q2,8,0.09262438863515854,0.15971246361732483,0.24806252121925354,-0.009802009910345078,0.35048891976475716,17.317349242756563,-0.9754126789190187,41.9761528401688,windowmlp
33500,2026Q2,1,-7.004290819168091e-05,0.017773879691958427,0.037060320377349854,-0.027406105771660805,0.06439638324081898,1.7932775091511033,-2.703396584032969,6.651506368465077,windowmlp
33500,2026Q2,2,0.010487671010196209,0.03551936894655228,0.06504805386066437,-0.021898028440773487,0.09743375331163406,3.615771721715011,-2.1660007180582586,10.233841287508682,windowmlp
33500,2026Q2,4,0.035777442157268524,0.07458855211734772,0.12182457745075226,-0.012903448194265366,0.17050546780228615,7.744074895765296,-1.2820555622993002,18.590413620544876,windowmlp
33500,2026Q2,8,0.08447421342134476,0.151833638548851,0.23893484473228455,-0.01795218512415886,0.34136124327778816,16.39665811546427,-1.779200461112429,40.68613682899092,windowmlp
33540,2026Q2,1,-0.004583155736327171,0.013744567520916462,0.033317770808935165,-0.031919218599796295,0.06065383367240429,1.3839458335082266,-3.1415177442850384,6.25310380503048,windowmlp
33540,2026Q2,2,0.0009195860475301743,0.026749730110168457,0.05506501346826553,-0.03146611340343952,0.08745071291923523,2.7110715708591693,-3.0976207184295057,9.138847176556686,windowmlp
33540,2026Q2,4,0.015368778258562088,0.05479280278086662,0.0997815728187561,-0.0333121120929718,0.14846246317029,5.632172507567335,-3.2763373774854165,16.004925238591227,windowmlp
33540,2026Q2,8,0.04454690217971802,0.11419359594583511,0.19579225778579712,-0.0578794963657856,0.29821865633130074,12.096911895572514,-5.623633246340409,34.745638554040845,windowmlp
33660,2026Q2,1,-0.0023409873247146606,0.015790516510605812,0.03530989959836006,-0.029677050188183784,0.06264596246182919,1.5915845517401994,-2.9241010636530618,6.464984648978689,windowmlp
33660,2026Q2,2,0.00558612123131752,0.03105762042105198,0.06006431579589844,-0.026799578219652176,0.09245001524686813,3.1544940227922647,-2.6443656131988846,9.685831399799838,windowmlp
33660,2026Q2,4,0.02547718957066536,0.06459565460681915,0.11075684428215027,-0.02320370078086853,0.15943773463368416,6.672761077482203,-2.293656508388897,17.285123193553243,windowmlp
33660,2026Q2,8,0.0649593323469162,0.13350209593772888,0.21811863780021667,-0.03746706619858742,0.3205450363457203,14.28236614198286,-3.677386010314021,37.78785536053546,windowmlp
33700,2026Q2,1,-0.0006176745519042015,0.01726076379418373,0.036626990884542465,-0.027953737415373325,0.06396305374801159,1.741059158353253,-2.756664695906208,6.605301137071029,windowmlp
33700,2026Q2,2,0.009550311602652073,0.03461557626724243,0.0639800950884819,-0.022835387848317623,0.0963657945394516,3.522166851841657,-2.257663370526486,10.11617893017085,windowmlp
33700,2026Q2,4,0.03401179984211922,0.07288049906492233,0.11981326341629028,-0.014669090509414673,0.16849415376782417,7.56019937903154,-1.4562023565467985,18.352130768428342,windowmlp
33700,2026Q2,8,0.08417170494794846,0.15163373947143555,0.23876619338989258,-0.01825469359755516,0.3411925919353962,16.373392856322134,-1.8089085915295566,40.66241192383355,windowmlp
33740,2026Q2,1,0.0010133394971489906,0.018680373206734657,0.037829261273145676,-0.026322723366320133,0.0651653241366148,1.8855942910213752,-2.5979300358070168,6.733546611316599,windowmlp
33740,2026Q2,2,0.013060400262475014,0.03786204382777214,0.06756854802370071,-0.019325299188494682,0.09995424747467041,3.8587943377698997,-1.913976269914286,10.512035487193083,windowmlp
33740,2026Q2,4,0.04111688584089279,0.07984171062707901,0.12755264341831207,-0.007564004510641098,0.17623353376984596,8.311560841477018,-0.7535469420367202,19.271656572495168,windowmlp
33740,2026Q2,8,0.09530196338891983,0.16212692856788635,0.25063398480415344,-0.007124435156583786,0.35306038334965706,17.600950104992652,-0.709911653108275,42.34170915306046,windowmlp
33780,2026Q2,1,0.002556891180574894,0.020171603187918663,0.0394451804459095,-0.02477917168289423,0.06678124330937862,2.0376424851150654,-2.4474688142822054,6.906158821792752,windowmlp
33780,2026Q2,2,0.015742968767881393,0.040497466921806335,0.07084733247756958,-0.016642730683088303,0.10323303192853928,4.1328671932225225,-1.6505005540081052,10.874975306686352,windowmlp
33780,2026Q2,4,0.046861033886671066,0.0854313001036644,0.13424280285835266,-0.0018198564648628235,0.18292369320988655,8.918673175814074,-0.18182015301532184,20.0722781283746,windowmlp
33780,2026Q2,8,0.1041228324174881,0.17098240554332733,0.2613687217235565,0.0016964338719844818,0.36379512026906013,18.646987354528232,0.16978736299617658,43.87794072212612,windowmlp
33860,2026Q2,1,0.001268615946173668,0.018998563289642334,0.03832891955971718,-0.026067446917295456,0.0656649824231863,1.918018434962887,-2.5730624073340036,6.786890238018861,windowmlp
33860,2026Q2,2,0.013173289597034454,0.03807523101568222,0.06805840879678726,-0.01921240985393524,0.10044410824775696,3.880938062369821,-1.9029027789380648,10.566184259929233,windowmlp
33860,2026Q2,4,0.0414217934012413,0.08010612428188324,0.12821348011493683,-0.007259096950292587,0.17689437046647072,8.340203683749102,-0.7232813342897382,19.35050170903594,windowmlp
33860,2026Q2,8,0.09484229236841202,0.16208896040916443,0.2510612905025482,-0.0075841061770915985,0.35348768904805183,17.596485098217784,-0.7555419410810171,42.40254557344967,windowmlp
33874,2026Q2,1,0.0007256306707859039,0.01856483519077301,0.037965886294841766,-0.02661043219268322,0.06530194915831089,1.87382331161281,-2.6259494401335015,6.748130080648784,windowmlp
33874,2026Q2,2,0.01178002916276455,0.03686016798019409,0.06675830483436584,-0.020605670288205147,0.09914400428533554,3.7547928271644437,-2.0394824156172,10.422530128550322,windowmlp
33874,2026Q2,4,0.03836245462298393,0.07712912559509277,0.12500201165676117,-0.010318435728549957,0.17368290200829506,8.018154647282461,-1.0265383300093633,18.96782614148198,windowmlp
33874,2026Q2,8,0.08714541792869568,0.15479734539985657,0.24273154139518738,-0.015280980616807938,0.345157939940691,16.742135382349986,-1.516481887364729,41.22129468838167,windowmlp
34060,2026Q2,1,0.002364620566368103,0.01995202526450157,0.039155375212430954,-0.02497144229710102,0.06649143807590008,2.0152397311329118,-2.4662234963258145,6.875181346409165,windowmlp
34060,2026Q2,2,0.01556161604821682,0.040232252329587936,0.07045625895261765,-0.016824083402752876,0.10284195840358734,4.105253299279021,-1.668334886009093,10.831623516685385,windowmlp
34060,2026Q2,4,0.04642364755272865,0.08498120307922363,0.13358715176582336,-0.002257242798805237,0.18226804211735725,8.869660236228194,-0.22546971420275286,19.993578410634495,windowmlp
34060,2026Q2,8,0.10499106347560883,0.17159831523895264,0.26184383034706116,0.0025646649301052094,0.3642702288925648,18.720085693073575,0.25679564965273016,43.946314613721896,windowmlp
34100,2026Q2,1,-0.003371790051460266,0.014941470697522163,0.03462514281272888,-0.03070785291492939,0.061961205676198006,1.5053652494802838,-3.024115608489253,6.39210698289403,windowmlp
34100,2026Q2,2,0.0028790421783924103,0.02872767671942711,0.057571813464164734,-0.029506657272577286,0.08995751291513443,2.914429636004434,-2.9075586088796457,9.412779641712255,windowmlp
34100,2026Q2,4,0.019717376679182053,0.059037841856479645,0.10487064719200134,-0.028963513672351837,0.15355153754353523,6.081538320410407,-2.854809146738191,16.596787669387037,windowmlp
34100,2026Q2,8,0.05009708181023598,0.11968149244785309,0.20257768034934998,-0.05232931673526764,0.3050040788948536,12.713779250167523,-5.098371156875848,35.66305365482525,windowmlp
34580,2026Q2,1,0.0012874780222773552,0.01900680735707283,0.038336120545864105,-0.02604858484119177,0.06567218340933323,1.9188586574426791,-2.5712247156912893,6.787659211704811,windowmlp
34580,2026Q2,2,0.013305570930242538,0.03815252333879471,0.06810159236192703,-0.019080128520727158,0.10048729181289673,3.888967571705493,-1.889925505827239,10.570959005043989,windowmlp
34580,2026Q2,4,0.04192304238677025,0.08057351410388947,0.12866489589214325,-0.006757847964763641,0.17734578624367714,8.390852627743396,-0.6735065060229917,19.404390570751005,windowmlp
34580,2026Q2,8,0.09729816019535065,0.16439169645309448,0.2536405324935913,-0.005128238350152969,0.3560669310390949,17.86759078571518,-0.5115111384853543,42.770310271821366,windowmlp
34620,2026Q2,1,0.005030839703977108,0.022458460181951523,0.04174632206559181,-0.022305223159492016,0.06908238492906094,2.271254998881722,-2.2058300961704247,7.152448298059699,windowmlp
34620,2026Q2,2,0.02059016562998295,0.04505554586648941,0.07624755054712296,-0.011795533820986748,0.10863324999809265,4.608596404627496,-1.17262392350721,11.475343953593576,windowmlp
34620,2026Q2,4,0.05703873559832573,0.09526130557060242,0.14564046263694763,0.00835784524679184,0.19432135298848152,9.99462396566637,0.8392869543261572,21.448649912027264,windowmlp
34620,2026Q2,8,0.12210962921380997,0.188437819480896,0.2818714678287506,0.01968323066830635,0.3842978663742542,20.73620062561887,1.9878222709612814,46.8582817978193,windowmlp
34740,2026Q2,1,0.00027251429855823517,0.01821509376168251,0.0377301350235939,-0.02706354856491089,0.06506619788706303,1.838200044890126,-2.670061222032283,6.722967039504968,windowmlp
34740,2026Q2,2,0.010517085902392864,0.03578528016805649,0.06565110385417938,-0.021868613548576832,0.09803680330514908,3.643327981737632,-2.16312289919105,10.30033785314377,windowmlp
34740,2026Q2,4,0.0357348769903183,0.07457579672336578,0.12236456573009491,-0.012946013361215591,0.1710454560816288,7.742700586405715,-1.2862574186582765,18.65446834678661,windowmlp
34740,2026Q2,8,0.08043495565652847,0.14862048625946045,0.2358679175376892,-0.021991442888975143,0.3382943160831928,16.02325814370942,-2.175139400267412,40.25532366404041,windowmlp
34820,2026Q2,1,-0.0019471831619739532,0.016215790063142776,0.03585885465145111,-0.029283246025443077,0.06319491751492023,1.6347979539176327,-2.8858646422133094,6.523445184914234,windowmlp
34820,2026Q2,2,0.006059221923351288,0.031561318784952164,0.060803644359111786,-0.026326477527618408,0.09318934381008148,3.2064658606265173,-2.598295698202069,9.766955252829135,windowmlp
34820,2026Q2,4,0.026710642501711845,0.06577188521623611,0.11235120892524719,-0.021970247849822044,0.16103209927678108,6.798306665059517,-2.1730659765437865,17.472267595699886,windowmlp
34820,2026Q2,8,0.06693539768457413,0.13573050498962402,0.22105196118354797,-0.03549100086092949,0.3234783597290516,14.537317964136331,-3.486858045721397,38.19262506859549,windowmlp
34900,2026Q2,1,-0.002252561040222645,0.01579435169696808,0.035223305225372314,-0.02958862390369177,0.06255936808884144,1.5919741751469374,-2.9155166230568907,6.455765779544742,windowmlp
34900,2026Q2,2,0.006173864006996155,0.031444523483514786,0.060333773493766785,-0.02621183544397354,0.09271947294473648,3.194412534235691,-2.5871287237799745,9.71539107377961,windowmlp
34900,2026Q2,4,0.027244366705417633,0.06630193442106247,0.1123218834400177,-0.021436523646116257,0.1610027737915516,6.854930027842632,-2.120839438037081,17.468822714963284,windowmlp
34900,2026Q2,8,0.07304799556732178,0.14082622528076172,0.22627881169319153,-0.02937840297818184,0.32870521023869514,15.122457687397063,-2.895105287739008,38.91682826351699,windowmlp
34940,2026Q2,1,-0.008847367949783802,0.010053819045424461,0.03011023998260498,-0.036183430813252926,0.057446302846074104,1.010452848281762,-3.5536635042839326,5.912839694720962,windowmlp
34940,2026Q2,2,-0.008400393649935722,0.018152646720409393,0.045567579567432404,-0.04078609310090542,0.0779532790184021,1.8318407491703992,-3.9965534018739146,8.107214873818824,windowmlp
34940,2026Q2,4,-0.003240685909986496,0.036627206951379776,0.07961848378181458,-0.051921576261520386,0.12829937413334846,3.7306248190943414,-5.059668031892917,13.689330820403889,windowmlp
34940,2026Q2,8,0.013009659945964813,0.08419262617826462,0.16207361221313477,-0.0894167385995388,0.2645000107586384,8.783841978545691,-8.553559845860747,30.2779437208333,windowmlp
34980,2026Q2,1,-0.004549672827124596,0.013770544901490211,0.03336343914270401,-0.03188573569059372,0.060699502006173134,1.3865795570616735,-3.1382745862232997,6.257956318041269,windowmlp
34980,2026Q2,2,0.0010897684842348099,0.026848239824175835,0.05519326776266098,-0.031295930966734886,0.08757896721363068,2.7211901075238965,-3.0811282320749367,9.152845600052228,windowmlp
34980,2026Q2,4,0.01600492186844349,0.05537953972816467,0.10035143792629242,-0.0326759684830904,0.1490323282778263,5.694168992036319,-3.214787662430474,16.071051237447254,windowmlp
34980,2026Q2,8,0.047641072422266006,0.11700236052274704,0.19906474649906158,-0.05478532612323761,0.3014911450445652,12.412208320315287,-5.331164459962212,35.18731443086591,windowmlp
35004,2026Q2,1,0.002298765815794468,0.019931156188249588,0.03919219225645065,-0.025037297047674656,0.06652825511991978,2.013110789530703,-2.472646347360019,6.8791162471006695,windowmlp
35004,2026Q2,2,0.015175383538007736,0.03997784107923508,0.07023988664150238,-0.01721031591296196,0.10262558609247208,4.0787711204437915,-1.7063064384630677,10.807645216374095,windowmlp
35004,2026Q2,4,0.04543394595384598,0.08402949571609497,0.1326865255832672,-0.003246944397687912,0.1813674159348011,8.766097467501632,-0.3241678774330903,19.88555770261975,windowmlp
35004,2026Q2,8,0.10019733011722565,0.16718028485774994,0.2568885087966919,-0.0022290684282779694,0.3593149073421955,18.196733691419297,-0.22265859001665556,43.23477873933863,windowmlp
35084,2026Q2,1,0.001660401001572609,0.019409071654081345,0.03877224400639534,-0.025675661861896515,0.06610830686986446,1.9598652226580304,-2.534884510915625,6.834241972361288,windowmlp
35084,2026Q2,2,0.013626253232359886,0.03859858214855194,0.06876032799482346,-0.01875944621860981,0.10114602744579315,3.9353184977783506,-1.858458296058585,10.643820031146479,windowmlp
35084,2026Q2,4,0.04222070798277855,0.08088941872119904,0.12929145991802216,-0.006460182368755341,0.17797235026955605,8.425099207604148,-0.6439360252986415,19.479228509346335,windowmlp
35084,2026Q2,8,0.09345784783363342,0.16080151498317719,0.2496829628944397,-0.008968550711870193,0.3521093614399433,17.445183458566603,-0.8928453222592836,42.20640341854682,windowmlp
35300,2026Q2,1,0.0023132795467972755,0.02006109617650509,0.03951659053564072,-0.02502278331667185,0.06685265339910984,2.0263672332010207,-2.4712308513116454,6.913793272772195,windowmlp
35300,2026Q2,2,0.014686849899590015,0.039648283272981644,0.07012530416250229,-0.01769884955137968,0.10251100361347198,4.044476800246644,-1.7543144864841875,10.794949329070057,windowmlp
35300,2026Q2,4,0.044701483100652695,0.08329778909683228,0.13224896788597107,-0.003979407250881195,0.18092985823750496,8.686541703322392,-0.3971499902177933,19.833112328827585,windowmlp
35300,2026Q2,8,0.09781458228826523,0.16527539491653442,0.25518906116485596,-0.004611816257238388,0.3576154597103596,17.9717962308964,-0.46011981618160336,42.991565456468116,windowmlp
35380,2026Q2,1,0.001134779304265976,0.018703320994973183,0.037752579897642136,-0.026201283559203148,0.06508864276111126,1.8879323668904657,-2.586100828964011,6.725362449940464,windowmlp
35380,2026Q2,2,0.013775404542684555,0.038360610604286194,0.06797337532043457,-0.01861029490828514,0.10035907477140427,3.910587792250486,-1.8438192648279506,10.556782832638234,windowmlp
35380,2026Q2,4,0.04292336106300354,0.0815989300608635,0.1291835606098175,-0.00575752928853035,0.1778644509613514,8.502055342392989,-0.5740986480570198,19.466337478724505,windowmlp
35380,2026Q2,8,0.10340326279401779,0.16964077949523926,0.2590237259864807,0.0009768642485141754,0.36145012453198433,18.487914197971868,0.09773415357965387,43.54094284819179,windowmlp
35614,2026Q2,1,0.0032575936056673527,0.02080914005637169,0.04006784036755562,-0.02407846925780177,0.06740390323102474,2.1027159853430177,-2.379089565151371,6.972745730616592,windowmlp
35614,2026Q2,2,0.017174571752548218,0.041812870651483536,0.07239086180925369,-0.015211127698421478,0.10477656126022339,4.269934084496718,-1.509602285934275,11.04624623006476,windowmlp
35614,2026Q2,4,0.04983338341116905,0.08827637135982513,0.1374790370464325,0.0011524930596351624,0.18615992739796638,9.228995797787999,0.11531574349661344,20.461489589922287,windowmlp
35614,2026Q2,8,0.10990869998931885,0.17641857266426086,0.26766684651374817,0.007482301443815231,0.3700932450592518,19.293728509982856,0.7510363807956777,44.786961505721166,windowmlp
35660,2026Q2,1,0.003403167240321636,0.020951982587575912,0.040249474346637726,-0.023932895623147488,0.06758553721010685,2.1173016374381293,-2.3648774999752153,6.992177380747533,windowmlp
35660,2026Q2,2,0.017367422580718994,0.042035818099975586,0.07267098128795624,-0.015018276870250702,0.10505668073892593,4.293183391845878,-1.4906064995505508,11.077356803806016,windowmlp
35660,2026Q2,4,0.05020315945148468,0.08864881098270416,0.13800562918186188,0.0015222690999507904,0.18668651953339577,9.269684580377469,0.15234283397074222,20.524940367836543,windowmlp
35660,2026Q2,8,0.10972070693969727,0.17639100551605225,0.267706036567688,0.007294308394193649,0.3701324351131916,19.290439967416752,0.7320976664430212,44.79263582574009,windowmlp
35840,2026Q2,1,-0.009223812259733677,0.009635879658162594,0.029559358954429626,-0.0365598751232028,0.05689542181789875,0.968245422198577,-3.58996334601015,5.854510388422174,windowmlp
35840,2026Q2,2,-0.00872664526104927,0.01773567870259285,0.04490937292575836,-0.04111234471201897,0.07729507237672806,1.789388979512796,-4.027869572245713,8.03608139980665,windowmlp
35840,2026Q2,4,-0.004074577242136002,0.035816457122564316,0.07848373055458069,-0.05275546759366989,0.12716462090611458,3.6465593154304754,-5.13880495141108,13.560394654554075,windowmlp
35840,2026Q2,8,0.01333799958229065,0.08431030064821243,0.16184628009796143,-0.08908839896321297,0.26427267864346504,8.796643812699156,-8.523529425138332,30.24833072644666,windowmlp
35980,2026Q2,1,0.004424808081239462,0.021976444870233536,0.041407469660043716,-0.022911254782229662,0.06874353252351284,2.221970566903275,-2.2650785006348095,7.116145584171862,windowmlp
35980,2026Q2,2,0.018995173275470734,0.043651267886161804,0.07479165494441986,-0.013390526175498962,0.10717735439538956,4.4617999517801765,-1.3301271911211887,11.313165576561257,windowmlp
35980,2026Q2,4,0.05393955856561661,0.09226474165916443,0.14243696630001068,0.005258668214082718,0.19111785665154457,9.665511394734395,0.527251927851613,21.060212118623856,windowmlp
35980,2026Q2,8,0.11569808423519135,0.1824897825717926,0.2752813696861267,0.013271685689687729,0.3777077682316303,20.020188791430527,1.3360145413570779,45.89365329706019,windowmlp
36084,2026Q2,1,-0.00475651491433382,0.013496892526745796,0.032897576689720154,-0.032092577777802944,0.06023363955318928,1.358838674650964,-3.1583075957723916,6.2084662545381475,windowmlp
36084,2026Q2,2,0.001180766150355339,0.02680389955639839,0.054906003177165985,-0.031204933300614357,0.08729170262813568,2.7166355234246042,-3.0723084396568456,9.12149435637193,windowmlp
36084,2026Q2,4,0.016257932409644127,0.05565473437309265,0.10024094581604004,-0.03242295794188976,0.14892183616757393,5.723259463930508,-3.1902968853949942,16.058227010557815,windowmlp
36084,2026Q2,8,0.05100260674953461,0.11956647783517838,0.20157931745052338,-0.05142379179596901,0.304005715996027,12.70081626398467,-5.012396444930189,35.527680282435206,windowmlp
36100,2026Q2,1,-0.0029740948230028152,0.015230168588459492,0.03485726937651634,-0.03031015768647194,0.062193332239985466,1.5346738648107872,-2.98554109204916,6.416806283673071,windowmlp
36100,2026Q2,2,0.004167841747403145,0.02973911166191101,0.05861624330282211,-0.02821785770356655,0.09100194275379181,3.0185735447399775,-2.7823452421256833,9.52711330985454,windowmlp
36100,2026Q2,4,0.022677775472402573,0.06184067577123642,0.10777544975280762,-0.026003114879131317,0.1564563401043415,6.379284325123091,-2.5667945322561447,16.935970708171943,windowmlp
36100,2026Q2,8,0.06046094745397568,0.12949620187282562,0.21369796991348267,-0.04196545109152794,0.3161243684589863,13.82547882181322,-4.109709095095681,37.18008537755284,windowmlp
36220,2026Q2,1,0.00043899379670619965,0.01828392967581749,0.037592992186546326,-0.026897069066762924,0.06492905505001545,1.8452104117638202,-2.653856433824675,6.708331752612362,windowmlp
36220,2026Q2,2,0.011452206410467625,0.03644193708896637,0.06619035452604294,-0.02093349304050207,0.09857605397701263,3.7114084406689063,-2.0715908388847404,10.359833424509524,windowmlp
36220,2026Q2,4,0.03809063136577606,0.0768451988697052,0.12439659237861633,-0.010590258985757828,0.17307748273015022,7.987489759847577,-1.0534379625991352,18.895822524445194,windowmlp
36220,2026Q2,8,0.09033308923244476,0.15723294019699097,0.2453576922416687,-0.012093309313058853,0.3477840907871723,17.02681846548042,-1.2020479129596917,41.592650515752474,windowmlp
36260,2026Q2,1,-0.0020233020186424255,0.015947910025715828,0.035292547196149826,-0.02935936488211155,0.06262861005961895,1.6075756667542906,-2.893256577826675,6.4631372417722766,windowmlp
36260,2026Q2,2,0.006753602996468544,0.03199693560600281,0.060882724821567535,-0.025632096454501152,0.09326842427253723,3.251434126952102,-2.5306383109594655,9.775636017647816,windowmlp
36260,2026Q2,4,0.027807001024484634,0.06687304377555847,0.11300401389598846,-0.020873889327049255,0.16168490424752235,6.915973307490386,-2.065753768092393,17.54897911201594,windowmlp
36260,2026Q2,8,0.07075605541467667,0.13896219432353973,0.2239852249622345,-0.03167034313082695,0.3264116235077381,14.90806574108612,-3.1174090441824065,38.59857557908728,windowmlp
36420,2026Q2,1,-0.002387098968029022,0.015766261145472527,0.035307176411151886,-0.029723161831498146,0.06264323927462101,1.5891204406465187,-2.9285772896753715,6.464694725289144,windowmlp
36420,2026Q2,2,0.005369504913687706,0.03087480366230011,0.05989295244216919,-0.02701619453728199,0.09227865189313889,3.1356373762523537,-2.665452148294023,9.66703687826671,windowmlp
36420,2026Q2,4,0.025099674239754677,0.06421899795532227,0.11040973663330078,-0.023581216111779213,0.15909062698483467,6.632589638383624,-2.330535189412486,17.244419694853065,windowmlp
36420,2026Q2,8,0.06410568952560425,0.13272228837013245,0.21730726957321167,-0.03832070901989937,0.3197336681187153,14.193282626536563,-3.7595760328239414,37.676104014505164,windowmlp
36500,2026Q2,1,0.00020596943795681,0.01799425110220909,0.0373205803334713,-0.027130093425512314,0.06465664319694042,1.8157123091733007,-2.6765378137462714,6.679267097179142,windowmlp
36500,2026Q2,2,0.011247938498854637,0.036197930574417114,0.06578084826469421,-0.02113776095211506,0.09816654771566391,3.686105268571249,-2.0915924276007414,10.314649633874806,windowmlp
36500,2026Q2,4,0.03746609017252922,0.07625672221183777,0.12365193665027618,-0.01121480017900467,0.17233282700181007,7.923960337406677,-1.1152148734008382,18.80731902553505,windowmlp
36500,2026Q2,8,0.08978673070669174,0.15713202953338623,0.245073139667511,-0.012639667838811874,0.3474995382130146,17.015009807389305,-1.256012273122853,41.55236569441303,windowmlp
36540,2026Q2,1,-0.0010776650160551071,0.016952497884631157,0.036456141620874405,-0.02841372787952423,0.06379220448434353,1.7097006918343816,-2.801385416507274,6.587089255656231,windowmlp
36540,2026Q2,2,0.00811679009348154,0.033425040543079376,0.06283076852560043,-0.024268909357488155,0.09521646797657013,3.3989933497376112,-2.3976787309485825,9.98969218193675,windowmlp
36540,2026Q2,4,0.03083348274230957,0.06978057324886322,0.11666959524154663,-0.01784740760922432,0.16535048559308052,7.227287008616301,-1.7689085906529733,17.98065514549552,windowmlp
36540,2026Q2,8,0.07475008070468903,0.14294463396072388,0.22912666201591492,-0.02767631784081459,0.33155306056141853,15.366592598478546,-2.729683748849099,39.31300645805986,windowmlp
36740,2026Q2,1,-0.00401935912668705,0.014350146055221558,0.03409106656908989,-0.031355421990156174,0.06142712943255901,1.4453603686133576,-3.0868938634418974,6.335300656848641,windowmlp
36740,2026Q2,2,0.001763898879289627,0.027564652264118195,0.05623089522123337,-0.03062180057168007,0.08861659467220306,2.794807212919004,-3.0157702473348924,9.266164370995057,windowmlp
36740,2026Q2,4,0.017838096246123314,0.057138048112392426,0.1025739312171936,-0.030842794105410576,0.1512548215687275,5.880196591981357,-3.037200766893733,16.329305247689607,windowmlp
36740,2026Q2,8,0.051462069153785706,0.12078871577978134,0.20385149121284485,-0.05096432939171791,0.30627788975834846,12.838647692252557,-4.968743184478686,35.835972836130004,windowmlp
36780,2026Q2,1,0.0003827577456831932,0.018292564898729324,0.037757158279418945,-0.02695330511778593,0.06509322114288807,1.8460898716553764,-2.6593306425957697,6.725851080513601,windowmlp
36780,2026Q2,2,0.010768814943730831,0.03600498288869858,0.06586071848869324,-0.021616884507238865,0.09824641793966293,3.6661012044495234,-2.1384914158111834,10.323460841523314,windowmlp
36780,2026Q2,4,0.03621576726436615,0.07506388425827026,0.12286791205406189,-0.01246512308716774,0.17154880240559578,7.79530129136885,-1.2387755240604315,18.714207670774496,windowmlp
36780,2026Q2,8,0.08108766376972198,0.14921018481254578,0.23645833134651184,-0.02133873477578163,0.33888472989201546,16.091697068345145,-2.1112674774884432,40.338156794398316,windowmlp
36980,2026Q2,1,0.0002858210355043411,0.018101802095770836,0.037436701357364655,-0.027050241827964783,0.06477276422083378,1.8266632790756354,-2.6687660695228765,6.691655522167039,windowmlp
36980,2026Q2,2,0.0111347995698452,0.03618317469954491,0.06587175279855728,-0.021250899881124496,0.09825745224952698,3.6845753006639725,-2.1026690533638925,10.32467819149181,windowmlp
36980,2026Q2,4,0.036865197122097015,0.07566006481647491,0.12316952645778656,-0.011815693229436874,0.17185041680932045,7.859585914981904,-1.1746162048659081,18.75001898606754,windowmlp
36980,2026Q2,8,0.08533260226249695,0.15295100212097168,0.2404157817363739,-0.017093796283006668,0.3428421802818775,16.52678818892197,-1.6948526263783181,40.89463848578614,windowmlp
37100,2026Q2,1,-0.002519833855330944,0.015599921345710754,0.03509168699383736,-0.029855896718800068,0.06242774985730648,1.5722235320476008,-2.9414611989380224,6.441755181961395,windowmlp
37100,2026Q2,2,0.0053099170327186584,0.030756594613194466,0.059659093618392944,-0.027075782418251038,0.09204479306936264,3.1234465311775095,-2.6712519349453734,9.641393272623922,windowmlp
37100,2026Q2,4,0.02505582943558693,0.06418691575527191,0.11018174886703491,-0.02362506091594696,0.1588626392185688,6.6291686851871034,-2.334817394093369,17.21769244835807,windowmlp
37100,2026Q2,8,0.065569207072258,0.13391564786434174,0.21849599480628967,-0.03685719147324562,0.3209223933517933,14.329637608608081,-3.6186233654582955,37.83986038472052,windowmlp
37140,2026Q2,1,-0.0015131672844290733,0.016494395211338997,0.03592874854803085,-0.028849230147898197,0.06326481141149998,1.663117876718423,-2.843706417526326,6.530890783773224,windowmlp
37140,2026Q2,2,0.007378683425486088,0.03269614279270172,0.06189684569835663,-0.025007016025483608,0.09428254514932632,3.323653516946612,-2.469693074685997,9.887018249873769,windowmlp
37140,2026Q2,4,0.029081858694553375,0.06809881329536438,0.11465604603290558,-0.019599031656980515,0.16333693638443947,7.0471080027880495,-1.940821924882552,17.74333429947561,windowmlp
37140,2026Q2,8,0.07113593071699142,0.13942047953605652,0.22487428784370422,-0.03129046782851219,0.32730068638920784,14.960738477060275,-3.08059874943577,38.72185322072663,windowmlp
37340,2026Q2,1,-0.0055259233340620995,0.012920385226607323,0.03261299431324005,-0.03286198619753122,0.059949057176709175,1.3004214048306872,-3.232789752015486,6.178245497160573,windowmlp
37340,2026Q2,2,-0.0009722113609313965,0.024918992072343826,0.05304034799337387,-0.03335791081190109,0.08542604744434357,2.523206523543453,-3.2807670958851842,8.918101064632754,windowmlp
37340,2026Q2,4,0.011914998292922974,0.051363326609134674,0.09586117416620255,-0.036765892058610916,0.14454206451773643,5.2705299656734095,-3.609823400480161,15.551029992497934,windowmlp
37340,2026Q2,8,0.0417124405503273,0.11137113720178604,0.19271248579025269,-0.060713957995176315,0.2951388843357563,11.78096906395638,-5.890760676553775,34.33129108527267,windowmlp
37460,2026Q2,1,-0.0028695333749055862,0.015277067199349403,0.03482871130108833,-0.03020559623837471,0.06216477416455746,1.53943581163567,-2.9753965893866696,6.41376726788685,windowmlp
37460,2026Q2,2,0.0046211834996938705,0.03009112924337387,0.058917224407196045,-0.027764515951275826,0.09130292385816574,3.0548442774382067,-2.738262428629179,9.56008386288525,windowmlp
37460,2026Q2,4,0.023534784093499184,0.0626981258392334,0.10855017602443695,-0.025146106258034706,0.15723106637597084,6.470538367002354,-2.4832576443855725,17.026599178373523,windowmlp
37460,2026Q2,8,0.06331826001405716,0.13206025958061218,0.21643856167793274,-0.03910813853144646,0.31886496022343636,14.11770840478348,-3.8353287539812153,37.55655562978748,windowmlp
37620,2026Q2,1,0.0005129119381308556,0.01824420690536499,0.037440236657857895,-0.02682315092533827,0.06477629952132702,1.84116491819859,-2.646660521866462,6.692032709896156,windowmlp
37620,2026Q2,2,0.0118403360247612,0.03677009791135788,0.0664086788892746,-0.020545363426208496,0.0987943783402443,3.7454480466812434,-2.0335745460613674,10.383930295239562,windowmlp
37620,2026Q2,4,0.03826851025223732,0.07706606388092041,0.12458586692810059,-0.01041238009929657,0.17326675727963448,8.011343052066344,-1.0358358928528766,18.91832860753624,windowmlp
37620,2026Q2,8,0.08839195221662521,0.15581342577934265,0.24347898364067078,-0.014034446328878403,0.3459053821861744,16.860815059406352,-1.3936422592433884,41.32688890786787,windowmlp
37860,2026Q2,1,-8.426420390605927e-05,0.017802970483899117,0.03727112337946892,-0.027420327067375183,0.06460718624293804,1.7962387992810136,-2.704780257963313,6.673991196039375,windowmlp
37860,2026Q2,2,0.010337953455746174,0.03542947769165039,0.06506546586751938,-0.022047745995223522,0.09745116531848907,3.6064579885851655,-2.180647088736054,10.235760696619177,windowmlp
37860,2026Q2,4,0.03569968417286873,0.0745140016078949,0.12192527949810028,-0.012981206178665161,0.17060616984963417,7.7360428194926945,-1.289731372251246,18.602356519319407,windowmlp
37860,2026Q2,8,0.08595488220453262,0.1537676751613617,0.24159684777259827,-0.016471516340970993,0.3440232463181019,16.62199134495319,-1.6336602675547485,41.06114266484824,windowmlp
37900,2026Q2,1,0.0026885359548032284,0.02033117040991783,0.039624202996492386,-0.024647526908665895,0.06696026585996151,2.053925647360688,-2.4346256879921757,6.925299148241959,windowmlp
37900,2026Q2,2,0.015874553471803665,0.0406603179872036,0.07110844552516937,-0.01651114597916603,0.10349414497613907,4.149826722489047,-1.6375584127673593,10.903929989449445,windowmlp
37900,2026Q2,4,0.046967826783657074,0.08549568057060242,0.13441944122314453,-0.0017130635678768158,0.18310033157467842,8.925685636581736,-0.171159711197999,20.093489372544624,windowmlp
37900,2026Q2,8,0.1031109169125557,0.16996516287326813,0.26029136776924133,0.0006845183670520782,0.36271776631474495,18.526355942429397,0.0684752703215663,43.723016722727024,windowmlp
37964,2026Q2,1,0.002485356293618679,0.02009982243180275,0.039377398788928986,-0.024850706569850445,0.06671346165239811,2.0303184088522164,-2.454446973978952,6.898912790783163,windowmlp
37964,2026Q2,2,0.015715761110186577,0.040421970188617706,0.07074396312236786,-0.01666993834078312,0.10312966257333755,4.125005798690418,-1.6531763771218788,10.86351482432244,windowmlp
37964,2026Q2,4,0.046844687312841415,0.08536946028470993,0.13410726189613342,-0.0018362030386924744,0.1827881522476673,8.911937873041232,-0.18345182492557344,20.056004519156456,windowmlp
37964,2026Q2,8,0.1055145263671875,0.17221441864967346,0.26270925998687744,0.0030881278216838837,0.36513565853238106,18.793252079505862,0.30929010005362745,44.07094394210971,windowmlp
38060,2026Q2,1,-0.0034874482080340385,0.014685453847050667,0.03420617803931236,-0.030823511071503162,0.061542240902781487,1.4793814918449666,-3.0353310119211385,6.347541774176801,windowmlp
38060,2026Q2,2,0.0035047773271799088,0.0290110744535923,0.05758596956729889,-0.028880922123789787,0.08997166901826859,2.943599485315551,-2.846785443649791,9.414328511268,windowmlp
38060,2026Q2,4,0.021306663751602173,0.060526467859745026,0.10598501563072205,-0.027374226599931717,0.15466590598225594,6.239571653901788,-2.700294799463121,16.726791872458957,windowmlp
38060,2026Q2,8,0.05999310314655304,0.1287349909543991,0.21244174242019653,-0.04243329539895058,0.31486814096570015,13.738866593807963,-4.154560329317247,37.007864179920546,windowmlp
38240,2026Q2,1,-0.006317655555903912,0.01233932189643383,0.03217552974820137,-0.033653718419373035,0.059511592611670494,1.2415765425727088,-3.3093731496143253,6.131806435640108,windowmlp
38240,2026Q2,2,-0.003300020471215248,0.022987887263298035,0.051056697964668274,-0.035685719922184944,0.08344239741563797,2.325414506411372,-3.50564916456767,8.702259817852575,windowmlp
38240,2026Q2,4,0.0068423934280872345,0.04647070914506912,0.09079039096832275,-0.041838496923446655,0.13947128131985664,4.756739447456515,-4.097534650204859,14.966578835990951,windowmlp
38240,2026Q2,8,0.02687980979681015,0.09745753556489944,0.17712128162384033,-0.07554658874869347,0.27954768016934395,10.236462927814749,-7.276346926201549,32.253146981608,windowmlp
38300,2026Q2,1,0.001829017885029316,0.01949755847454071,0.03876025602221489,-0.025507044978439808,0.06609631888568401,1.9688877261264892,-2.5184488612710387,6.832961252835235,windowmlp
38300,2026Q2,2,0.014450669288635254,0.03922982141375542,0.06934001296758652,-0.017935030162334442,0.10172571241855621,4.000947263403254,-1.7775154725930609,10.707977184619931,windowmlp
38300,2026Q2,4,0.04412873834371567,0.08272069692611694,0.13105875253677368,-0.004552152007818222,0.17973964288830757,8.623837645793841,-0.45418066676737867,19.69056996407421,windowmlp
38300,2026Q2,8,0.10032247006893158,0.16721104085445404,0.25684306025505066,-0.0021039284765720367,0.3592694588005543,18.200369005674723,-0.21017167704171502,43.22826907546109,windowmlp
38340,2026Q2,1,0.002100338228046894,0.01986941322684288,0.03935994580388069,-0.02523572463542223,0.06669600866734982,2.0068123924110948,-2.4919965450147075,6.8970471019375035,windowmlp
38340,2026Q2,2,0.014401689171791077,0.03932174667716026,0.06974191218614578,-0.01798401027917862,0.10212761163711548,4.010508017305492,-1.7823263035434467,10.752479576277917,windowmlp
38340,2026Q2,4,0.044329360127449036,0.08287176489830017,0.13167987763881683,-0.004351530224084854,0.18036076799035072,8.64024846822138,-0.4342076034807518,19.76493587443273,windowmlp
38340,2026Q2,8,0.09944230318069458,0.16679595410823822,0.2569507658481598,-0.0029840953648090363,0.3593771643936634,18.15131578047877,-0.2979647377741812,43.24369639192109,windowmlp
38540,2026Q2,1,-0.0016083745285868645,0.016391020268201828,0.03583569452166557,-0.02894443739205599,0.0631717573851347,1.6526090008753602,-2.8529559601721766,6.520978116667453,windowmlp
38540,2026Q2,2,0.007287909276783466,0.032586436718702316,0.061691634356975555,-0.02509779017418623,0.09407733380794525,3.31231890631718,-2.4785459034597723,9.86447050106436,windowmlp
38540,2026Q2,4,0.029120013117790222,0.06815798580646515,0.11466075479984283,-0.019560877233743668,0.16334164515137672,7.053442436384971,-1.937080462123797,17.743888726700586,windowmlp
38540,2026Q2,8,0.07196150720119476,0.14030441641807556,0.2257891595363617,-0.030464891344308853,0.3282155580818653,15.062401438985606,-3.000551332814383,38.848823989516234,windowmlp
38860,2026Q2,1,-0.0021327482536435127,0.016056600958108902,0.03567439690232277,-0.029468811117112637,0.06301045976579189,1.6186200890951241,-2.903883963713161,6.503797922086663,windowmlp
38860,2026Q2,2,0.00556931272149086,0.03115779533982277,0.060348570346832275,-0.026816386729478836,0.09273426979780197,3.164828033447553,-2.646002002583492,9.71701452831133,windowmlp
38860,2026Q2,4,0.02543729916214943,0.06453830003738403,0.11101196706295013,-0.02324359118938446,0.15969285741448402,6.666643082649304,-2.297553976609057,17.315049117559013,windowmlp
38860,2026Q2,8,0.06219615414738655,0.13119560480117798,0.21578562259674072,-0.040230244398117065,0.31821202114224434,14.01907862929146,-3.9431751768849277,37.46676889456673,windowmlp
38900,2026Q2,1,-0.0017444556578993797,0.016210054978728294,0.03555132821202278,-0.029080518521368504,0.0628873910754919,1.6342150714433457,-2.866174940187227,6.490691445679397,windowmlp
38900,2026Q2,2,0.007387311197817326,0.03254765272140503,0.06153000146150589,-0.02499838825315237,0.09391570091247559,3.308312119320056,-2.468851601772437,9.846714223625952,windowmlp
38900,2026Q2,4,0.02948945388197899,0.06848563253879547,0.11472998559474945,-0.0191914364695549,0.16341087594628334,7.088523893832566,-1.9008453292356786,17.75204051188655,windowmlp
38900,2026Q2,8,0.0763406977057457,0.14407022297382355,0.22990530729293823,-0.02608570083975792,0.33233170583844185,15.496521076902292,-2.574840814867063,39.421524115464294,windowmlp
38940,2026Q2,1,-0.005800421349704266,0.012715067714452744,0.03250134736299515,-0.03313648421317339,0.05983741022646427,1.2796247893553714,-3.2593485138773026,6.166391681601935,windowmlp
38940,2026Q2,2,-0.0017704647034406662,0.02424546144902706,0.05235563963651657,-0.03415616415441036,0.08474133908748627,2.4541772536223583,-3.35794273987986,8.84354945658794,windowmlp
38940,2026Q2,4,0.01034734956920147,0.04985867440700531,0.09431404620409012,-0.03833354078233242,0.142994936555624,5.112253536291433,-3.76081095915759,15.372395983412467,windowmlp
38940,2026Q2,8,0.037859052419662476,0.10785428434610367,0.18886017799377441,-0.06456734612584114,0.29128657653927803,11.388542301751926,-6.252702303703184,33.814801083282276,windowmlp
39150,2026Q2,1,0.0017781034111976624,0.019229494035243988,0.03826699033379555,-0.02555795945227146,0.06560305319726467,1.9415571567529932,-2.523411956807786,6.780277213339714,windowmlp
39150,2026Q2,2,0.014791665598750114,0.039364010095596313,0.06905978918075562,-0.01759403385221958,0.10144548863172531,4.01490394982047,-1.7440162565689699,10.676958522307366,windowmlp
39150,2026Q2,4,0.04524853080511093,0.08396244794130325,0.13194602727890015,-0.0034323595464229584,0.18062691763043404,8.75880518716199,-0.3426475734106482,19.79681551119907,windowmlp
39150,2026Q2,8,0.1040940061211586,0.170728862285614,0.260387122631073,0.0016676075756549835,0.3628135211765766,18.616909024076577,0.16689988064029215,43.73677955925408,windowmlp
39300,2026Q2,1,0.00015123188495635986,0.01808181032538414,0.037567898631095886,-0.027184830978512764,0.06490396149456501,1.8246276041525622,-2.6818649161182706,6.7056540947686205,windowmlp
39300,2026Q2,2,0.010373841971158981,0.035605814307928085,0.06538183987140656,-0.022011857479810715,0.09776753932237625,3.6247292117068897,-2.177136434385718,10.270641943071169,windowmlp
39300,2026Q2,4,0.035494741052389145,0.07434341311454773,0.12199510633945465,-0.013186149299144745,0.17067599669098854,7.717665857762612,-1.3099592898701107,18.61063843639903,windowmlp
39300,2026Q2,8,0.08093422651290894,0.14899644255638123,0.23616501688957214,-0.02149217203259468,0.33859141543507576,16.066886018771108,-2.1262861038417236,40.2969996204424,windowmlp
39340,2026Q2,1,-0.0011337706819176674,0.016726592555642128,0.0360167995095253,-0.02846983354538679,0.06335286237299442,1.6867265235294582,-2.8068386565191283,6.540271344113213,windowmlp
39340,2026Q2,2,0.008635571226477623,0.033734750002622604,0.06283789873123169,-0.023750128224492073,0.09522359818220139,3.4310219556103583,-2.347031351821127,9.990476433855267,windowmlp
39340,2026Q2,4,0.03177803009748459,0.07075102627277374,0.1173333078622818,-0.0169028602540493,0.1660141982138157,7.331396562084347,-1.67608083986458,18.058986387159525,windowmlp
39340,2026Q2,8,0.07813795655965805,0.14599651098251343,0.23202112317085266,-0.024288441985845566,0.3344475217163563,15.719215058010416,-2.3995851421980796,39.716826682676576,windowmlp
39380,2026Q2,1,-0.005709917284548283,0.012634381651878357,0.03210611641407013,-0.033045980148017406,0.05944217927753925,1.2714532648806065,-3.2505926954393694,6.124439728774833,windowmlp
39380,2026Q2,2,-0.0008072387427091599,0.024976354092359543,0.05281943082809448,-0.033192938193678856,0.08520513027906418,2.5290876304425947,-3.264809754574549,8.894041844143196,windowmlp
39380,2026Q2,4,0.011966586112976074,0.05148446932435036,0.09560434520244598,-0.036714304238557816,0.14428523555397987,5.2832834959887,-3.6048507131309138,15.521356951815202,windowmlp
39380,2026Q2,8,0.04218120872974396,0.11141049116849899,0.19222545623779297,-0.06024518981575966,0.2946518547832966,11.785368175052735,-5.846634918202165,34.26588370565036,windowmlp
39460,2026Q2,1,-0.011566701345145702,0.00750346714630723,0.02751125395298004,-0.038902764208614826,0.054847316816449165,0.7531688698251937,-3.8155769715586874,5.637931100538718,windowmlp
39460,2026Q2,2,-0.01339198462665081,0.013324322178959846,0.03984707593917847,-0.045777684077620506,0.07223277539014816,1.3413486537825925,-4.474569317162736,7.490552649783,windowmlp
39460,2026Q2,4,-0.013671044260263443,0.02645612135529518,0.06785891950130463,-0.06235193461179733,0.11653980985283852,2.6809191277507916,-6.044783232864281,12.360224001668385,windowmlp
39460,2026Q2,8,-0.0013276711106300354,0.07007934153079987,0.1455077975988388,-0.10375406965613365,0.24793419614434242,7.259327907096336,-9.855303667543069,28.137560996400634,windowmlp
39540,2026Q2,1,0.0022723814472556114,0.019972655922174454,0.039332758635282516,-0.025063681416213512,0.06666882149875164,2.017344394331455,-2.475219511055615,6.894140913400992,windowmlp
39540,2026Q2,2,0.014853588305413723,0.03974434733390808,0.07011766731739044,-0.017532111145555973,0.10250336676836014,4.054472215297444,-1.7379317917283643,10.794103208433704,windowmlp
39540,2026Q2,4,0.04483041912317276,0.08341778814792633,0.13220639526844025,-0.0038504712283611298,0.18088728561997414,8.69958476775552,-0.38430676694660715,19.82801082816177,windowmlp
39540,2026Q2,8,0.0983378142118454,0.16560611128807068,0.2553267180919647,-0.004088584333658218,0.35775311663746834,18.010817887484176,-0.4080237452249169,43.01125059083779,windowmlp
39580,2026Q2,1,-0.005266253836452961,0.013145236298441887,0.032801058143377304,-0.032602316699922085,0.06013712100684643,1.3232014741263898,-3.2076589964412205,6.198215662460038,windowmlp
39580,2026Q2,2,-0.00046011246740818024,0.025417398661375046,0.05359362065792084,-0.032845811918377876,0.08597932010889053,2.5743175011693653,-3.231224599486471,8.978379146195948,windowmlp
39580,2026Q2,4,0.01285083219408989,0.0522984080016613,0.09692457318305969,-0.035830058157444,0.14560546353459358,5.36901251685038,-3.5195759837692853,15.67397220091513,windowmlp
39580,2026Q2,8,0.042178813368082047,0.11180751025676727,0.19314393401145935,-0.06024758517742157,0.29557033255696297,11.829757911210525,-5.846860449293112,34.38926058638363,windowmlp
39660,2026Q2,1,-0.0031324978917837143,0.015069733373820782,0.034626297652721405,-0.030468560755252838,0.06196236051619053,1.5183854342698755,-3.0009072629998523,6.392229848824993,windowmlp
39660,2026Q2,2,0.003905121237039566,0.029491642490029335,0.05826784670352936,-0.02848057821393013,0.09065354615449905,2.9930827778759994,-2.8078829592120935,9.48896108248607,windowmlp
39660,2026Q2,4,0.021915271878242493,0.06111821532249451,0.10686519742012024,-0.026765618473291397,0.15554608777165413,6.302457255234062,-2.6410593844092944,16.829577897557858,windowmlp
39660,2026Q2,8,0.05766123905777931,0.12667062878608704,0.21030452847480774,-0.044765159487724304,0.31273092702031136,13.50431056813639,-4.377798486480621,36.715361743448646,windowmlp
39740,2026Q2,1,0.001421942375600338,0.019258864223957062,0.03874729201197624,-0.025914120487868786,0.06608335487544537,1.9445512434926426,-2.558123137599766,6.831576278209162,windowmlp
39740,2026Q2,2,0.012919222936034203,0.037992238998413086,0.06820227205753326,-0.019466476514935493,0.10058797150850296,3.8723171315034,-1.9278228150735988,10.582091815954108,windowmlp
39740,2026Q2,4,0.04101131483912468,0.07968875765800476,0.1281007081270218,-0.00766957551240921,0.17678159847855568,8.294995533550065,-0.7640239364648527,19.337043074592298,windowmlp
39740,2026Q2,8,0.09146072715520859,0.15913531184196472,0.2480819821357727,-0.010965671390295029,0.3505083806812763,17.249658862051277,-1.0905767577559122,41.97891585311224,windowmlp
39820,2026Q2,1,-0.001244974322617054,0.016615305095911026,0.035859644412994385,-0.028581037186086178,0.06319570727646351,1.67541069571282,-2.8176462889764387,6.5235293130678995,windowmlp
39820,2026Q2,2,0.00861450843513012,0.03365381062030792,0.06269791722297668,-0.023771191015839577,0.09508361667394638,3.422650651369774,-2.3490881742629366,9.975080878642029,windowmlp
39820,2026Q2,4,0.03190217539668083,0.07083843648433685,0.1172449141740799,-0.016778714954853058,0.16592580452561378,7.340778832212336,-1.6638736297840961,18.04855117913744,windowmlp
39820,2026Q2,8,0.08059792965650558,0.1480272114276886,0.23427057266235352,-0.02182846888899803,0.33669697120785713,15.954444879359864,-2.1591951922278807,40.03146637778945,windowmlp
39900,2026Q2,1,-1.2450851500034332e-05,0.01773933880031109,0.036973319947719574,-0.027348513714969158,0.0643093828111887,1.789761539304946,-2.6977929111711596,6.642228045205201,windowmlp
39900,2026Q2,2,0.010965307243168354,0.035891540348529816,0.06531825661659241,-0.021420392207801342,0.0977039560675621,3.654341725624688,-2.1192604936608683,10.263630799644009,windowmlp
39900,2026Q2,4,0.03668194264173508,0.07550244778394699,0.1226734071969986,-0.011998947709798813,0.17135429754853249,7.842586746834712,-1.1927247399340923,18.691119426240753,windowmlp
39900,2026Q2,8,0.08785505592823029,0.1551702320575714,0.24260416626930237,-0.01457134261727333,0.345030564814806,16.78567508420965,-1.446569437252443,41.20330775376144,windowmlp
40060,2026Q2,1,0.00038728583604097366,0.01828349381685257,0.03776282072067261,-0.02694877702742815,0.06509888358414173,1.8451660216254995,-2.6588898742515132,6.726455411086585,windowmlp
40060,2026Q2,2,0.01100118551403284,0.03613783046603203,0.0659879669547081,-0.021384513936936855,0.0983736664056778,3.6798739096611355,-2.1157486389771774,10.337500225906982,windowmlp
40060,2026Q2,4,0.03694382682442665,0.07572750747203827,0.12348209321498871,-0.011737063527107239,0.1721629835665226,7.866860497189787,-1.1668452888470848,18.78714209584249,windowmlp
40060,2026Q2,8,0.08540501445531845,0.1532399207353592,0.2410852611064911,-0.017021384090185165,0.3435116596519947,16.560459811049522,-1.6877338773523487,40.9889961213334,windowmlp
40140,2026Q2,1,-0.0024818917736411095,0.015630565583705902,0.035149283707141876,-0.029817954637110233,0.062485346570611,1.5753361831313706,-2.937778526066437,6.4478860537755756,windowmlp
40140,2026Q2,2,0.005396229214966297,0.030833952128887177,0.059751369059085846,-0.0269894702360034,0.09213706851005554,3.1314242133736903,-2.662850915754511,9.651510947305608,windowmlp
40140,2026Q2,4,0.0252041257917881,0.06432442367076874,0.11037638783454895,-0.02347676455974579,0.15905727818608284,6.643832048045306,-2.32033292941507,17.240509799491388,windowmlp
40140,2026Q2,8,0.06587918102741241,0.13438481092453003,0.2190602719783783,-0.0365472175180912,0.3214866705238819,14.3832894360024,-3.5887430181141933,37.91766222017494,windowmlp
40220,2026Q2,1,-0.00021574553102254868,0.01778866909444332,0.03732842952013016,-0.027551808394491673,0.06466449238359928,1.7947829820349481,-2.717571921626205,6.680104445945467,windowmlp
40220,2026Q2,2,0.009473046287894249,0.03480366989970207,0.06452969461679459,-0.022912653163075447,0.09691539406776428,3.541640543626201,-2.265215171181434,10.176715364044409,windowmlp
40220,2026Q2,4,0.03370474651455879,0.07260148227214813,0.1201276034116745,-0.014976143836975098,0.1688084937632084,7.530192463581975,-1.4864559125584376,18.389339424445804,windowmlp
40220,2026Q2,8,0.07734378427267075,0.14559175074100494,0.23239627480506897,-0.02508261427283287,0.3348226733505726,15.672385998486416,-2.477065916262522,39.769251511549356,windowmlp
40340,2026Q2,1,-0.0012743715196847916,0.01670209877192974,0.03607955574989319,-0.028610434383153915,0.06341561861336231,1.6842358613465613,-2.8205031357881327,6.546957620791138,windowmlp
40340,2026Q2,2,0.007984349504113197,0.03322630375623703,0.06243792176246643,-0.0244013499468565,0.09482362121343613,3.3784462078406685,-2.410604383941739,9.946491573550166,windowmlp
40340,2026Q2,4,0.030466418713331223,0.06944172829389572,0.11606460809707642,-0.018214471638202667,0.1647454984486103,7.190959738382285,-1.804959074014012,17.909299952499946,windowmlp
40340,2026Q2,8,0.0745498314499855,0.14252272248268127,0.2283170223236084,-0.027876567095518112,0.330743420869112,15.317928375597578,-2.749160107054971,39.20025876703879,windowmlp
40380,2026Q2,1,6.160885095596313e-05,0.01803257316350937,0.037526704370975494,-0.02727445401251316,0.06486276723444462,1.8196141719049708,-2.69058647181577,6.701258524834253,windowmlp
40380,2026Q2,2,0.010024070739746094,0.03535344451665878,0.0651540458202362,-0.022361628711223602,0.0975397452712059,3.598580760103798,-2.211346074712617,10.245525807579536,windowmlp
40380,2026Q2,4,0.034532323479652405,0.07341793179512024,0.12109199166297913,-0.014148566871881485,0.16977288201451302,7.61802128694562,-1.4048946282568697,18.50356778385722,windowmlp
40380,2026Q2,8,0.07669287174940109,0.145064115524292,0.23168349266052246,-0.025733526796102524,0.3341098912060261,15.611369272734631,-2.540524160240243,39.669661981751034,windowmlp
40420,2026Q2,1,0.004504281561821699,0.022007275372743607,0.04132872074842453,-0.022831781301647425,0.06866478361189365,2.22512217020594,-2.2573108575920986,7.107710636416087,windowmlp
40420,2026Q2,2,0.019265776500105858,0.04393083602190018,0.07499164342880249,-0.013119922950863838,0.10737734287977219,4.491008225109594,-1.3034231924336392,11.335429153992106,windowmlp
40420,2026Q2,4,0.053986355662345886,0.09234641492366791,0.1424819529056549,0.0053054653108119965,0.1911628432571888,9.674468500826517,0.531956421461488,21.065658329147997,windowmlp
40420,2026Q2,8,0.11332440376281738,0.1800771951675415,0.2721814811229706,0.010898005217313766,0.3746078796684742,19.730978608399717,1.0957604784872288,45.44209947462576,windowmlp
40484,2026Q2,1,-0.00010865647345781326,0.017862830311059952,0.03737825155258179,-0.027444719336926937,0.06471431441605091,1.8023324869228974,-2.707153480245106,6.685419597975839,windowmlp
40484,2026Q2,2,0.009862400591373444,0.0351254940032959,0.06486397981643677,-0.022523298859596252,0.09724967926740646,3.574968101796916,-2.2271543030081387,10.213551965958189,windowmlp
40484,2026Q2,4,0.03453030809760094,0.07339860498905182,0.12092307209968567,-0.014150582253932953,0.16960396245121956,7.615941394417636,-1.4050933348623729,18.483551903522933,windowmlp
40484,2026Q2,8,0.07963845133781433,0.14777277410030365,0.23483514785766602,-0.022787947207689285,0.33726154640316963,15.924945493337983,-2.253026301468375,40.110546991645556,windowmlp
40580,2026Q2,1,-0.004294141195714474,0.014131751842796803,0.033889178186655045,-0.0316302040591836,0.06122524105012417,1.4232077081259842,-3.11352018887604,6.313834961913445,windowmlp
40580,2026Q2,2,0.0011319220066070557,0.027026662603020668,0.055637843906879425,-0.03125377744436264,0.08802354335784912,2.7395195428548957,-3.0770426741358547,9.20138313979626,windowmlp
40580,2026Q2,4,0.016417765989899635,0.05576242133975029,0.10109199583530426,-0.032263124361634254,0.14977288618683815,5.734645094078306,-3.174822207289052,16.157040408498922,windowmlp
40580,2026Q2,8,0.04727369546890259,0.11687465012073517,0.1994020640850067,-0.05515270307660103,0.30182846263051033,12.397853028679195,-5.3659372205948515,35.232923181304486,windowmlp
40660,2026Q2,1,-0.0064165471121668816,0.01217768806964159,0.031918786466121674,-0.033752609975636005,0.0592548493295908,1.2252138015474978,-3.3189345634002665,6.104561304974565,windowmlp
40660,2026Q2,2,-0.0032005049288272858,0.02302412874996662,0.05095980316400528,-0.03558620437979698,0.08334550261497498,2.3291229987572937,-3.4960459990827197,8.69172764432058,windowmlp
40660,2026Q2,4,0.006907455623149872,0.04656549543142319,0.090653195977211,-0.04177343472838402,0.1393340863287449,4.7666694203645,-4.091294822311042,14.950807079157169,windowmlp
40660,2026Q2,8,0.027692805975675583,0.09799006581306458,0.1774793267250061,-0.07473359256982803,0.2799057252705097,10.295182812444214,-7.200932298814022,32.300508051192026,windowmlp
40900,2026Q2,1,-0.0016114460304379463,0.016328340396285057,0.03567052632570267,-0.02894750889390707,0.06300658918917179,1.6462376280436786,-2.8532543470395244,6.503385691774266,windowmlp
40900,2026Q2,2,0.00765530951321125,0.032799288630485535,0.06181269884109497,-0.024730389937758446,0.09419839829206467,3.3343114714038835,-2.4427099154958,9.877771991661422,windowmlp
40900,2026Q2,4,0.030104417353868484,0.06909189373254776,0.11540599167346954,-0.018576472997665405,0.16408688202500343,7.153467194477936,-1.8404993791142243,17.83166851853015,windowmlp
40900,2026Q2,8,0.07770130038261414,0.14532464742660522,0.23134082555770874,-0.02472509816288948,0.33376722410321236,15.641493646710147,-2.442193662913905,39.621809982449996,windowmlp
40980,2026Q2,1,0.002540613990277052,0.020189514383673668,0.03952058404684067,-0.024795448873192072,0.06685664691030979,2.0394701176714936,-2.449056682473294,6.914220235055613,windowmlp
40980,2026Q2,2,0.01561884954571724,0.04041890799999237,0.07082540541887283,-0.016766849905252457,0.10321110486984253,4.12468694877024,-1.6627068598453087,10.872544171248721,windowmlp
40980,2026Q2,4,0.0464198924601078,0.08495587110519409,0.13383857905864716,-0.0022609978914260864,0.18251946941018105,8.866902387753495,-0.2258443761017359,20.023751864266437,windowmlp
40980,2026Q2,8,0.10252754390239716,0.16957879066467285,0.2598309814929962,0.00010114535689353943,0.36225738003849983,18.480569498381506,0.01011504722576717,43.65686384735377,windowmlp
41060,2026Q2,1,-0.0007572798058390617,0.017214329913258553,0.03667513281106949,-0.028093342669308186,0.06401119567453861,1.7363350358076124,-2.7702394288507515,6.610433445184372,windowmlp
41060,2026Q2,2,0.008828782476484776,0.03405855968594551,0.06350420415401459,-0.02355691697448492,0.09588990360498428,3.4645193451724454,-2.3281618768429824,10.063788106027683,windowmlp
41060,2026Q2,4,0.03236920386552811,0.07128394395112991,0.11831171810626984,-0.016311686486005783,0.16699260845780373,7.388610604588197,-1.6179371332621817,18.17455303541262,windowmlp
41060,2026Q2,8,0.07826294004917145,0.14622262120246887,0.23279693722724915,-0.02416345849633217,0.33522333577275276,15.745383313523774,-2.387385939437614,39.825263018510014,windowmlp
41100,2026Q2,1,-0.002816840074956417,0.01521301455795765,0.034584540873765945,-0.03015290293842554,0.06192060373723507,1.5329321508570581,-2.9702839081558685,6.387787344753604,windowmlp
41100,2026Q2,2,0.005196139216423035,0.030529171228408813,0.059160441160202026,-0.02718956023454666,0.09154614061117172,3.099996514558767,-2.682325157407528,9.586733951484083,windowmlp
41100,2026Q2,4,0.024542033672332764,0.06370343267917633,0.10938593745231628,-0.024138856679201126,0.15806682780385017,6.577627747299286,-2.3849844622165883,17.124446378765157,windowmlp
41100,2026Q2,8,0.0654679611325264,0.1339043378829956,0.21807771921157837,-0.03695843741297722,0.320504117757082,14.328344549851657,-3.6283810945347272,37.782217391312265,windowmlp
41140,2026Q2,1,-0.002420731820166111,0.01574675552546978,0.035232461988925934,-0.029756794683635235,0.06256852485239506,1.5871389011924197,-2.9318420235806553,6.45674057428387,windowmlp
41140,2026Q2,2,0.0051706209778785706,0.030767232179641724,0.0597555935382843,-0.027215078473091125,0.092141292989254,3.12454351952689,-2.684808501363334,9.651974168811117,windowmlp
41140,2026Q2,4,0.02429528720676899,0.0634673535823822,0.10963515937328339,-0.0243856031447649,0.15831604972481728,6.552469966932106,-2.4090676509434417,17.153639995977453,windowmlp
41140,2026Q2,8,0.059064868837594986,0.1279202550649643,0.21171605587005615,-0.04336152970790863,0.31414245441555977,13.646237196541456,-4.243486076427027,36.90847548250389,windowmlp
41180,2026Q2,1,0.00019428227096796036,0.018067413941025734,0.03745104372501373,-0.027141780592501163,0.06478710658848286,1.8231617082282492,-2.6776752426540984,6.693185744089103,windowmlp
41180,2026Q2,2,0.010804442688822746,0.03590978682041168,0.06561902910470963,-0.02158125676214695,0.09800472855567932,3.6562330689115186,-2.1350047688187157,10.296800054178012,windowmlp
41180,2026Q2,4,0.03635699301958084,0.07516583055257797,0.12269286811351776,-0.012323897331953049,0.17137375846505165,7.806291183059133,-1.2248269106193366,18.693429286683404,windowmlp
41180,2026Q2,8,0.08420173078775406,0.1518860161304474,0.23930197954177856,-0.018224667757749557,0.3417283780872822,16.402754850586977,-1.8059602772860006,40.7377970895938,windowmlp
41304,2026Q2,1,-0.008976596407592297,0.009902608580887318,0.0298282653093338,-0.03631265927106142,0.057164328172802925,0.9951801655072812,-3.566126310318607,5.882979166507019,windowmlp
41304,2026Q2,2,-0.008486909791827202,0.018064534291625023,0.04535261541604996,-0.0408726092427969,0.07773831486701965,1.8228684936438366,-4.004858890397278,8.083978195731035,windowmlp
41304,2026Q2,4,-0.0038545802235603333,0.03605484962463379,0.07890342175960541,-0.05253547057509422,0.1275843121111393,3.671270823438655,-5.117933475574821,13.608064956133159,windowmlp
41304,2026Q2,8,0.010782063007354736,0.08193708956241608,0.1592254489660263,-0.09164433553814888,0.2616518475115299,8.53875254774965,-8.757038937152695,29.907418777856986,windowmlp
41420,2026Q2,1,-0.002543710172176361,0.015524357557296753,0.03492182120680809,-0.029879773035645485,0.062257884070277214,1.564548640015495,-2.9437785716977194,6.423675905013426,windowmlp
41420,2026Q2,2,0.005605761893093586,0.03096196800470352,0.059750959277153015,-0.02677993755787611,0.09213665872812271,3.1446275180668115,-2.642453465334038,9.651466014106713,windowmlp
41420,2026Q2,4,0.02552538923919201,0.06465450674295425,0.11052149534225464,-0.02315550111234188,0.15920238569378853,6.679039182077173,-2.2889469815217445,17.25752351204941,windowmlp
41420,2026Q2,8,0.06684315204620361,0.13507382571697235,0.2195834517478943,-0.0355832464993,0.3220098502933979,14.462128371909522,-3.49576055149714,37.98983682940891,windowmlp
41500,2026Q2,1,-0.0014548441395163536,0.01651041954755783,0.03589050471782684,-0.028790907002985477,0.06322656758129597,1.6647469737528953,-2.8380397916904165,6.526816712379158,windowmlp
41500,2026Q2,2,0.007959830574691296,0.033149030059576035,0.062316492199897766,-0.0244258688762784,0.09470219165086746,3.370458081787109,-2.4129971421111174,9.933141629727738,windowmlp
41500,2026Q2,4,0.03036261349916458,0.06928639113903046,0.11574466526508331,-0.01831827685236931,0.1644255556166172,7.174310292841457,-1.8151517022343078,17.871581751310607,windowmlp
41500,2026Q2,8,0.07659490406513214,0.1444663554430008,0.23052942752838135,-0.025831494480371475,0.33295582607388496,15.542282062085476,-2.5500715717217903,39.508567069730184,windowmlp
41540,2026Q2,1,-0.0002398928627371788,0.017696069553494453,0.03717322275042534,-0.027575955726206303,0.06450928561389446,1.7853572682749341,-2.7199210043248656,6.6635482563922155,windowmlp
41540,2026Q2,2,0.009730256162583828,0.0349530391395092,0.06457165628671646,-0.022655443288385868,0.09695735573768616,3.5571076348876574,-2.240073586229452,10.181338660007523,windowmlp
41540,2026Q2,4,0.03431336209177971,0.07319068908691406,0.12056414783000946,-0.014367528259754181,0.16924503818154335,7.593568654782978,-1.4264807860127515,18.441032912192746,windowmlp
41540,2026Q2,8,0.0801350474357605,0.14814090728759766,0.235118567943573,-0.02229135110974312,0.3375449664890766,15.967629169166099,-2.2044734811708766,40.150262762768186,windowmlp
41620,2026Q2,1,-0.002943377010524273,0.015132434666156769,0.034525323659181595,-0.030279439873993397,0.06186138652265072,1.5247509677939641,-2.982560974321602,6.381487542851461,windowmlp
41620,2026Q2,2,0.004765011370182037,0.030170101672410965,0.05881604552268982,-0.02762068808078766,0.09120174497365952,3.0629830901815147,-2.724272473985734,9.548999256587098,windowmlp
41620,2026Q2,4,0.02365204133093357,0.06283552199602127,0.10848604142665863,-0.02502884902060032,0.15716693177819252,6.485168014790799,-2.4718224301556346,17.019093965180332,windowmlp
41620,2026Q2,8,0.06267078965902328,0.13120226562023163,0.21508076786994934,-0.03975560888648033,0.31750716641545296,14.019838092272185,-3.8975723751903613,37.36990893284575,windowmlp
41660,2026Q2,1,-0.0009463811293244362,0.01700441911816597,0.03639531508088112,-0.02828244399279356,0.06373137794435024,1.7149817220543762,-2.7886239669318913,6.5806061289839235,windowmlp
41660,2026Q2,2,0.008610370568931103,0.03384207934141159,0.06315271556377411,-0.023775328882038593,0.0955384150147438,3.4421237345697797,-2.3494922398343054,10.02510873838618,windowmlp
41660,2026Q2,4,0.03177597373723984,0.0707397609949112,0.11759090423583984,-0.016904916614294052,0.16627179458737373,7.330187450889181,-1.676283029055159,18.08940187120982,windowmlp
41660,2026Q2,8,0.07683790475130081,0.14472432434558868,0.23087915778160095,-0.025588493794202805,0.33330555632710457,15.57209222267344,-2.526388294836901,39.55736596894608,windowmlp
41700,2026Q2,1,-0.005919638089835644,0.012494768016040325,0.03205224499106407,-0.03325570095330477,0.059388307854533195,1.25731537602769,-3.270880931543385,6.1187228081816425,windowmlp
41700,2026Q2,2,-0.0014614034444093704,0.02437940239906311,0.052256613969802856,-0.033847102895379066,0.08464231342077255,2.467900982523008,-3.3280698079424798,8.832771685182328,windowmlp
41700,2026Q2,4,0.0108102485537529,0.05033174902200699,0.09443888068199158,-0.03787064179778099,0.14311977103352547,5.16199123905976,-3.7162516238366528,15.38679933522804,windowmlp
41700,2026Q2,8,0.04073731228709221,0.11008568853139877,0.19090352952480316,-0.06168908625841141,0.2933299280703068,11.63737267856282,-5.982484527121912,34.08851130982049,windowmlp
41740,2026Q2,1,-0.0019269054755568504,0.016222447156906128,0.0358549989759922,-0.029262968339025974,0.06319106183946133,1.6354745485492872,-2.8838953722638005,6.523034465872635,windowmlp
41740,2026Q2,2,0.006167791783809662,0.03162446245551109,0.06085813045501709,-0.026217907667160034,0.09324382990598679,3.2129829014591493,-2.5877202346797024,9.77293618861772,windowmlp
41740,2026Q2,4,0.02711743488907814,0.06614354997873306,0.1126498430967331,-0.02156345546245575,0.16133073344826698,6.838007209530961,-2.133262629203203,17.5073540677549,windowmlp
41740,2026Q2,8,0.0692230761051178,0.1376827508211136,0.2232460379600525,-0.03320332244038582,0.3256724365055561,14.761141373753528,-3.2658142714397154,38.49616316912259,windowmlp
41780,2026Q2,1,0.0008549978956580162,0.018706385046243668,0.038131918758153915,-0.026481064967811108,0.06546798162162304,1.8882445572173667,-2.6133516145827262,6.765855207072535,windowmlp
41780,2026Q2,2,0.011745482683181763,0.036915965378284454,0.06688221544027328,-0.020640216767787933,0.09926791489124298,3.7605822361590935,-2.042866548182576,10.436213498904223,windowmlp
41780,2026Q2,4,0.038350559771060944,0.07715544104576111,0.12519831955432892,-0.010330330580472946,0.1738792099058628,8.020997231104122,-1.0277155976785135,18.991182757779136,windowmlp
41780,2026Q2,8,0.08435683697462082,0.15230631828308105,0.24003928899765015,-0.018069561570882797,0.34246568754315376,16.451689461964047,-1.790728592977875,40.84160266189889,windowmlp
41884,2026Q2,1,-0.0008836565539240837,0.017000321298837662,0.036288175731897354,-0.028219719417393208,0.06362423859536648,1.7145649132902951,-2.782526233409255,6.569187763917994,windowmlp
41884,2026Q2,2,0.009096799418330193,0.03415490314364433,0.06337130069732666,-0.023288900032639503,0.09575700014829636,3.474487954912764,-2.3019806611368265,10.049161220135595,windowmlp
41884,2026Q2,4,0.0330829992890358,0.0719916820526123,0.11867894232273102,-0.015597891062498093,0.1673598326742649,7.464640517437848,-1.5476873980456163,18.217957562165598,windowmlp
41884,2026Q2,8,0.08297677338123322,0.1501821130514145,0.23692044615745544,-0.0194496251642704,0.33934684470295906,16.204584717484515,-1.9261701525006059,40.4030241221156,windowmlp
41940,2026Q2,1,-0.0033138245344161987,0.014918351545929909,0.03444620966911316,-0.030649887397885323,0.06178227253258228,1.5030185586805134,-3.018494188287002,6.3730716118158615,windowmlp
41940,2026Q2,2,0.003602122887969017,0.029201209545135498,0.05790664255619049,-0.02878357656300068,0.09029234200716019,2.9631745369206097,-2.8373275491617833,9.449420357222138,windowmlp
41940,2026Q2,4,0.021425975486636162,0.06064433231949806,0.10623082518577576,-0.027254914864897728,0.15491171553730965,6.25209426158988,-2.688685110245037,16.75548795997375,windowmlp
41940,2026Q2,8,0.0582711361348629,0.12684865295886993,0.21040314435958862,-0.04415526241064072,0.31282954290509224,13.524518877863013,-4.319460997149449,36.72884471461675,windowmlp
42020,2026Q2,1,-0.0017929207533597946,0.01626317948102951,0.0357375293970108,-0.02912898361682892,0.06307359226047993,1.6396144819550207,-2.8708824262158816,6.510521984794426,windowmlp
42020,2026Q2,2,0.006797393783926964,0.032142575830221176,0.061269573867321014,-0.025588305667042732,0.09365527331829071,3.2664727840593377,-2.526369957401431,9.818110832829374,windowmlp
42020,2026Q2,4,0.028062496334314346,0.067083939909935,0.11350466310977936,-0.020618394017219543,0.16218555346131325,6.938523850791656,-2.040728830767502,17.60784465025347,windowmlp
42020,2026Q2,8,0.07059350609779358,0.13880516588687897,0.22417297959327698,-0.03183289244771004,0.3265993781387806,14.890023323786439,-3.133155963299994,38.62460054658576,windowmlp
42034,2026Q2,1,-0.0005971239879727364,0.017238739877939224,0.03651488944888115,-0.02793318685144186,0.06385095231235027,1.7388184464624423,-2.7546662699928226,6.593351199579556,windowmlp
42034,2026Q2,2,0.009803847409784794,0.03478456288576126,0.06408742070198059,-0.022581852041184902,0.09647312015295029,3.539662190957138,-2.2328790465940718,10.127997850855763,windowmlp
42034,2026Q2,4,0.034489262849092484,0.07335474342107773,0.12020593881607056,-0.014191627502441406,0.16888682916760445,7.6112212940053325,-1.4091401042572116,18.398613864479564,windowmlp
42034,2026Q2,8,0.08602545410394669,0.1532156616449356,0.2403966784477234,-0.01640094444155693,0.342823076993227,16.557632194612992,-1.6267181231641392,40.89194696054639,windowmlp
42100,2026Q2,1,-0.0009622536599636078,0.016926180571317673,0.03626266494393349,-0.02829831652343273,0.06359872780740261,1.7070240009960713,-2.790166945230932,6.566469134642805,windowmlp
42100,2026Q2,2,0.008986995555460453,0.03404650837182999,0.06326178461313248,-0.023398703895509243,0.09564748406410217,3.4632724692632566,-2.3127076921094614,10.03710972685814,windowmlp
42100,2026Q2,4,0.03285680711269379,0.07175873219966888,0.11842259764671326,-0.015824083238840103,0.16710348799824715,7.439609560824723,-1.569954022535902,18.187656902007234,windowmlp
42100,2026Q2,8,0.08300680667161942,0.15040403604507446,0.23727190494537354,-0.0194195918738842,0.33969830349087715,16.230376048540872,-1.9232246284578425,40.45237867133058,windowmlp
42140,2026Q2,1,-0.0008377628400921822,0.017156638205051422,0.036669448018074036,-0.028173825703561306,0.06400551088154316,1.7304658621556168,-2.778064460105867,6.609827388661738,windowmlp
42140,2026Q2,2,0.008649059571325779,0.03389029577374458,0.06335292756557465,-0.023736639879643917,0.09573862701654434,3.447111464973518,-2.345714166021251,10.047139290971941,windowmlp
42140,2026Q2,4,0.032219890505075455,0.07112915068864822,0.1181488037109375,-0.016460999846458435,0.1668296940624714,7.3719888576997405,-1.6326257930432186,18.155302267717353,windowmlp
42140,2026Q2,8,0.07884552329778671,0.14682938158512115,0.23360919952392578,-0.023580875247716904,0.3360355980694294,15.81563433720703,-2.3305018973962643,39.93888394653384,windowmlp
42200,2026Q2,1,-0.0030420133844017982,0.015189319849014282,0.03479081764817238,-0.030378076247870922,0.0621268805116415,1.5305263860836416,-2.9921299507776555,6.409734937924849,windowmlp
42200,2026Q2,2,0.00397835485637188,0.02960840053856373,0.05848085135221481,-0.028407344594597816,0.09086655080318451,3.0051087512846353,-2.8007649680756863,9.512285224163497,windowmlp
42200,2026Q2,4,0.02207268215715885,0.06124710291624069,0.10708758234977722,-0.026608208194375038,0.1557684727013111,6.316159206145788,-2.625732880168985,16.855561924141327,windowmlp
42200,2026Q2,8,0.057862844318151474,0.12683281302452087,0.21060705184936523,-0.04456355422735214,0.31303345039486885,13.522720671178746,-4.3585186042495945,36.75672759278981,windowmlp
42220,2026Q2,1,-0.001209024339914322,0.01673062890768051,0.03609566017985344,-0.028545087203383446,0.06343172304332256,1.6871369677836867,-2.8141525222414643,6.5486735126243145,windowmlp
42220,2026Q2,2,0.008389110676944256,0.033501036465168,0.06268691271543503,-0.02399658877402544,0.09507261216640472,3.406851550172063,-2.371095990523875,9.97387066369404,windowmlp
42220,2026Q2,4,0.03178112208843231,0.07070593535900116,0.11728420853614807,-0.016899768263101578,0.16596509888768196,7.32655700044782,-1.6757768227265823,18.05318991278655,windowmlp
42220,2026Q2,8,0.081294484436512,0.1487112194299698,0.2353740632534027,-0.021131914108991623,0.3378004617989063,16.033785779369268,-2.0910199708276678,40.18607507231921,windowmlp
42340,2026Q2,1,-0.0063890451565384865,0.012332126498222351,0.032267920672893524,-0.03372510802000761,0.05960398353636265,1.2408480717347459,-3.3162756084654577,6.141612504364846,windowmlp
42340,2026Q2,2,-0.0036323275417089462,0.02270374819636345,0.05085946246981621,-0.03601802699267864,0.0832451619207859,2.296343988840288,-3.537709592364524,8.680821988065857,windowmlp
42340,2026Q2,4,0.006275396794080734,0.0458943247795105,0.09027174115180969,-0.042405493557453156,0.13895263150334358,4.696376698395643,-4.151895612553435,14.90696690116835,windowmlp
42340,2026Q2,8,0.02637898549437523,0.09708388894796371,0.17687305808067322,-0.07604741305112839,0.27929945662617683,10.195281140575663,-7.322773558308226,32.22032271091613,windowmlp
42540,2026Q2,1,0.0026670205406844616,0.020322296768426895,0.03969227150082588,-0.024669042322784662,0.067028334364295,2.053020061429689,-2.4367248248421625,6.932577641145632,windowmlp
42540,2026Q2,2,0.015687499195337296,0.040511876344680786,0.07099679112434387,-0.0166982002556324,0.10338249057531357,4.134367698551733,-1.6559558074006109,10.891547768874865,windowmlp
42540,2026Q2,4,0.046704910695552826,0.08524617552757263,0.13426010310649872,-0.001975979655981064,0.1829409934580326,8.898511518880614,-0.19740286934130102,20.074355426550518,windowmlp
42540,2026Q2,8,0.10267802327871323,0.16976533830165863,0.26014551520347595,0.00025162473320961,0.36257191374897957,18.5026738303415,0.02516563933683269,43.70205588061194,windowmlp
42644,2026Q2,1,-0.0018360856920480728,0.016159137710928917,0.035549502819776535,-0.029172148555517197,0.06288556568324566,1.6290402666415682,-2.875074908136044,6.490497058574363,windowmlp
42644,2026Q2,2,0.006978357210755348,0.03222854435443878,0.061227522790431976,-0.025407342240214348,0.09361322224140167,3.2753508319366187,-2.508729199165627,9.813492960100877,windowmlp
42644,2026Q2,4,0.028574934229254723,0.06760556995868683,0.11385469138622284,-0.020105956122279167,0.16253558173775673,6.994320749605731,-1.9905179241727633,17.64901792689777,windowmlp
42644,2026Q2,8,0.07339354604482651,0.14125636219978333,0.22675159573554993,-0.02903285250067711,0.32917799428105354,15.171986758034194,-2.8615448469239024,38.98252145125678,windowmlp
42680,2026Q2,1,-0.005648757331073284,0.012871074490249157,0.03266872465610504,-0.03298482019454241,0.060004787519574165,1.2954263296142576,-3.2446753252386884,6.184163012077959,windowmlp
42680,2026Q2,2,-0.0014639422297477722,0.024527814239263535,0.05271065980195999,-0.03384964168071747,0.08509635925292969,2.483109560807928,-3.32831523690994,8.882197971618645,windowmlp
42680,2026Q2,4,0.011087516322731972,0.05054188519716263,0.09508347511291504,-0.03759337402880192,0.14376436546444893,5.184091899663312,-3.689551542370495,15.46120100035493,windowmlp
42680,2026Q2,8,0.03964555636048317,0.10948701202869415,0.19080182909965515,-0.06278084218502045,0.29322822764515877,11.570558008898457,-6.085072696033944,34.07487514462646,windowmlp
42700,2026Q2,1,-0.004239393398165703,0.014188215136528015,0.033976055681705475,-0.03157545626163483,0.0613121185451746,1.428934558170858,-3.1082157222915185,6.323071642808187,windowmlp
42700,2026Q2,2,0.0011507309973239899,0.027033774182200432,0.055683575570583344,-0.031234968453645706,0.08806927502155304,2.7402501856810257,-3.0752196339865367,9.206377214918815,windowmlp
42700,2026Q2,4,0.01638910546898842,0.05570235475897789,0.10111893713474274,-0.03229178488254547,0.14979982748627663,5.728294166219494,-3.1775972275549624,16.160169872262188,windowmlp
42700,2026Q2,8,0.047589391469955444,0.11725503206253052,0.19984549283981323,-0.05483700707554817,0.30227189138531685,12.440615274745358,-5.336056909112752,35.29290264536633,windowmlp
43100,2026Q2,1,0.00044105201959609985,0.018397554755210876,0.037937410175800323,-0.026895010843873024,0.06527347303926945,1.8567832393519668,-2.653656073557553,6.745090351469218,windowmlp
43100,2026Q2,2,0.01069171167910099,0.035973623394966125,0.06592485308647156,-0.021693987771868706,0.09831055253744125,3.662850338971535,-2.1460365667229975,10.330536619208551,windowmlp
43100,2026Q2,4,0.036250535398721695,0.07508507370948792,0.12301251292228699,-0.012430354952812195,0.17169340327382088,7.797585438846877,-1.2353417208456174,18.731375089456257,windowmlp
43100,2026Q2,8,0.08083225041627884,0.1490415334701538,0.23644325137138367,-0.021594148129224777,0.3388696499168873,16.072119698715248,-2.136266374264384,40.33604051444109,windowmlp
43300,2026Q2,1,-0.008819100446999073,0.009996933862566948,0.029817163944244385,-0.0361551633104682,0.05715322680771351,1.004707013628936,-3.5509371686652913,5.881803727423041,windowmlp
43300,2026Q2,2,-0.00791764073073864,0.01854061707854271,0.0458248108625412,-0.040303340181708336,0.0782105103135109,1.8713561498016507,-3.950196269155415,8.135027009633934,windowmlp
43300,2026Q2,4,-0.002877958118915558,0.03700367361307144,0.07983539998531342,-0.05155884847044945,0.1285162903368473,3.769683292780468,-5.025224288520757,13.713994553308705,windowmlp
43300,2026Q2,8,0.012813158333301544,0.08376623690128326,0.16116692125797272,-0.08961324021220207,0.26359331980347633,8.737467602288195,-8.571527453433614,30.159875421422644,windowmlp
43340,2026Q2,1,0.0026304484345018864,0.020194055512547493,0.03939801827073097,-0.024705614428967237,0.0667340811342001,2.0399334931076263,-2.4402928540558255,6.9011170136949795,windowmlp
43340,2026Q2,2,0.016400780528783798,0.040943413972854614,0.07124223560094833,-0.015984918922185898,0.10362793505191803,4.179315294191621,-1.5857838132107172,10.91876882726941,windowmlp
43340,2026Q2,4,0.04858773201704025,0.08702684938907623,0.1357024908065796,-9.315833449363708e-05,0.18438338115811348,9.09259700208851,-0.009315399539078228,20.24767416627322,windowmlp
43340,2026Q2,8,0.11280843615531921,0.17888055741786957,0.2702997922897339,0.010382037609815598,0.3727261908352375,19.587789689311208,1.0436117954974566,45.168680025999386,windowmlp
43420,2026Q2,1,0.0015625488013029099,0.019273586571216583,0.03862753137946129,-0.025773514062166214,0.06596359424293041,1.9460521176254186,-2.5444212203141636,6.818782827152714,windowmlp
43420,2026Q2,2,0.013748744502663612,0.03861989825963974,0.06868661940097809,-0.018636954948306084,0.10107231885194778,3.9375340181864615,-1.8464360776523248,10.635664931308476,windowmlp
43420,2026Q2,4,0.042861372232437134,0.08153467625379562,0.1298045516014099,-0.005819518119096756,0.1784854419529438,8.495083896235922,-0.5802617523860576,19.54054803775682,windowmlp
43420,2026Q2,8,0.09771115332841873,0.16492116451263428,0.25443822145462036,-0.004715245217084885,0.356864620000124,17.93001443449691,-0.4704145900542134,42.88424200729044,windowmlp
43580,2026Q2,1,-0.005419687367975712,0.013026248663663864,0.032605014741420746,-0.032755750231444836,0.05994107760488987,1.3111459832762407,-3.2225090478687046,6.177398243605348,windowmlp
43580,2026Q2,2,-0.0009730886667966843,0.025025468319654465,0.053134553134441376,-0.03335878811776638,0.08552025258541107,2.5341233910195493,-3.2808519481982823,8.928362193026306,windowmlp
43580,2026Q2,4,0.011438384652137756,0.05100114271044731,0.09552185982465744,-0.03724250569939613,0.14420275017619133,5.232409578425501,-3.655753327200939,15.511828522027859,windowmlp
43580,2026Q2,8,0.03608473017811775,0.1058574914932251,0.18628528714179993,-0.06634166836738586,0.28871168568730354,11.166344372038829,-6.418892737798343,33.470685795892386,windowmlp
43620,2026Q2,1,-0.002593046985566616,0.015552693977952003,0.0350707583129406,-0.02992910984903574,0.06240682117640972,1.5674266565655737,-2.948566898261329,6.439527519744215,windowmlp
43620,2026Q2,2,0.005119249224662781,0.030593303963541985,0.059501782059669495,-0.027266450226306915,0.09188748151063919,3.1066088113575363,-2.6898076249571745,9.624146770720209,windowmlp
43620,2026Q2,4,0.02457081526517868,0.06370231509208679,0.10971663892269135,-0.02411007508635521,0.15839752927422523,6.577508637585039,-2.382174906152168,17.163186010673037,windowmlp
43620,2026Q2,8,0.06379711627960205,0.13238418102264404,0.21680903434753418,-0.038629282265901566,0.3192354328930378,14.154679565003825,-3.789268671431578,37.60752601515722,windowmlp
43640,2026Q2,1,0.001002185046672821,0.018472367897629738,0.03739866986870766,-0.026333877816796303,0.06473473273217678,1.8644037504364164,-2.5990164963132667,6.687597956838354,windowmlp
43640,2026Q2,2,0.01337445992976427,0.03800056129693985,0.06733709573745728,-0.019011239521205425,0.09972279518842697,3.8731815915323597,-1.883166568146788,10.486460183767555,windowmlp
43640,2026Q2,4,0.04203161969780922,0.08090103417634964,0.12830720841884613,-0.00664927065372467,0.17698809877038002,8.426358621795526,-0.6627213169416613,19.36168875339501,windowmlp
43640,2026Q2,8,0.09743247181177139,0.16421537101268768,0.25259068608283997,-0.0049939267337322235,0.3550170846283436,17.846809563043166,-0.49814778132414306,42.620502025605056,windowmlp
43780,2026Q2,1,0.0013829385861754417,0.019185639917850494,0.038623176515102386,-0.025953124277293682,0.06595923937857151,1.937086697762913,-2.5619236659280897,6.81831764685541,windowmlp
43780,2026Q2,2,0.012995096854865551,0.038025885820388794,0.06816599518060684,-0.019390602596104145,0.10055169463157654,3.8758121636641496,-1.920381412361627,10.578080315781824,windowmlp
43780,2026Q2,4,0.04095765948295593,0.07965222001075745,0.127969428896904,-0.007723230868577957,0.17665031924843788,8.291038761490622,-0.769348335262765,19.32137762774935,windowmlp
43780,2026Q2,8,0.09164876490831375,0.15925130248069763,0.24806532263755798,-0.010777633637189865,0.3504917211830616,17.263259513632768,-1.0719763033094853,41.97655057531928,windowmlp
43900,2026Q2,1,-0.00148724764585495,0.01661888137459755,0.036193493753671646,-0.028823310509324074,0.06352955661714077,1.6757743159672378,-2.8411881288750385,6.559098060066693,windowmlp
43900,2026Q2,2,0.007010970264673233,0.03247814625501633,0.06179870665073395,-0.025374729186296463,0.09418440610170364,3.3011317731391987,-2.505549659247508,9.876234571715248,windowmlp
43900,2026Q2,4,0.028467699885368347,0.06751003116369247,0.11430473625659943,-0.020213190466165543,0.16298562660813332,6.984099129418486,-2.0010273431824155,17.701977180046867,windowmlp
43900,2026Q2,8,0.06836507469415665,0.1370282769203186,0.22238123416900635,-0.03406132385134697,0.32480763271450996,14.686057774707017,-3.3487767432345605,38.376442936885354,windowmlp
44060,2026Q2,1,-0.003986898809671402,0.01420584786683321,0.033651649951934814,-0.031322961673140526,0.06098771281540394,1.4307230429869477,-3.0837479822358627,6.2885854232265,windowmlp
44060,2026Q2,2,0.0026413649320602417,0.02818136103451252,0.05655208230018616,-0.029744334518909454,0.08893778175115585,2.8582212240567673,-2.93063253080742,9.30126488777223,windowmlp
44060,2026Q2,4,0.019284389913082123,0.05857180058956146,0.10368521511554718,-0.029396500438451767,0.15236610546708107,6.032111464266876,-2.8968626238113693,16.458651988681883,windowmlp
44060,2026Q2,8,0.05560874938964844,0.12445804476737976,0.20731720328330994,-0.04681764915585518,0.30974360182881355,13.253450371491038,-4.5738607903749955,36.307557923833336,windowmlp
44100,2026Q2,1,0.0019120583310723305,0.019615057855844498,0.038922954350709915,-0.025424004532396793,0.06625901721417904,1.980869711270672,-2.5103536136716786,6.850344211110038,windowmlp
44100,2026Q2,2,0.014355199411511421,0.039214882999658585,0.06942290812730789,-0.018030500039458275,0.10180860757827759,3.9993936657907403,-1.7868923135116455,10.71715472045247,windowmlp
44100,2026Q2,4,0.043711598962545395,0.08232269436120987,0.1308009922504425,-0.004969291388988495,0.1794818826019764,8.580613681995564,-0.4956964886980053,19.65972246429011,windowmlp
44100,2026Q2,8,0.0981065183877945,0.16515159606933594,0.2546667456626892,-0.004319880157709122,0.3570931442081928,17.957192362510767,-0.4310562896732706,42.916898246769186,windowmlp
44140,2026Q2,1,0.0015930943191051483,0.019351668655872345,0.03874790295958519,-0.025742968544363976,0.06608396582305431,1.9540125886782445,-2.541444343732735,6.831641546725198,windowmlp
44140,2026Q2,2,0.013578670099377632,0.03852550685405731,0.06868655979633331,-0.018807029351592064,0.10107225924730301,3.9277236712712105,-1.8631280669865191,10.63565833690916,windowmlp
44140,2026Q2,4,0.042268332093954086,0.0809212177991867,0.12929952144622803,-0.0064125582575798035,0.17798041179776192,8.428547080608983,-0.6392041683876082,19.480191698399363,windowmlp
44140,2026Q2,8,0.09518280625343323,0.16251441836357117,0.2516986131668091,-0.007243592292070389,0.3541250117123127,17.64652810305547,-0.7217420707645639,42.49333086988265,windowmlp
44180,2026Q2,1,-0.001172022894024849,0.016829250380396843,0.03630274161696434,-0.028508085757493973,0.06363880448043346,1.6971659975184572,-2.8105564388350546,6.570740049763835,windowmlp
44180,2026Q2,2,0.007938534952700138,0.03325781226158142,0.06256437301635742,-0.024447164498269558,0.09495007246732712,3.381703559482374,-2.415075295907365,9.960395324325377,windowmlp
44180,2026Q2,4,0.03036344423890114,0.06934977322816849,0.11616718769073486,-0.01831744611263275,0.16484807804226875,7.1811034398094,-1.8150701361454247,17.921395660953433,windowmlp
44180,2026Q2,8,0.07279762625694275,0.14115595817565918,0.22694748640060425,-0.029628772288560867,0.32937388494610786,15.160423607600437,-2.91941433001649,39.00974949658769,windowmlp
44220,2026Q2,1,-0.00011013541370630264,0.01785353757441044,0.03733901306986809,-0.027446198277175426,0.06467507593333721,1.8013864690523462,-2.707297370445305,6.681233506111628,windowmlp
44220,2026Q2,2,0.009809054434299469,0.0351235494017601,0.06482189893722534,-0.022576645016670227,0.09720759838819504,3.5747666899506925,-2.232369969473147,10.208914180372176,windowmlp
44220,2026Q2,4,0.03422926366329193,0.0731470137834549,0.1206580102443695,-0.014451626688241959,0.1693389005959034,7.588869575639334,-1.43477031549607,18.452150595259287,windowmlp
44220,2026Q2,8,0.07728798687458038,0.14550423622131348,0.23215019702911377,-0.025138411670923233,0.3345765955746174,15.6622634281266,-2.4825072904298584,39.73486163645599,windowmlp
44300,2026Q2,1,-0.0007739290595054626,0.017192352563142776,0.036603573709726334,-0.028109991922974586,0.06393963657319546,1.734099165322367,-2.771858218322565,6.60280477132702,windowmlp
44300,2026Q2,2,0.008860179223120213,0.03408211097121239,0.06351497024297714,-0.023525520227849483,0.09590066969394684,3.466956096276741,-2.3250952507472222,10.064973068940674,windowmlp
44300,2026Q2,4,0.03230287879705429,0.07121599465608597,0.11817045509815216,-0.0163780115544796,0.16685134544968605,7.381313872108608,-1.6244621139311244,18.15786052161301,windowmlp
44300,2026Q2,8,0.07762555778026581,0.14548686146736145,0.23193147778511047,-0.024800840765237808,0.3343578763306141,15.660253842216076,-2.4495826652106034,39.704302275239975,windowmlp
44420,2026Q2,1,0.0030787894502282143,0.02066142112016678,0.03998322784900665,-0.02425727341324091,0.06731929071247578,2.0876345946849506,-2.3965430291724266,6.963694880097249,windowmlp
44420,2026Q2,2,0.016755234450101852,0.04143970459699631,0.07201875001192093,-0.015630465000867844,0.10440444946289062,4.231031343635361,-1.5508943253772611,11.004932298970328,windowmlp
44420,2026Q2,4,0.04894787818193436,0.08739621937274933,0.136551633477211,0.0002669878304004669,0.1852325238287449,9.132899975758168,0.02670234748234357,20.34982496161364,windowmlp
44420,2026Q2,8,0.10776663571596146,0.174635112285614,0.2657260000705719,0.00534023717045784,0.3681523986160755,19.081162479653656,0.5354521653164968,44.50622476803914,windowmlp
44700,2026Q2,1,-0.004046372137963772,0.014141733758151531,0.033579014241695404,-0.031382435001432896,0.06091507710516453,1.4242201110531871,-3.0895117429122654,6.280865356713572,windowmlp
44700,2026Q2,2,0.0025658048689365387,0.028092771768569946,0.05642041563987732,-0.029819894582033157,0.08880611509084702,2.8491094933491112,-2.937966821247562,9.286874502644693,windowmlp
44700,2026Q2,4,0.019272098317742348,0.05856800824403763,0.10357871651649475,-0.029408792033791542,0.15225960686802864,6.031709354626047,-2.8980561689469164,16.446249965808303,windowmlp
44700,2026Q2,8,0.057206712663173676,0.12568673491477966,0.20867574214935303,-0.04521968588232994,0.31110214069485664,13.392689293350069,-4.42125142497699,36.49286288250215,windowmlp
44940,2026Q2,1,0.003971985075622797,0.021489638835191727,0.040822289884090424,-0.023364077787846327,0.06815835274755955,2.17222040503946,-2.309325102846105,7.053481718699506,windowmlp
44940,2026Q2,2,0.01855187676846981,0.04308362305164337,0.07397526502609253,-0.013833822682499886,0.10636096447706223,4.4025195773240045,-1.3738575076191806,11.222327715009861,windowmlp
44940,2026Q2,4,0.05297243595123291,0.0912923812866211,0.14101292192935944,0.00429154559969902,0.18969381228089333,9.558928823951241,0.43007674688209097,20.887939695946002,windowmlp
44940,2026Q2,8,0.11722005903720856,0.1835850328207016,0.27621975541114807,0.01479366049170494,0.3786461539566517,20.151712945862133,1.4903628293339244,46.03062207340676,windowmlp
45060,2026Q2,1,0.0023139920085668564,0.02006107196211815,0.039466697722673416,-0.025022070854902267,0.06680276058614254,2.02636476269511,-2.471161365767438,6.908459175948467,windowmlp
45060,2026Q2,2,0.014636499807238579,0.03966536372900009,0.07012362778186798,-0.017749199643731117,0.10250932723283768,4.046253942533751,-1.7592610412921372,10.794763594718315,windowmlp
45060,2026Q2,4,0.04413320869207382,0.08278049528598785,0.1317313015460968,-0.004547681659460068,0.1804121918976307,8.630333367342757,-0.4537356612827059,19.771094813747546,windowmlp
45060,2026Q2,8,0.09385470300912857,0.16153541207313538,0.2507665157318115,-0.008571695536375046,0.35319291427731514,17.531407772953077,-0.8535063295717071,42.360575081950856,windowmlp
45104,2026Q2,1,-0.0005887197330594063,0.017289867624640465,0.03664743900299072,-0.02792478259652853,0.06398350186645985,1.7440202559789064,-2.7538489919847198,6.607481037183249,windowmlp
45104,2026Q2,2,0.009558647871017456,0.03464096412062645,0.06401291489601135,-0.02282705157995224,0.09639861434698105,3.524795090798216,-2.2568485607814437,10.119792981275122,windowmlp
45104,2026Q2,4,0.03395810350775719,0.07284730672836304,0.11982506513595581,-0.014722786843776703,0.1685059554874897,7.556629263943915,-1.461493655191426,18.35352753533961,windowmlp
45104,2026Q2,8,0.08292551338672638,0.15054303407669067,0.23751631379127502,-0.019500885158777237,0.33994271233677864,16.246532964889404,-1.9311972876332906,40.486710670457015,windowmlp
45220,2026Q2,1,-0.0015694936737418175,0.016525933519005775,0.03610870614647865,-0.02890555653721094,0.06344476900994778,1.6663242099692832,-2.84917872662368,6.550063552130103,windowmlp
45220,2026Q2,2,0.007030874490737915,0.03240330144762993,0.061721041798591614,-0.02535482496023178,0.09410674124956131,3.29340050915492,-2.503609088355152,9.867701381572026,windowmlp
45220,2026Q2,4,0.02875356562435627,0.06772464513778687,0.11438366770744324,-0.01992732472717762,0.16306455805897713,7.0070618760725845,-1.973008789862396,17.711267934534412,windowmlp
45220,2026Q2,8,0.07216410338878632,0.1405213475227356,0.22647762298583984,-0.0302622951567173,0.32890402153134346,15.087364760397136,-2.9808976234998563,38.944449243305044,windowmlp
45294,2026Q2,1,-0.005863049067556858,0.012665051966905594,0.032455924898386,-0.03319911193102598,0.059791987761855125,1.2745593398874266,-3.2654069703878186,6.16156945195272,windowmlp
45294,2026Q2,2,-0.0019202250987291336,0.02411351539194584,0.052220411598682404,-0.03430592454969883,0.0846061110496521,2.4406597207144554,-3.372414808878188,8.8288317521096,windowmlp
45294,2026Q2,4,0.010006055235862732,0.04952583461999893,0.09394677728414536,-0.03867483511567116,0.14262766763567924,5.077273817856609,-3.7936512446019033,15.330031068282723,windowmlp
45294,2026Q2,8,0.03710568696260452,0.10713966190814972,0.18806092441082,-0.0653207115828991,0.2904873229563236,11.30896998555977,-6.323301682574323,33.70789185354779,windowmlp
45460,2026Q2,1,0.0020540673285722733,0.01975485309958458,0.03910116106271744,-0.02528199553489685,0.06643722392618656,1.9951271483465094,-2.496508223660021,6.869387356386514,windowmlp
45460,2026Q2,2,0.014514300040900707,0.03940156474709511,0.06967086344957352,-0.01787139941006899,0.10205656290054321,4.018810266638728,-1.771265303163816,10.744611032060147,windowmlp
45460,2026Q2,4,0.04424092173576355,0.08284706622362137,0.13150055706501007,-0.00443996861577034,0.18018144741654396,8.637565231203759,-0.44301265266925016,19.743461482867453,windowmlp
45460,2026Q2,8,0.09769909083843231,0.16502170264720917,0.2545648515224457,-0.004727307707071304,0.3569912500679493,17.941871494191886,-0.4716151574406413,42.90233659418221,windowmlp
45500,2026Q2,1,0.002589533571153879,0.020137760788202286,0.03936378285288811,-0.024746529292315245,0.06669984571635723,2.0341893448635684,-2.4442844144843434,6.897457271932894,windowmlp
45500,2026Q2,2,0.01622210256755352,0.04082866385579109,0.07110632210969925,-0.016163596883416176,0.10349202156066895,4.167361391435009,-1.6033666938316427,10.903694494578842,windowmlp
45500,2026Q2,4,0.04800676926970482,0.08651808649301529,0.13525281846523285,-0.000674121081829071,0.18393370881676674,9.037108852851539,-0.06738939132617805,20.193614268620674,windowmlp
45500,2026Q2,8,0.10901574045419693,0.17557355761528015,0.2665080428123474,0.006589341908693314,0.36893444135785103,19.192966093018036,0.6611099384985053,44.61927901312435,windowmlp
45780,2026Q2,1,-0.0014260997995734215,0.01663847640156746,0.03608924522995949,-0.028762162663042545,0.06342530809342861,1.677766675027259,-2.835246895136878,6.547990010414795,windowmlp
45780,2026Q2,2,0.007301372475922108,0.03272657468914986,0.06200554966926575,-0.02508432697504759,0.09439124912023544,3.326797899515599,-2.4772329438646823,9.898964054375314,windowmlp
45780,2026Q2,4,0.02875003218650818,0.06778843700885773,0.1144707053899765,-0.01993085816502571,0.1631515957415104,7.013888274499491,-1.9733551615313316,17.721513696380708,windowmlp
45780,2026Q2,8,0.06810467690229416,0.13651852309703827,0.2215832769870758,-0.03432172164320946,0.3240096755325794,14.627611016274301,-3.3739412318205986,38.26606850332646,windowmlp
45820,2026Q2,1,-0.0016124099493026733,0.016485219821333885,0.035996414721012115,-0.028948472812771797,0.06333247758448124,1.6621850822421624,-2.8533479885751722,6.538099565349431,windowmlp
45820,2026Q2,2,0.006818931549787521,0.03228326886892319,0.06154690682888031,-0.025566767901182175,0.09393260627985,3.2810026800150105,-2.524270570572018,9.8485712383815,windowmlp
45820,2026Q2,4,0.027874449267983437,0.06691554933786392,0.1135750561952591,-0.020806441083550453,0.16225594654679298,6.920517927640368,-2.0591480524362216,17.616123720706266,windowmlp
45820,2026Q2,8,0.06700124591588974,0.1355884075164795,0.22065886855125427,-0.035425152629613876,0.3230852670967579,14.521043656969223,-3.480502616780412,38.13831324133263,windowmlp
45900,2026Q2,1,-0.0033494867384433746,0.01493255328387022,0.034540798515081406,-0.0306855496019125,0.06187686137855053,1.5044600881863213,-3.0219527008646607,6.383133793779305,windowmlp
45900,2026Q2,2,0.003060111775994301,0.028852209448814392,0.05763696879148483,-0.029325587674975395,0.09002266824245453,2.9272466488725613,-2.88997652784464,9.419908699428326,windowmlp
45900,2026Q2,4,0.01983325183391571,0.05915622413158417,0.10492272675037384,-0.02884763851761818,0.15360361710190773,6.094097237625307,-2.843551780504505,16.60286013672083,windowmlp
45900,2026Q2,8,0.04967799782752991,0.11922741681337357,0.20181939005851746,-0.05274840071797371,0.3042457886040211,12.662610287508702,-5.138134576768561,35.56022067196778,windowmlp
45940,2026Q2,1,-0.0009971624240279198,0.01715475134551525,0.03681940585374832,-0.028333225287497044,0.06415546871721745,1.730273911237079,-2.793560361127456,6.625815566384863,windowmlp
45940,2026Q2,2,0.00752277672290802,0.03310325741767883,0.06273900717496872,-0.024862922728061676,0.09512470662593842,3.365726651112433,-2.455638598608967,9.97959984227701,windowmlp
45940,2026Q2,4,0.029529878869652748,0.06854100525379181,0.1157793402671814,-0.01915101148188114,0.1644602306187153,7.094453840322634,-1.8968795919604098,17.87566901951776,windowmlp
45940,2026Q2,8,0.06760299205780029,0.1364182084798813,0.22205612063407898,-0.03482340648770332,0.3244825191795826,14.616112768090428,-3.422404903326548,38.331462194691724,windowmlp
46060,2026Q2,1,-0.003649085760116577,0.014621477574110031,0.034257788211107254,-0.0309851486235857,0.06159385107457638,1.472889426908086,-3.051002877039788,6.353030530714343,windowmlp
46060,2026Q2,2,0.002830198034644127,0.02847662940621376,0.05713175982236862,-0.02955550141632557,0.08951745927333832,2.888596487760342,-2.912300890226549,9.364642741757745,windowmlp
46060,2026Q2,4,0.01999148167669773,0.05924496054649353,0.10474978387355804,-0.02868940867483616,0.15343067422509193,6.103512065170058,-2.8281775146757115,16.582696246294717,windowmlp
46060,2026Q2,8,0.05657879263162613,0.12557871639728546,0.20907333493232727,-0.04584760591387749,0.3114997334778309,13.380441444667056,-4.48124839717583,36.547142249538986,windowmlp
46140,2026Q2,1,-0.0011182846501469612,0.016919884830713272,0.03643813356757164,-0.028454347513616085,0.06377419643104076,1.7063836819709577,-2.8053335084803233,6.5851698469539865,windowmlp
46140,2026Q2,2,0.007925120182335377,0.03325945511460304,0.06265856325626373,-0.02446057926863432,0.09504426270723343,3.381873400565949,-2.416384366482871,9.970753008129885,windowmlp
46140,2026Q2,4,0.0304672010242939,0.06943151354789734,0.11634717881679535,-0.01821368932723999,0.16502806916832924,7.18986481554742,-1.804882254926965,17.942622375997953,windowmlp
46140,2026Q2,8,0.07375816255807877,0.1420476883649826,0.22810125350952148,-0.02866823598742485,0.3305276520550251,15.263161434349515,-2.826120104272667,39.17022693236723,windowmlp
46220,2026Q2,1,-0.00325784832239151,0.014919955283403397,0.03435325622558594,-0.030593911185860634,0.06168931908905506,1.5031813430055774,-3.0130653790145456,6.363184328046634,windowmlp
46220,2026Q2,2,0.0037780161947011948,0.029363827779889107,0.05800451338291168,-0.0286076832562685,0.09039021283388138,2.9799195880968687,-2.820235782293845,9.460132786685271,windowmlp
46220,2026Q2,4,0.02138134092092514,0.06065294146537781,0.10620459914207458,-0.02729954943060875,0.15488548949360847,6.2530090053069864,-2.6930284615913958,16.752425965596316,windowmlp
46220,2026Q2,8,0.05582762509584427,0.12456156313419342,0.20758146047592163,-0.04659877344965935,0.31000785902142525,13.265174790545387,-4.55297204082944,36.3435829361467,windowmlp
46300,2026Q2,1,-0.005349461920559406,0.012960286810994148,0.032422102987766266,-0.03268552478402853,0.05975816585123539,1.3044635327869258,-3.215712566626594,6.157978925559027,windowmlp
46300,2026Q2,2,-0.00022372975945472717,0.02557620406150818,0.053519390523433685,-0.03260942921042442,0.08590508997440338,2.5906081501908096,-3.208347430534908,8.970289966689894,windowmlp
46300,2026Q2,4,0.012939035892486572,0.052466124296188354,0.0968548059463501,-0.03574185445904732,0.145535696297884,5.386686099220106,-3.5110656782334826,15.66590222902855,windowmlp
46300,2026Q2,8,0.04110368713736534,0.11065830290317535,0.19140447676181793,-0.061322711408138275,0.29383087530732155,11.701316148313623,-5.948032563186301,34.15569940651719,windowmlp
46340,2026Q2,1,-0.003173508681356907,0.015026875771582127,0.03459983691573143,-0.03050957154482603,0.061935899779200554,1.5140346929188642,-3.004885190811346,6.389414669259219,windowmlp
46340,2026Q2,2,0.003911459818482399,0.029462561011314392,0.058227986097335815,-0.028474239632487297,0.09061368554830551,2.990087630283278,-2.80726689711015,9.48459687310641,windowmlp
46340,2026Q2,4,0.02209906466305256,0.06128249317407608,0.1070021539926529,-0.02658182568848133,0.15568304434418678,6.319921829011865,-2.6231638691044723,16.84557957185937,windowmlp
46340,2026Q2,8,0.06008730083703995,0.12890222668647766,0.21284595131874084,-0.04233909770846367,0.31527234986424446,13.757889387029621,-4.145531485015108,37.06325517180438,windowmlp
46520,2026Q2,1,0.002729753963649273,0.020281486213207245,0.039575207978487015,-0.02460630889981985,0.06691127084195614,2.048855306002695,-2.4306041546514834,6.9200604696205925,windowmlp
46520,2026Q2,2,0.01640622317790985,0.04096658527851105,0.07134563475847244,-0.015979476273059845,0.10373133420944214,4.181729292917025,-1.5852481777053562,10.93023832747788,windowmlp
46520,2026Q2,4,0.048636842519044876,0.0870666429400444,0.13589930534362793,-4.404783248901367e-05,0.18458019569516182,9.096938270284216,-0.004404686239745104,20.271342985702855,windowmlp
46520,2026Q2,8,0.11261960864067078,0.17889893054962158,0.2704894244670868,0.01019321009516716,0.3729158230125904,19.589986911711964,1.024533782694581,45.19621128920035,windowmlp
46540,2026Q2,1,0.004897230304777622,0.02230275236070156,0.04153479263186455,-0.0224388325586915,0.06887085549533367,2.2553318043044834,-2.218895443610447,7.1297847984318485,windowmlp
46540,2026Q2,2,0.020397929474711418,0.044876325875520706,0.07595913112163544,-0.011987769976258278,0.10834483057260513,4.589850132828133,-1.1916202923667685,11.443196935069611,windowmlp
46540,2026Q2,4,0.05660964921116829,0.09488505870103836,0.14513133466243744,0.0079287588596344,0.19381222501397133,9.953246617267443,0.7960274706948933,21.386832744650476,windowmlp
46540,2026Q2,8,0.12053294479846954,0.18691077828407288,0.2799680531024933,0.018106546252965927,0.3823944516479969,20.55197217133482,1.8271463619188077,46.57901544573091,windowmlp
46660,2026Q2,1,0.005709144286811352,0.023030739277601242,0.04226280003786087,-0.021626918576657772,0.06959886290133,2.3297994504885455,-2.1394733600552995,7.207804471171841,windowmlp
46660,2026Q2,2,0.022122971713542938,0.046449705958366394,0.07777629792690277,-0.010262727737426758,0.11016199737787247,4.754539245205236,-1.0210245637062187,11.645891922737972,windowmlp
46660,2026Q2,4,0.060501761734485626,0.0986587181687355,0.1493895798921585,0.011820871382951736,0.1980704702436924,10.368956608013335,1.189101399286363,21.904829742537558,windowmlp
46660,2026Q2,8,0.12953126430511475,0.19548791646957397,0.29002442955970764,0.02710486575961113,0.39245082810521126,21.590410141919804,2.747554411761688,48.06050593348496,windowmlp
46700,2026Q2,1,-0.0011158203706145287,0.016771098598837852,0.036089081317186356,-0.028451883234083652,0.06342514418065548,1.6912522980839562,-2.80509399335791,6.547972545839698,windowmlp
46700,2026Q2,2,0.008759161457419395,0.03380327299237251,0.0629376545548439,-0.0236265379935503,0.0953233540058136,3.4381096012982226,-2.334961653040679,10.001449171709575,windowmlp
46700,2026Q2,4,0.032525934278964996,0.07144943624734879,0.11800876259803772,-0.016154956072568893,0.1666896529495716,7.406384062989568,-1.6025164634619005,18.138756826240844,windowmlp
46700,2026Q2,8,0.08356641978025436,0.15084466338157654,0.23767328262329102,-0.018859978765249252,0.34009968116879463,16.281601614423312,-1.8683242192456984,40.50876443617635,windowmlp
47020,2026Q2,1,-0.0025735171511769295,0.015543372370302677,0.03504665195941925,-0.029909580014646053,0.062382714822888374,1.5664798892770282,-2.9466714813370487,6.436961681791797,windowmlp
47020,2026Q2,2,0.005232717841863632,0.030645472928881645,0.05955769866704941,-0.027152981609106064,0.0919433981180191,3.111987916768877,-2.678765345524592,9.630276752476853,windowmlp
47020,2026Q2,4,0.02500159665942192,0.06409888714551926,0.11005851626396179,-0.02367929369211197,0.15873940661549568,6.619782680833186,-2.3401139044572195,17.203248297004905,windowmlp
47020,2026Q2,8,0.06644086539745331,0.13471373915672302,0.2194470763206482,-0.03598553314805031,0.3218734748661518,14.420919517647835,-3.534575110762128,37.97101968958258,windowmlp
47220,2026Q2,1,-0.000409809872508049,0.01761586405336857,0.03719283640384674,-0.027745872735977173,0.06452889926731586,1.7771938501696338,-2.7364491402126045,6.665640338777035,windowmlp
47220,2026Q2,2,0.00887185800820589,0.03431674465537071,0.06400895863771439,-0.023513841442763805,0.09639465808868408,3.491235777678403,-2.3239545198652234,10.119357319792277,windowmlp
47220,2026Q2,4,0.032222941517829895,0.07121757417917252,0.11868858337402344,-0.016457948833703995,0.16736947372555733,7.381483483506868,-1.632325672472057,18.219097313052334,windowmlp
47220,2026Q2,8,0.07275621592998505,0.14132553339004517,0.22751709818840027,-0.02967018261551857,0.3299434967339039,15.179953616978437,-2.923434385573842,39.088953644186034,windowmlp
47260,2026Q2,1,0.0013604294508695602,0.01912461593747139,0.03849754482507706,-0.025975633412599564,0.06583360768854618,1.9308662807836052,-2.5641168880883747,6.80489872402239,windowmlp
47260,2026Q2,2,0.013176185078918934,0.03812622278928757,0.06818372756242752,-0.019209514372050762,0.10056942701339722,3.886235270701288,-1.9026187401589234,10.580041145908027,windowmlp
47260,2026Q2,4,0.0414264015853405,0.08010265976190567,0.12831705808639526,-0.00725448876619339,0.17699794843792915,8.339828337599254,-0.7228238478392823,19.36286443213735,windowmlp
47260,2026Q2,8,0.09399689733982086,0.16134002804756165,0.2502972185611725,-0.008429501205682755,0.3527236171066761,17.508446256600863,-0.8394072578834733,42.293781341137034,windowmlp
47300,2026Q2,1,-0.0002805255353450775,0.01760711334645748,0.03700094297528267,-0.0276165883988142,0.06433700583875179,1.7763032316727934,-2.7238736736216684,6.645173867095955,windowmlp
47300,2026Q2,2,0.009900810196995735,0.03506523743271828,0.06457669287919998,-0.02248488925397396,0.09696239233016968,3.568727217450429,-2.2233988144413908,10.181893599907156,windowmlp
47300,2026Q2,4,0.034445870667696,0.07335282862186432,0.1205844134092331,-0.01423501968383789,0.16926530376076698,7.6110152403207065,-1.413418083917739,18.443433212650206,windowmlp
47300,2026Q2,8,0.08141910284757614,0.14918950200080872,0.23609119653701782,-0.021007295697927475,0.33851759508252144,16.08929599046105,-2.0788179490250247,40.286643228729034,windowmlp
47380,2026Q2,1,-0.005207418464124203,0.013141650706529617,0.0326879620552063,-0.03254348132759333,0.06002402491867542,1.322838171125973,-3.20196401548819,6.1862057388483604,windowmlp
47380,2026Q2,2,-6.520189344882965e-05,0.02573811635375023,0.053823359310626984,-0.032450901344418526,0.08620905876159668,2.6072201755281688,-3.193002040102022,9.003418568346522,windowmlp
47380,2026Q2,4,0.01345907337963581,0.052934642881155014,0.09746827185153961,-0.03522181697189808,0.1461491622030735,5.436073288770316,-3.460874765844235,15.736881085767319,windowmlp
47380,2026Q2,8,0.04331783950328827,0.11278955638408661,0.19402888417243958,-0.05910855904221535,0.2964552827179432,11.939633834668362,-5.7395564632120255,34.50824102228669,windowmlp
47460,2026Q2,1,-0.000995994545519352,0.016881799325346947,0.03619195520877838,-0.028332057408988476,0.0635280180722475,1.7025102167113504,-2.7934468357494135,6.55893411423667,windowmlp
47460,2026Q2,2,0.008770492859184742,0.03389108180999756,0.06306613236665726,-0.023615206591784954,0.09545183181762695,3.4471927781853484,-2.3338549649825957,10.015582825106438,windowmlp
47460,2026Q2,4,0.03221217542886734,0.07119626551866531,0.11792202293872833,-0.01646871492266655,0.16660291329026222,7.379195352309154,-1.6333847019040837,18.128509955133975,windowmlp
47460,2026Q2,8,0.07844022661447525,0.14632263779640198,0.232517272233963,-0.023986171931028366,0.33494367077946663,15.756960351464567,-2.3700790002619265,39.78616425479928,windowmlp
47580,2026Q2,1,-0.0010879263281822205,0.017003946006298065,0.03662170097231865,-0.028423989191651344,0.06395776383578777,1.7149335995007675,-2.8023827967126103,6.604737205876998,windowmlp
47580,2026Q2,2,0.007704608142375946,0.033126890659332275,0.06265043467283249,-0.02468109130859375,0.09503613412380219,3.3681695471757367,-2.437900356278244,9.969859105322133,windowmlp
47580,2026Q2,4,0.03001829981803894,0.06898349523544312,0.11604043841362,-0.01866259053349495,0.16472132876515388,7.141852549190908,-1.8489522694496885,17.906450156483,windowmlp
47580,2026Q2,8,0.07191067934036255,0.14047111570835114,0.22652879357337952,-0.030515719205141068,0.32895519211888313,15.081583858446312,-3.005481481996508,38.951559294319395,windowmlp
47664,2026Q2,1,0.0016808649525046349,0.019395213574171066,0.03871392831206322,-0.02565519791096449,0.06604999117553234,1.958452264488586,-2.5328899691666407,6.828012041015397,windowmlp
47664,2026Q2,2,0.013902094215154648,0.03877822309732437,0.06890107691287994,-0.018483605235815048,0.10128677636384964,3.953991214146302,-1.8313831026896765,10.65939412509822,windowmlp
47664,2026Q2,4,0.042890533804893494,0.08152759820222855,0.12986832857131958,-0.005790356546640396,0.17854921892285347,8.494315965155064,-0.5773624742120065,19.548172214812887,windowmlp
47664,2026Q2,8,0.09690841287374496,0.1640617847442627,0.2533506751060486,-0.005517985671758652,0.3557770736515522,17.828711301174405,-0.5502789552326082,42.72893323967624,windowmlp
47764,2026Q2,1,-0.0013229362666606903,0.016639038920402527,0.036009322851896286,-0.028658999130129814,0.06334538571536541,1.6778238707021886,-2.825222518865844,6.5394747819584875,windowmlp
47764,2026Q2,2,0.008032974787056446,0.03321215137839317,0.0623815655708313,-0.02435272466391325,0.094767265021801,3.376983167361791,-2.4058589565947086,9.940295582594283,windowmlp
47764,2026Q2,4,0.030871909111738205,0.06984613835811615,0.11638133227825165,-0.017808981239795685,0.16506222262978554,7.234317607882401,-1.7651338539208417,17.946650593593706,windowmlp
47764,2026Q2,8,0.07823891192674637,0.14580325782299042,0.23203250765800476,-0.024187486618757248,0.3344589062035084,15.696854114813984,-2.3897313591003666,39.71841729614902,windowmlp
47930,2026Q2,1,0.003940452355891466,0.021254224702715874,0.04030868038535118,-0.023395610507577658,0.0676447432488203,2.148170451370235,-2.3124055069509875,6.998512151270053,windowmlp
47930,2026Q2,2,0.018767502158880234,0.04320044815540314,0.07363221794366837,-0.013618197292089462,0.10601791739463806,4.414717124982426,-1.3525889141976166,11.184179763632617,windowmlp
47930,2026Q2,4,0.05353878438472748,0.09207281470298767,0.1414211541414261,0.004857894033193588,0.19010204449295998,9.644465646622624,0.48697127306556176,20.937300121552617,windowmlp
47930,2026Q2,8,0.11620604991912842,0.18261747062206268,0.2745112478733063,0.013779651373624802,0.3769376464188099,20.035514913790852,1.3875028353271368,45.781340665058856,windowmlp
47940,2026Q2,1,-0.0021040719002485275,0.01603054627776146,0.03555598109960556,-0.02944013476371765,0.06289204396307468,1.6159724829227562,-2.901099561253362,6.491186936048043,windowmlp
47940,2026Q2,2,0.005975530482828617,0.03145568072795868,0.06056198477745056,-0.02641016896814108,0.09294768422842026,3.195563905944643,-2.606447046040672,9.740432221243944,windowmlp
47940,2026Q2,4,0.026293061673641205,0.06537482142448425,0.11166292428970337,-0.022387828677892685,0.16034381464123726,6.755909342240307,-2.2139081006234296,17.391441057834236,windowmlp
47940,2026Q2,8,0.065865159034729,0.13428543508052826,0.2191270887851715,-0.03656123951077461,0.3215534873306751,14.371923064855707,-3.5900948865762228,37.92687774583745,windowmlp
48060,2026Q2,1,0.0037486213259398937,0.02120891958475113,0.04036460071802139,-0.02358744153752923,0.06770066358149052,2.1435427212887603,-2.3311432215210703,7.004495710964531,windowmlp
48060,2026Q2,2,0.018461883068084717,0.04295100271701813,0.0735984593629837,-0.01392381638288498,0.1059841588139534,4.388674598325104,-1.3827328397687966,11.18042640688357,windowmlp
48060,2026Q2,4,0.05243297666311264,0.09082391858100891,0.1402393877506256,0.0037520863115787506,0.1889202781021595,9.50761657160708,0.37591341994278604,20.794464900429976,windowmlp
48060,2026Q2,8,0.11533588171005249,0.18170177936553955,0.27365389466285706,0.012909483164548874,0.37608029320836067,19.925649751273156,1.299317027370006,45.656408127924664,windowmlp
48140,2026Q2,1,0.0028198459185659885,0.020430980250239372,0.03971725329756737,-0.024516216944903135,0.06705331616103649,2.064112141731478,-2.4218135410638997,6.935249042433389,windowmlp
48140,2026Q2,2,0.01606130786240101,0.04085831716656685,0.07131296396255493,-0.016324391588568687,0.10369866341352463,4.170450344373644,-1.6191870795208896,10.926614207502162,windowmlp
48140,2026Q2,4,0.04729350656270981,0.08584631979465485,0.1348845511674881,-0.0013873837888240814,0.183565441519022,8.963885951345695,-0.13864218168615494,20.1493590404646,windowmlp
48140,2026Q2,8,0.10242161154747009,0.16946423053741455,0.259689062833786,-4.7869980335235596e-06,0.3621154613792896,18.466997126703298,-0.0004786986575910923,43.63647770447145,windowmlp
48260,2026Q2,1,0.0007749563083052635,0.018521515652537346,0.037765663117170334,-0.02656110655516386,0.06510172598063946,1.8694102802145895,-2.6211462845534106,6.726758770420793,windowmlp
48260,2026Q2,2,0.012133846990764141,0.0370887815952301,0.06686146557331085,-0.020251852460205555,0.09924716502428055,3.778515296966445,-2.004816105638174,10.433921985940664,windowmlp
48260,2026Q2,4,0.038880180567502975,0.0776555985212326,0.12540437281131744,-0.009800709784030914,0.17408526316285133,8.075038253761324,-0.9752839343636022,19.01570380477333,windowmlp
48260,2026Q2,8,0.08785781264305115,0.1554257571697235,0.24308070540428162,-0.014568585902452469,0.34550710394978523,16.81552056990645,-1.4462977531752852,41.270612691339316,windowmlp
48300,2026Q2,1,-4.552491009235382e-05,0.017797542735934258,0.03716805949807167,-0.027381587773561478,0.0645041223615408,1.7956862764525239,-2.701011036851053,6.662997526997416,windowmlp
48300,2026Q2,2,0.010596029460430145,0.03561706468462944,0.06516711413860321,-0.02178966999053955,0.0975528135895729,3.6258950355040565,-2.1553990031335513,10.246966540623292,windowmlp
48300,2026Q2,4,0.036328092217445374,0.07515846192836761,0.12248396873474121,-0.012352798134088516,0.1711648590862751,7.8054968019386495,-1.2276815511018002,18.66863689268856,windowmlp
48300,2026Q2,8,0.0875210165977478,0.15501736104488373,0.242782324552536,-0.014905381947755814,0.3452087230980396,16.767823304336726,-1.4794846614185841,41.22846653371375,windowmlp
48424,2026Q2,1,-0.0038919467478990555,0.01454587560147047,0.03440328314900398,-0.03122800961136818,0.061739346012473106,1.4652181662828445,-3.0745451473803698,6.368505484022924,windowmlp
48424,2026Q2,2,0.001619463786482811,0.027543094009160995,0.056359514594078064,-0.030766235664486885,0.08874521404504776,2.792591160144031,-3.0297771619906655,9.280219020360313,windowmlp
48424,2026Q2,4,0.017634207382798195,0.0569448247551918,0.1026182621717453,-0.031046682968735695,0.1512991525232792,5.8597400413401335,-3.0569683865469544,16.334462351142378,windowmlp
48424,2026Q2,8,0.049063097685575485,0.11875496804714203,0.2018434703350067,-0.05336330085992813,0.30426986888051033,12.609395547886804,-5.196447221219347,35.56348503886579,windowmlp
48540,2026Q2,1,0.0002344418317079544,0.018066855147480965,0.03735549747943878,-0.02710162103176117,0.0646915603429079,1.8231048101186698,-2.6737667423603506,6.682992097752893,windowmlp
48540,2026Q2,2,0.011072177439928055,0.036117009818553925,0.06573436409235,-0.02131352201104164,0.0981200635433197,3.677715250028313,-2.1087994007912725,10.309521867870043,windowmlp
48540,2026Q2,4,0.03700124844908714,0.07581612467765808,0.12326596677303314,-0.011679641902446747,0.17194685712456703,7.876419780498267,-1.1611699655916685,18.76147182758303,windowmlp
48540,2026Q2,8,0.08637718856334686,0.15368443727493286,0.24112215638160706,-0.016049209982156754,0.34354855492711067,16.612284380881714,-1.5921107641001964,40.994198045096255,windowmlp
48620,2026Q2,1,0.0010662823915481567,0.018927229568362236,0.038422949612140656,-0.026269780471920967,0.06575901247560978,1.9107485027411775,-2.592773151793659,6.796931887007074,windowmlp
48620,2026Q2,2,0.012309703975915909,0.03737935423851013,0.06748110800981522,-0.020075995475053787,0.09986680746078491,3.8086748760340683,-1.987581452666476,10.502372735737286,windowmlp
48620,2026Q2,4,0.03978283330798149,0.07847502082586288,0.12667414546012878,-0.008898057043552399,0.17535503581166267,8.163633644242442,-0.8858586491142906,19.166922676719665,windowmlp
48620,2026Q2,8,0.09106241166591644,0.1586739718914032,0.24752289056777954,-0.011363986879587173,0.34994928911328316,17.195579385699133,-1.1299660678633083,41.89955882441589,windowmlp
48660,2026Q2,1,-0.0034660352393984795,0.014771548099815845,0.034311603754758835,-0.030802098102867603,0.06164766661822796,1.488118659470139,-3.0332546882752998,6.358754130879296,windowmlp
48660,2026Q2,2,0.003219038248062134,0.028873899951577187,0.0575428381562233,-0.029166661202907562,0.089928537607193,2.929479216813058,-2.8745419479626055,9.409609418658714,windowmlp
48660,2026Q2,4,0.02046571485698223,0.05972760170698166,0.105283722281456,-0.02821517549455166,0.15396461263298988,6.154734347361601,-2.782084483705971,16.644960846768477,windowmlp
48660,2026Q2,8,0.05504527688026428,0.12399382889270782,0.20715603232383728,-0.047381121665239334,0.3095824308693409,13.200888522933374,-4.62761565038109,36.28559087421215,windowmlp
48680,2026Q2,1,0.0014708992093801498,0.01918133720755577,0.03858257830142975,-0.025865163654088974,0.06591864116489887,1.9366480929541519,-2.553352575056156,6.813981102000022,windowmlp
48680,2026Q2,2,0.013673274777829647,0.03847202658653259,0.06851288676261902,-0.01871242467314005,0.10089858621358871,3.9221657374272523,-1.8538434205944365,10.616445574906441,windowmlp
48680,2026Q2,4,0.04311434179544449,0.08173786848783493,0.1299934834241867,-0.005566548556089401,0.1786743737757206,8.517131494589613,-0.5551084032655251,19.563135185041602,windowmlp
48680,2026Q2,8,0.10233712196350098,0.169322669506073,0.25957396626472473,-8.927658200263977e-05,0.36200036481022835,18.45022800336531,-0.0089272596967227,43.61994659005115,windowmlp
48700,2026Q2,1,0.001882069744169712,0.0194839034229517,0.038699254393577576,-0.025453993119299412,0.0660353172570467,1.9674953452106347,-2.513277146567916,6.826444466975978,windowmlp
48700,2026Q2,2,0.014573615044355392,0.03934247046709061,0.06938816606998444,-0.017812084406614304,0.10177386552095413,4.012663531559313,-1.765438692624921,10.713308245534115,windowmlp
48700,2026Q2,4,0.04424372687935829,0.0829065591096878,0.13119979202747345,-0.004437163472175598,0.17988068237900734,8.644028585754505,-0.4427333806321876,19.707452251610146,windowmlp
48700,2026Q2,8,0.10018476843833923,0.16694632172584534,0.2563992142677307,-0.002241630107164383,0.35882561281323433,18.169083248142236,-0.22391195306740164,43.164711888805705,windowmlp
48864,2026Q2,1,0.0007018717005848885,0.018561985343694687,0.03799430653452873,-0.026634191162884235,0.06533036939799786,1.8735329872087814,-2.628262919816049,6.751163931203008,windowmlp
48864,2026Q2,2,0.01163825485855341,0.03675035387277603,0.0666765347123146,-0.020747444592416286,0.0990622341632843,3.7433997127735763,-2.0533697153834907,10.41350123393643,windowmlp
48864,2026Q2,4,0.03807675093412399,0.07684139162302017,0.12473733723163605,-0.010604139417409897,0.17341822758316994,7.987078625617805,-1.054811374058906,18.936342567121866,windowmlp
48864,2026Q2,8,0.08652382344007492,0.15424281358718872,0.24219363927841187,-0.015902575105428696,0.3446200378239155,16.6774161005105,-1.5776796773685708,41.145351881764334,windowmlp
48900,2026Q2,1,-0.0005389051511883736,0.017495807260274887,0.037122298032045364,-0.027874968014657497,0.06445836089551449,1.7649755401261347,-2.7490045949738806,6.65811658354023,windowmlp
48900,2026Q2,2,0.008907608687877655,0.034234900027513504,0.06391213834285736,-0.02347809076309204,0.09629783779382706,3.482765922610498,-2.3204624724304956,10.108696047269206,windowmlp
48900,2026Q2,4,0.03268241509795189,0.07156998664140701,0.11894789338111877,-0.015998475253582,0.16762878373265266,7.419332725380223,-1.5871179398964763,18.249756682984298,windowmlp
48900,2026Q2,8,0.07762301713228226,0.1460171639919281,0.23297187685966492,-0.02480338141322136,0.33539827540516853,15.721605032728458,-2.4498305061668613,39.84972613834712,windowmlp
49020,2026Q2,1,0.002403770573437214,0.020024731755256653,0.03932221978902817,-0.02493229229003191,0.06665828265249729,2.022657170862052,-2.462404973539112,6.8930143784206255,windowmlp
49020,2026Q2,2,0.015476388856768608,0.040206149220466614,0.07052147388458252,-0.016909310594201088,0.10290717333555222,4.102535863958945,-1.6767150605427439,10.838851629160452,windowmlp
49020,2026Q2,4,0.04628749191761017,0.08481863141059875,0.13354270160198212,-0.0023933984339237213,0.182223591953516,8.851962552510928,-0.23905365395651135,19.988244794955158,windowmlp
49020,2026Q2,8,0.10394185781478882,0.17082421481609344,0.26118871569633484,0.001515459269285202,0.36361511424183846,18.628219985765515,0.15166081579749413,43.85204415645079,windowmlp
49180,2026Q2,1,-0.0026555070653557777,0.015566335991024971,0.035163138061761856,-0.0299915699288249,0.06249920092523098,1.5688122501789303,-2.9546285492089486,6.449360830753537,windowmlp
49180,2026Q2,2,0.00460350327193737,0.030249308794736862,0.05924905091524124,-0.027782196179032326,0.09163475036621094,3.0711467357955824,-2.739982023099974,9.596444835368235,windowmlp
49180,2026Q2,4,0.023255549371242523,0.0624287910759449,0.10856804251670837,-0.025425340980291367,0.15724893286824226,6.4418660111585035,-2.510483903417271,17.028690051881522,windowmlp
49180,2026Q2,8,0.05813058093190193,0.12719646096229553,0.2110380232334137,-0.044295817613601685,0.3134644217789173,13.564010481463562,-4.332908449651562,36.815678531129706,windowmlp
49340,2026Q2,1,-0.0008368520066142082,0.017191559076309204,0.036713697016239166,-0.028172914870083332,0.06404975987970829,1.7340184406861914,-2.77797590707185,6.614544871089412,windowmlp
49340,2026Q2,2,0.00840421486645937,0.033751312643289566,0.06325120478868484,-0.023981484584510326,0.09563690423965454,3.4327350606475626,-2.3696213739191396,10.035945559712856,windowmlp
49340,2026Q2,4,0.031417395919561386,0.07036067545413971,0.11744420230388641,-0.017263494431972504,0.1661250926554203,7.289507839751619,-1.7115334125321402,18.07207919847793,windowmlp
49340,2026Q2,8,0.07448247075080872,0.14273811876773834,0.22894924879074097,-0.0279439277946949,0.3313756473362446,15.342770104282133,-2.755710770994557,39.288292680615754,windowmlp
49420,2026Q2,1,-0.0013580350205302238,0.016628021374344826,0.03602120280265808,-0.028694097883999348,0.0633572656661272,1.676703636765775,-2.828633172607775,6.540740473191242,windowmlp
49420,2026Q2,2,0.007742512039840221,0.03300878778100014,0.0621902272105217,-0.024643187411129475,0.0945759266614914,3.355962189700512,-2.4342023023720682,9.919261799054556,windowmlp
49420,2026Q2,4,0.029997199773788452,0.0690101757645607,0.11561456322669983,-0.018683690577745438,0.16429545357823372,7.144711188642416,-1.851023239051186,17.856247415793057,windowmlp
49420,2026Q2,8,0.073967844247818,0.14197084307670593,0.2276587188243866,-0.028458554297685623,0.3300851173698902,15.25430434379862,-2.8057423845949336,39.10865290513781,windowmlp
49620,2026Q2,1,0.0023813890293240547,0.020052623003721237,0.03941286355257034,-0.02495467383414507,0.06674892641603947,2.025502749825403,-2.464587991095135,6.902704002685622,windowmlp
49620,2026Q2,2,0.015152892097830772,0.03999405354261398,0.07037486881017685,-0.017232807353138924,0.10276056826114655,4.08045850738743,-1.7085171803301047,10.822603282144483,windowmlp
49620,2026Q2,4,0.04555042088031769,0.08412005007266998,0.13292565941810608,-0.0031304694712162018,0.18160654976963997,8.775947157434416,-0.31255746606783097,19.914229823875495,windowmlp
49620,2026Q2,8,0.10100511461496353,0.16810590028762817,0.2582020163536072,-0.0014212839305400848,0.3606284148991108,18.30618906085992,-0.14202743848747978,43.423042319375725,windowmlp
49660,2026Q2,1,0.0004519624635577202,0.01834234595298767,0.03777693212032318,-0.026884100399911404,0.0651129949837923,1.8511600035785003,-2.652593975933304,6.7279614813785305,windowmlp
49660,2026Q2,2,0.010973111726343632,0.036195699125528336,0.06603333353996277,-0.021412587724626064,0.09841903299093246,3.6858738985850126,-2.1184965820952417,10.342505975063766,windowmlp
49660,2026Q2,4,0.03657245635986328,0.07542414963245392,0.12325643002986908,-0.012108433991670609,0.17193732038140297,7.834143202201482,-1.2035421889322606,18.76033923532907,windowmlp
49660,2026Q2,8,0.0815017819404602,0.14951792359352112,0.23668551445007324,-0.02092461660504341,0.33911191299557686,16.127428483371386,-2.070721579823298,40.37004287425909,windowmlp
49700,2026Q2,1,-0.0015324922278523445,0.016398679465055466,0.03571930527687073,-0.02886855509132147,0.06305536814033985,1.6533875812000165,-2.8455839392614646,6.50858094193254,windowmlp
49700,2026Q2,2,0.007804563269019127,0.032970935106277466,0.06199542433023453,-0.02458113618195057,0.09438112378120422,3.352049964127657,-2.428148036863742,9.897851295738636,windowmlp
49700,2026Q2,4,0.030155252665281296,0.06916049122810364,0.11551040410995483,-0.018525637686252594,0.16419129446148872,7.160817906084915,-1.8355092834965836,17.84397225245553,windowmlp
49700,2026Q2,8,0.07695057988166809,0.14458823204040527,0.23044389486312866,-0.025475818663835526,0.3328702934086323,15.55636482044147,-2.5154048241602833,39.49663504045952,windowmlp
49740,2026Q2,1,0.0018478678539395332,0.019600864499807358,0.03910508379340172,-0.02548819500952959,0.06644114665687084,1.9794222707499198,-2.516611319744011,6.869806577033755,windowmlp
49740,2026Q2,2,0.014055107720196247,0.03899300843477249,0.06925702840089798,-0.01833059173077345,0.10164272785186768,3.9763214052412676,-1.8163608292570799,10.698790512285594,windowmlp
49740,2026Q2,4,0.04368401691317558,0.08230964094400406,0.13089871406555176,-0.004996873438358307,0.17957960441708565,8.579196343195306,-0.4984409834603909,19.67141640093184,windowmlp
49740,2026Q2,8,0.10004729777574539,0.16724061965942383,0.2573820650577545,-0.0023791007697582245,0.35980846360325813,18.203865283044497,-0.23762729525205195,43.305490609895124,windowmlp
