cbsa_code,origin,horizon,q10,q50,q90,lo,hi,q50_pct,lo_pct,hi_pct,model
10180,2026Q2,1,-0.004179668612778187,0.01398283988237381,0.03293618559837341,-0.030757849104702473,0.0595143660902977,1.408105703896223,-3.0289639120093415,6.132100790345119,seqgru
10180,2026Q2,2,0.002055501565337181,0.028282880783081055,0.05672254413366318,-0.03308522468432784,0.0918632703833282,2.8686638948733467,-3.2543895065648143,9.621492678675803,seqgru
10180,2026Q2,4,0.013139672577381134,0.05541601777076721,0.1030358225107193,-0.033843398094177246,0.15001889318227768,5.698024578757366,-3.32771165699588,16.18561936817684,seqgru
10180,2026Q2,8,0.037215352058410645,0.11450336128473282,0.20886141061782837,-0.05228506773710251,0.2983618304133415,12.13164101213582,-5.094171761966482,34.764932018278884,seqgru
10420,2026Q2,1,-0.006675473414361477,0.011503402143716812,0.030062656849622726,-0.03325365390628576,0.05664083734154701,1.1569820709653955,-3.2706829222858835,5.827564903422089,seqgru
10420,2026Q2,2,-0.0027109701186418533,0.023409243673086166,0.05087914317846298,-0.037851696368306875,0.086019869428128,2.3685390604634815,-3.7144274695926516,8.982798234876842,seqgru
10420,2026Q2,4,0.004973798990249634,0.04633992165327072,0.09139718115329742,-0.042009271681308746,0.1383802518248558,4.743039472167432,-4.11391097213235,14.841215307630563,seqgru
10420,2026Q2,8,0.028865192085504532,0.10053586214780807,0.1864219307899475,-0.06063522771000862,0.27592235058546066,10.576329603979161,-5.883351137631198,31.774553788504356,seqgru
10500,2026Q2,1,-0.007666395045816898,0.010605519637465477,0.029103964567184448,-0.034244575537741184,0.055682145059108734,1.066195750202592,-3.3664866201564614,5.7261574507179835,seqgru
10500,2026Q2,2,-0.004722878336906433,0.021516509354114532,0.04881390929222107,-0.039863604586571455,0.08395463554188609,2.1749658625070056,-3.9079504637375972,8.75795552325469,seqgru
10500,2026Q2,4,0.0010948218405246735,0.04246394708752632,0.08698516339063644,-0.04588824883103371,0.13396823406219482,4.337843886403858,-4.485130478993993,14.335649927632943,seqgru
10500,2026Q2,8,0.021997801959514618,0.093117855489254,0.1778128445148468,-0.06750261783599854,0.26731326431035995,9.759108477995483,-6.527472634464548,30.64496462809001,seqgru
10540,2026Q2,1,-0.01004298496991396,0.00835952628403902,0.026635397225618362,-0.036621165461838245,0.05321357771754265,0.83945646906598,-3.595872168725811,5.465487184711892,seqgru
10540,2026Q2,2,-0.009877700358629227,0.01662125438451767,0.043338876217603683,-0.04501842660829425,0.0784796024672687,1.6760155938746024,-4.402013379572944,8.164129212360205,seqgru
10540,2026Q2,4,-0.00956641137599945,0.03226565197110176,0.07557673752307892,-0.05654948204755783,0.1225598081946373,3.279183205170688,-5.498027817261852,13.038672444157417,seqgru
10540,2026Q2,8,0.0044972822070121765,0.07638658583164215,0.15948981046676636,-0.08500313758850098,0.2489902302622795,7.937976643644151,-8.149059750760301,28.272950107780236,seqgru
10580,2026Q2,1,-0.00427345372736454,0.013912304304540157,0.03282112628221512,-0.030851634219288826,0.059399306774139404,1.4009530768236855,-3.0380579252922035,6.119890005901474,seqgru
10580,2026Q2,2,0.0023336373269557953,0.028494304046034813,0.056878916919231415,-0.03280708892270923,0.09201964316889644,2.8904150227158754,-3.2274773500638787,9.638635837170906,seqgru
10580,2026Q2,4,0.01443392038345337,0.056304581463336945,0.10358406603336334,-0.03254915028810501,0.15056713670492172,5.791985744832506,-3.20251275817639,16.24933484562281,seqgru
10580,2026Q2,8,0.042230602353811264,0.11735959351062775,0.20928969979286194,-0.04726981744170189,0.2987901195883751,12.452372842986904,-4.6169997104056115,34.82266274167591,seqgru
10740,2026Q2,1,-0.007680167444050312,0.01058955118060112,0.029139764606952667,-0.0342583479359746,0.05571794509887695,1.064581891900751,-3.367817486220792,5.729942519111653,seqgru
10740,2026Q2,2,-0.005302811041474342,0.02108738198876381,0.04848024994134903,-0.040443537291139364,0.08362097619101405,2.131129195031134,-3.9636612301035323,8.721673467672787,seqgru
10740,2026Q2,4,-0.0011113621294498444,0.04089533910155296,0.08599363267421722,-0.048094432801008224,0.1329767033457756,4.174307007403888,-4.695621576606735,14.22233880376118,seqgru
10740,2026Q2,8,0.014887943863868713,0.08847349882125854,0.17523989081382751,-0.07461247593164444,0.26474031060934067,9.250529954861664,-7.189692107034096,30.30925325294649,seqgru
10780,2026Q2,1,-0.006754451431334019,0.011457066051661968,0.030048169195652008,-0.033332631923258305,0.056626349687576294,1.1522949603242072,-3.278322110263854,5.826031721387337,seqgru
10780,2026Q2,2,-0.00290607288479805,0.02327509969472885,0.0508626364171505,-0.03804679913446307,0.08600336266681552,2.354807858374919,-3.733211218693977,8.980999296686566,seqgru
10780,2026Q2,4,0.004583481699228287,0.04611033573746681,0.09146146476268768,-0.04239958897233009,0.13844453543424606,4.7189947058015935,-4.1513296675913525,14.848597952746289,seqgru
10780,2026Q2,8,0.026739053428173065,0.09911487996578217,0.18599379062652588,-0.06276136636734009,0.27549421042203903,10.419314194328134,-6.0832436082208785,31.718147885188497,seqgru
10900,2026Q2,1,-0.00532425194978714,0.012849939987063408,0.031581226736307144,-0.031902432441711426,0.05815940722823143,1.2932855237263174,-3.139891848843801,5.988393540521542,seqgru
10900,2026Q2,2,0.0005085449665784836,0.026515783742070198,0.054421670734882355,-0.03463218128308654,0.08956239698454738,2.6870454992173665,-3.403935067049957,9.369557448916765,seqgru
10900,2026Q2,4,0.012170752510428429,0.053386859595775604,0.09946034103631973,-0.03481231816112995,0.1464434117078781,5.483764025896964,-3.4213340134752634,15.770941616615852,seqgru
10900,2026Q2,8,0.04070708900690079,0.11352500319480896,0.20294219255447388,-0.048793330788612366,0.29244261234998703,12.021989761855423,-4.762206344206343,33.96958523611122,seqgru
11020,2026Q2,1,-0.0040111299604177475,0.014031801372766495,0.032863959670066833,-0.030589310452342033,0.05944214016199112,1.4130709174405176,-3.012619166947117,6.124435577659293,seqgru
11020,2026Q2,2,0.0029517672955989838,0.028812043368816376,0.056922197341918945,-0.03218895895406604,0.09206292359158397,2.9231125478755615,-3.1676408622147934,9.643381146361563,seqgru
11020,2026Q2,4,0.017529459670186043,0.05831773579120636,0.10469666123390198,-0.029453611001372337,0.15167973190546036,6.0051758590879745,-2.902408080294705,16.378745274999762,seqgru
11020,2026Q2,8,0.05009276792407036,0.1213434636592865,0.20979535579681396,-0.039407651871442795,0.2992957755923271,12.90126205877382,-3.8641270429046193,34.89085386973374,seqgru
11100,2026Q2,1,-0.007530705071985722,0.01074195932596922,0.029290717095136642,-0.03410888556391001,0.05586889758706093,1.0799861312252634,-3.3533735316175317,5.745903921686879,seqgru
11100,2026Q2,2,-0.004732595756649971,0.02159060724079609,0.04903972148895264,-0.03987332200631499,0.08418044773861766,2.1825370920517617,-3.9088842259800693,8.782517169158655,seqgru
11100,2026Q2,4,0.0010092146694660187,0.042873565107584,0.08803335577249527,-0.04597385600209236,0.13501642644405365,4.380591301891834,-4.493306886783155,14.455558517518497,seqgru
11100,2026Q2,8,0.020467959344387054,0.09447946399450302,0.1830562949180603,-0.0690324604511261,0.27255671471357346,9.90865920529349,-6.670361563517247,31.33179412512146,seqgru
11180,2026Q2,1,-0.007097550667822361,0.011085146106779575,0.029593881219625473,-0.03367573115974665,0.05617206171154976,1.1146813994081572,-3.3115015518536794,5.777967146031671,seqgru
11180,2026Q2,2,-0.003428082913160324,0.022610297426581383,0.049944981932640076,-0.038568809162825346,0.0850857081823051,2.2867847634140848,-3.783450334034222,8.881038265814345,seqgru
11180,2026Q2,4,0.004743743687868118,0.045653413981199265,0.09029035270214081,-0.04223932698369026,0.1372734233736992,4.671157248645796,-4.135967538125573,14.714176101435905,seqgru
11180,2026Q2,8,0.02824343740940094,0.09879618883132935,0.1841699182987213,-0.06125698238611221,0.27367033809423447,10.384130144542203,-5.941850416176031,31.478129747945594,seqgru
11200,2026Q2,1,-0.007185609079897404,0.0110456058755517,0.029595859348773956,-0.03376378957182169,0.05617403984069824,1.1106833805669014,-3.320015412628907,5.778176388718692,seqgru
11200,2026Q2,2,-0.003615204244852066,0.022540835663676262,0.04997629299759865,-0.03875593049451709,0.08511701924726367,2.2796799897804254,-3.801452818561535,8.884447500449344,seqgru
11200,2026Q2,4,0.003929655998945236,0.04516066238284111,0.09004545211791992,-0.043053414672613144,0.1370285227894783,4.619593073817652,-4.213977508976496,14.686085972475137,seqgru
11200,2026Q2,8,0.02678036317229271,0.09796718508005142,0.18396367132663727,-0.06272005662322044,0.2734640911221504,10.292659206684718,-6.079363850910447,31.451015577993658,seqgru
11244,2026Q2,1,-0.008133421652019024,0.010189942084252834,0.028666052967309952,-0.03471160214394331,0.05524423345923424,1.024203633955012,-3.411606505042175,5.679868875851812,seqgru
11244,2026Q2,2,-0.005734611302614212,0.020594928413629532,0.047874338924884796,-0.040875337552279234,0.08301506517454982,2.080846737230768,-4.0051207944937435,8.655817761354069,seqgru
11244,2026Q2,4,-0.0012062303721904755,0.040255337953567505,0.08470775187015533,-0.048189301043748856,0.13169082254171371,4.107656661752435,-4.704662506657897,14.07555688315063,seqgru
11244,2026Q2,8,0.016636401414871216,0.0875755101442337,0.17161647975444794,-0.07286401838064194,0.2611168995499611,9.152468251742363,-7.02727527529694,29.837943653433996,seqgru
11260,2026Q2,1,-0.00517517514526844,0.01297338679432869,0.03171047568321228,-0.031753355637192726,0.058288656175136566,1.305790628263348,-3.125451177077443,6.002093314092405,seqgru
11260,2026Q2,2,0.0006422344595193863,0.02667265012860298,0.054617322981357574,-0.034498491790145636,0.0897580492310226,2.7031549084679307,-3.3910203248455506,9.390957941986656,seqgru
11260,2026Q2,4,0.012007003650069237,0.05313453823328018,0.09913468360900879,-0.03497606702148914,0.14611775428056717,5.457151576422747,-3.4371473652210716,15.733246087859222,seqgru
11260,2026Q2,8,0.03964192420244217,0.11091876029968262,0.19816488027572632,-0.049858495593070984,0.28766530007123947,11.730413371433057,-4.863596281979953,33.33109703468189,seqgru
11460,2026Q2,1,-0.007122931070625782,0.011126117780804634,0.029709644615650177,-0.03370111156255007,0.05628782510757446,1.118824322044265,-3.313955513749345,5.790213071534356,seqgru
11460,2026Q2,2,-0.003278356045484543,0.02287919633090496,0.050342269241809845,-0.038419082295149565,0.08548299549147487,2.3142932661011084,-3.769043052882537,8.924303914404064,seqgru
11460,2026Q2,4,0.004896935075521469,0.046068012714385986,0.09107980132102966,-0.04208613559603691,0.13806287199258804,4.7145627751586705,-4.121280869059807,14.804772805342337,seqgru
11460,2026Q2,8,0.028059475123882294,0.09926787763834,0.1862870454788208,-0.06144094467163086,0.27578746527433395,10.436209384834761,-5.959151976879006,31.756780535520335,seqgru
11500,2026Q2,1,-0.00326469074934721,0.014847254380583763,0.03386184200644493,-0.029842871241271496,0.06044002249836922,1.4958022383199099,-2.9401969568882524,6.230388132679887,seqgru
11500,2026Q2,2,0.0044291336089372635,0.03050408884882927,0.05918686091899872,-0.03071159264072776,0.09432758716866374,3.0974105537427077,-3.0244782710277973,9.891967894544873,seqgru
11500,2026Q2,4,0.019365856423974037,0.06104191765189171,0.10895352065563202,-0.027617214247584343,0.1559365913271904,6.294346934769357,-2.723934553746643,16.87520917212626,seqgru
11500,2026Q2,8,0.051159147173166275,0.125693678855896,0.21879485249519348,-0.03834127262234688,0.30829527229070663,13.393476688241357,-3.761555062293731,36.11028255578106,seqgru
11540,2026Q2,1,-0.004488151520490646,0.013605684973299503,0.032446328550577164,-0.031066332012414932,0.05902450904250145,1.3698663505432584,-3.0588732056955337,6.080123964422168,seqgru
11540,2026Q2,2,0.0014136452227830887,0.02748527005314827,0.055622346699237823,-0.03372708102688193,0.09076307294890285,2.786647457720215,-3.3164663659301374,9.500953714161309,seqgru
11540,2026Q2,4,0.012320835143327713,0.05401494354009628,0.10080669820308685,-0.03466223552823067,0.14778976887464523,5.550037494940385,-3.4068381452402763,15.926915628368143,seqgru
11540,2026Q2,8,0.03671322017908096,0.11124271154403687,0.2021137773990631,-0.05278719961643219,0.29161419719457626,11.766614441251155,-5.141815041253251,33.858648758411626,seqgru
11694,2026Q2,1,-0.008391947485506535,0.009938172996044159,0.02839328721165657,-0.03497012797743082,0.054971467703580856,0.9987720638950259,-3.436573872481874,5.651046957555406,seqgru
11694,2026Q2,2,-0.006203005090355873,0.02014821209013462,0.04743611067533493,-0.041343731340020895,0.08257683692499995,2.0352557405564298,-4.0500736709227265,8.608212144358053,seqgru
11694,2026Q2,4,-0.001829303801059723,0.03997627645730972,0.08472704142332077,-0.0488123744726181,0.13171011209487915,4.078608276643947,-4.764020005384683,14.07775737089314,seqgru
11694,2026Q2,8,0.015175767242908478,0.08835642039775848,0.17532587051391602,-0.07432465255260468,0.26482629030942917,9.237739823786795,-7.162975285928197,30.3204576851299,seqgru
11700,2026Q2,1,-0.011053652502596378,0.0074727353639900684,0.0257888063788414,-0.037631832994520664,0.052366986870765686,0.7500725929490359,-3.693255471380996,5.376238852351545,seqgru
11700,2026Q2,2,-0.012867575511336327,0.01402810774743557,0.04082677140831947,-0.04800830176100135,0.0759674976579845,1.4126963362446787,-4.68741255785533,7.892750591657971,seqgru
11700,2026Q2,4,-0.01823221519589424,0.024830661714076996,0.06854251027107239,-0.06521528586745262,0.11552558094263077,2.514151011924737,-6.3134252290266035,12.246322784845788,seqgru
11700,2026Q2,8,-0.018305957317352295,0.05752095580101013,0.14270947873592377,-0.10780637711286545,0.23220989853143692,5.920746696306689,-10.2198585495737,26.138446379014457,seqgru
12020,2026Q2,1,-0.009206761606037617,0.009111969731748104,0.02756257727742195,-0.0357849420979619,0.05414075776934624,0.9153610107129451,-3.515223069028073,5.563318026977537,seqgru
12020,2026Q2,2,-0.009018315002322197,0.017583977431058884,0.04465970769524574,-0.04415904125198722,0.07980043394491076,1.773948570970374,-4.3198225580431515,8.307090191872458,seqgru
12020,2026Q2,4,-0.009680397808551788,0.03274928033351898,0.07714127004146576,-0.05666346848011017,0.12412434071302414,3.3291440276775885,-5.508799146035792,13.215663541092205,seqgru
12020,2026Q2,8,-0.0024240687489509583,0.07133755832910538,0.15638813376426697,-0.09192448854446411,0.24588855355978012,7.394368332494539,-8.782597346699761,27.87570526787373,seqgru
12054,2026Q2,1,-0.011321154423058033,0.007152934558689594,0.025320228189229965,-0.03789933491498232,0.05189840868115425,0.7178577900342376,-3.7190142650788127,5.326873411809685,seqgru
12054,2026Q2,2,-0.012866264209151268,0.013796472921967506,0.040265318006277084,-0.04800699045881629,0.0754060442559421,1.389208344452042,-4.687287574169208,7.83219084211213,seqgru
12054,2026Q2,4,-0.017072182148694992,0.02524348720908165,0.06806981563568115,-0.06405525282025337,0.11505288630723953,2.5564802037448375,-6.2046826459127065,12.193277088418775,seqgru
12054,2026Q2,8,-0.012364521622657776,0.060702331364154816,0.14307579398155212,-0.10186494141817093,0.23257621377706528,6.258256960263409,-9.68484782041542,26.184661279077414,seqgru
12100,2026Q2,1,-0.002128744497895241,0.015889987349510193,0.035001326352357864,-0.028706924989819527,0.06157950684428215,1.6016904544941646,-2.829879592018769,6.351504989293311,seqgru
12100,2026Q2,2,0.006624799221754074,0.0325484424829483,0.06144949048757553,-0.028515927027910948,0.09659021673724055,3.308393708284285,-2.811318524555839,10.14089421828437,seqgru
12100,2026Q2,4,0.02305540442466736,0.0646253302693367,0.11314322054386139,-0.02392766624689102,0.16012629121541977,6.675926709310631,-2.3643669278488377,17.36590844648489,seqgru
12100,2026Q2,8,0.05452864617109299,0.12953686714172363,0.22363609075546265,-0.034971773624420166,0.3131365105509758,13.830107659632773,-3.4367327816626103,36.770822488782805,seqgru
12220,2026Q2,1,-0.007670161314308643,0.010633306577801704,0.029218323528766632,-0.03424834180623293,0.05579650402069092,1.0690041095715808,-3.366850567227786,5.738248875664342,seqgru
12220,2026Q2,2,-0.005496364086866379,0.020962946116924286,0.048456717282533646,-0.0406370903365314,0.08359744353219867,2.118421209608834,-3.9822475571626215,8.71911498772926,seqgru
12220,2026Q2,4,-0.0029014572501182556,0.039589427411556244,0.08495433628559113,-0.049884527921676636,0.1319374069571495,4.038353353140156,-4.866072871868054,14.103689606063142,seqgru
12220,2026Q2,8,0.008969254791736603,0.08491387963294983,0.1738608479499817,-0.08053116500377655,0.26336126774549484,8.862331002223844,-7.737385051173495,30.12967505862818,seqgru
12260,2026Q2,1,-0.006547040306031704,0.011667661368846893,0.030334044247865677,-0.03312522079795599,0.05691222473978996,1.1735994031945696,-3.258258877614717,5.856289068435538,seqgru
12260,2026Q2,2,-0.0030339155346155167,0.023260319605469704,0.050945945084095,-0.03817464178428054,0.08608667133376002,2.353295056358351,-3.745517433414891,8.990078736653029,seqgru
12260,2026Q2,4,0.0029764175415039062,0.04515302926301956,0.0910334661602974,-0.044006653130054474,0.13801653683185577,4.618794502975843,-4.305240924490916,14.799453430979547,seqgru
12260,2026Q2,8,0.02059333026409149,0.09636528789997101,0.18672901391983032,-0.06890708953142166,0.2762294337153435,10.11612314098127,-6.65866000740869,31.815025744730097,seqgru
12420,2026Q2,1,-0.012529772706329823,0.006000604014843702,0.024086695164442062,-0.03910795319825411,0.05066487565636635,0.6018643704075233,-3.8353109314740452,5.197029335001235,seqgru
12420,2026Q2,2,-0.016176288947463036,0.010705356486141682,0.036796100437641144,-0.05131701519712806,0.07193682668730617,1.076286384394165,-5.002253450182925,7.458745667008326,seqgru
12420,2026Q2,4,-0.026193592697381973,0.016835656017065048,0.05909176915884018,-0.07317666336894035,0.10607483983039856,1.6978174347004549,-7.056338188306777,11.190508818093692,seqgru
12420,2026Q2,8,-0.031932614743709564,0.043389420956373215,0.12550659477710724,-0.12143303453922272,0.2150070145726204,4.434450531019807,-11.434964065248032,23.98705940978807,seqgru
12540,2026Q2,1,-0.007972774095833302,0.010329267010092735,0.028845522552728653,-0.03455095458775759,0.05542370304465294,1.0382798041922658,-3.396088569245448,5.698836900146875,seqgru
12540,2026Q2,2,-0.0059222262352705,0.02051117829978466,0.04782918095588684,-0.04106295248493552,0.08296990720555186,2.072297812686852,-4.023129177917594,8.650911196090249,seqgru
12540,2026Q2,4,-0.0034616589546203613,0.03860826417803764,0.08330047875642776,-0.05044472962617874,0.13028354942798615,3.9363248074682167,-4.919352135040822,13.915134324667466,seqgru
12540,2026Q2,8,0.009444177150726318,0.08230122178792953,0.16696637868881226,-0.08005624264478683,0.2564667984843254,8.578282201843002,-7.693557065814128,29.235585691412314,seqgru
12580,2026Q2,1,-0.008836821652948856,0.009549672715365887,0.02802075818181038,-0.03541500214487314,0.054598938673734665,0.9595416336100726,-3.4795228921227106,5.611696205633865,seqgru
12580,2026Q2,2,-0.007416116073727608,0.01906726509332657,0.04617772996425629,-0.04255684232339263,0.08131845621392131,1.925020627186158,-4.166401007155629,8.4716276208195,seqgru
12580,2026Q2,4,-0.005032680928707123,0.03679198399186134,0.08083876967430115,-0.0520157516002655,0.12782184034585953,3.7477186527563155,-5.068608648817163,13.635053284370247,seqgru
12580,2026Q2,8,0.010412335395812988,0.08254702389240265,0.16703210771083832,-0.07908808439970016,0.25653252750635147,8.604974252454989,-7.604146547231327,29.244080499245428,seqgru
12620,2026Q2,1,-0.009987317956984043,0.008539021946489811,0.026947572827339172,-0.03656549844890833,0.05352575331926346,0.857558338661013,-3.5905054895232102,5.498416076165391,seqgru
12620,2026Q2,2,-0.01024787686765194,0.01659933477640152,0.04349709302186966,-0.04538860311731696,0.07863781927153468,1.6737869198838906,-4.4373949594108115,8.181243949104179,seqgru
12620,2026Q2,4,-0.0116962231695652,0.030989058315753937,0.07475019991397858,-0.05867929384112358,0.12173327058553696,3.147421775957948,-5.699085049098818,12.94528033146316,seqgru
12620,2026Q2,8,-0.002361595630645752,0.07268042117357254,0.1580047905445099,-0.0918620154261589,0.24750521034002304,7.538681113882961,-8.776898533102829,28.082603590549372,seqgru
12700,2026Q2,1,-0.005692332051694393,0.01247556321322918,0.03125951811671257,-0.03227051254361868,0.057837698608636856,1.2553707679256787,-3.175537566680653,5.954301644864968,seqgru
12700,2026Q2,2,-0.0012587439268827438,0.025038808584213257,0.05298434942960739,-0.036399470176547766,0.08812507567927241,2.535491232475562,-3.57449745885442,9.21247117261641,seqgru
12700,2026Q2,4,0.006713833659887314,0.048829421401023865,0.09515561908483505,-0.040269237011671066,0.14213868975639343,5.004122090227536,-3.9469206105118837,15.273651019694645,seqgru
12700,2026Q2,8,0.028840959072113037,0.10338981449604034,0.1932130753993988,-0.060659460723400116,0.28271349519491196,10.892359932754104,-5.885631840009187,32.67249942739539,seqgru
12940,2026Q2,1,-0.007804547436535358,0.010587475262582302,0.02922467514872551,-0.034382727928459644,0.055802855640649796,1.0643720903318998,-3.3798358489182445,5.738920486969223,seqgru
12940,2026Q2,2,-0.005587350577116013,0.021044114604592323,0.0486004613339901,-0.040728076826781034,0.08374118758365512,2.1267103438251445,-3.990983478027643,8.734743837038517,seqgru
12940,2026Q2,4,-0.002729702740907669,0.03989018127322197,0.08525258302688599,-0.04971277341246605,0.13223565369844437,4.069647995428838,-4.849731787617606,14.13772573498784,seqgru
12940,2026Q2,8,0.01018444448709488,0.08593222498893738,0.17430058121681213,-0.07931597530841827,0.2638010010123253,8.973246917210176,-7.625200323163284,30.186909988882448,seqgru
12980,2026Q2,1,-0.0027057621628046036,0.015313705429434776,0.0343017503619194,-0.02928394265472889,0.06087993085384369,1.5431561049997544,-2.885932294740501,6.2771300483505765,seqgru
12980,2026Q2,2,0.005863158032298088,0.03166070953011513,0.06026070564985275,-0.029277568217366934,0.09540143189951777,3.2167241379545075,-2.8853132452259067,10.01003818846713,seqgru
12980,2026Q2,4,0.022431306540966034,0.06344154477119446,0.1109810620546341,-0.024551764130592346,0.15796413272619247,6.549720009839866,-2.4252821093278865,17.112418892241088,seqgru
12980,2026Q2,8,0.05786309391260147,0.13018375635147095,0.2211591601371765,-0.03163732588291168,0.31065957993268967,13.903766950153628,-3.1142101948498424,36.43246986185087,seqgru
13020,2026Q2,1,-0.00420172605663538,0.013974381610751152,0.03286207467317581,-0.030779906548559666,0.0594402551651001,1.407247970220915,-3.0311028216041036,6.124235533616718,seqgru
13020,2026Q2,2,0.00238167867064476,0.028517447412014008,0.05672043561935425,-0.03275904757902026,0.09186116186901927,2.892796280801546,-3.222828156367752,9.62126154043359,seqgru
13020,2026Q2,4,0.015422778204083443,0.05672387033700943,0.10325637459754944,-0.03156029246747494,0.15023944526910782,5.836352447961546,-3.106746464079213,16.211247175017405,seqgru
13020,2026Q2,8,0.045600492507219315,0.11826061457395554,0.20708656311035156,-0.04389992728829384,0.2965869829058647,12.553740459860752,-4.29502727575607,34.525956949476175,seqgru
13140,2026Q2,1,-0.006394918076694012,0.011752910912036896,0.030386444181203842,-0.0329730985686183,0.05696462467312813,1.1822247739758263,-3.2435411888697363,5.861836076256299,seqgru
13140,2026Q2,2,-0.002564089372754097,0.023582030087709427,0.051148951053619385,-0.03770481562241912,0.0862896773032844,2.3862284814997636,-3.700283934200077,9.012206619225637,seqgru
13140,2026Q2,4,0.0044713690876960754,0.04588526487350464,0.09116215258836746,-0.042511701583862305,0.13814522325992584,4.695428163360438,-4.16207490998437,14.814227513177535,seqgru
13140,2026Q2,8,0.02526393160223961,0.09675678610801697,0.1821567267179489,-0.06423648819327354,0.27165714651346207,10.15924184576502,-6.22168013492127,31.21370534188337,seqgru
13220,2026Q2,1,-0.0050742244347929955,0.013035524636507034,0.03180312737822533,-0.03165240492671728,0.05838130787014961,1.312085747073688,-3.1156711289036743,6.011915042705773,seqgru
13220,2026Q2,2,0.0005527809262275696,0.026575425639748573,0.054518960416316986,-0.03458794532343745,0.08965968666598201,2.693170132118472,-3.3996619529073735,9.38019849594327,seqgru
13220,2026Q2,4,0.011615660041570663,0.052849166095256805,0.09900280833244324,-0.03536741062998772,0.14598587900400162,5.427061337269667,-3.474929227090817,15.717984740342871,seqgru
13220,2026Q2,8,0.03953811526298523,0.1113104373216629,0.199031800031662,-0.049962304532527924,0.28853221982717514,11.774184178457103,-4.873471778562388,33.44673451374711,seqgru
13380,2026Q2,1,-0.008854626677930355,0.009504706598818302,0.027951397001743317,-0.03543280716985464,0.0545295774936676,0.9550019771604967,-3.481241426329529,5.604371107797812,seqgru
13380,2026Q2,2,-0.00782882422208786,0.018690643832087517,0.04581831023097038,-0.04296955047175288,0.0809590364806354,1.886640725162958,-4.205944153895958,8.43264778283206,seqgru
13380,2026Q2,4,-0.006634317338466644,0.03573434799909592,0.08026636391878128,-0.053617388010025024,0.12724943459033966,3.6380493366727995,-5.220532525751187,13.57002653845878,seqgru
13380,2026Q2,8,0.005782067775726318,0.08090704679489136,0.16823242604732513,-0.08371835201978683,0.2577328458428383,8.427010550089676,-8.030975147801634,29.399307681330388,seqgru
13460,2026Q2,1,-0.01033324096351862,0.008224068209528923,0.026690896600484848,-0.036911421455442905,0.053269077092409134,0.8257978755623174,-3.623849984076344,5.471340615750009,seqgru
13460,2026Q2,2,-0.011814894154667854,0.015263843350112438,0.04247306287288666,-0.046955620404332876,0.07761378912255168,1.5380930783229774,-4.587025945711809,8.070519795857178,seqgru
13460,2026Q2,4,-0.018840424716472626,0.02546994574368,0.07059365510940552,-0.065823495388031,0.1175767257809639,2.5797076238898375,-6.370388971051577,12.476792533062419,seqgru
13460,2026Q2,8,-0.02468486875295639,0.056597694754600525,0.14705856144428253,-0.11418528854846954,0.23655898123979568,5.822999326988021,-10.790735398361207,26.68822757038669,seqgru
13740,2026Q2,1,-0.0070510609075427055,0.011248646304011345,0.029929503798484802,-0.03362924139946699,0.05650768429040909,1.1312150213483863,-3.3070064222510798,5.813474578366407,seqgru
13740,2026Q2,2,-0.00397612527012825,0.02248058281838894,0.050175346434116364,-0.03911685151979327,0.08531607268378139,2.2735175337005753,-3.836166631990945,8.9061234811753,seqgru
13740,2026Q2,4,0.0015672557055950165,0.04396585002541542,0.0899369865655899,-0.045415814965963364,0.13692005723714828,4.494666937691605,-4.439995359174431,14.673647157419234,seqgru
13740,2026Q2,8,0.018541596829891205,0.09483088552951813,0.18611419200897217,-0.07095882296562195,0.2756146118044853,9.947290262518017,-6.849975224437388,31.734007887051053,seqgru
13780,2026Q2,1,-0.007816637866199017,0.010573194362223148,0.029139641672372818,-0.0343948183581233,0.055717822164297104,1.0629288104099244,-3.3810040211551318,5.729929521246402,seqgru
13780,2026Q2,2,-0.005154812708497047,0.021330639719963074,0.048737093806266785,-0.04029553895816207,0.0838778200559318,2.1559764038192375,-3.9494469602421756,8.74960154891118,seqgru
13780,2026Q2,4,-0.0005947612226009369,0.041323743760585785,0.08602733910083771,-0.04757783189415932,0.1330104097723961,4.218945326826673,-4.646374528847019,14.226188895528558,seqgru
13780,2026Q2,8,0.01760762929916382,0.09059995412826538,0.17643415927886963,-0.07189279049634933,0.2659345790743828,9.483093504440543,-6.936933708542748,30.464970450370863,seqgru
13820,2026Q2,1,-0.007932146079838276,0.010346411727368832,0.028835896402597427,-0.03451032657176256,0.05541407689452171,1.0400120917833267,-3.392163664256642,5.697819432171336,seqgru
13820,2026Q2,2,-0.0056824833154678345,0.0206625796854496,0.04788000136613846,-0.040823209565132856,0.08302072761580348,2.087752869942716,-4.000116644237394,8.65643302028094,seqgru
13820,2026Q2,4,-0.0017732679843902588,0.03999050706624985,0.08446013927459717,-0.04875633865594864,0.13144320994615555,4.080089389155894,-4.758683229945482,14.047313835232544,seqgru
13820,2026Q2,8,0.015144363045692444,0.08773016184568405,0.1729540228843689,-0.07435605674982071,0.26245444267988205,9.169350172050205,-7.1658907123827165,30.011723696213878,seqgru
13900,2026Q2,1,-0.006398322992026806,0.01177942007780075,0.030404377728700638,-0.03297650348395109,0.056982558220624924,1.1849070658972005,-3.2438706358590252,5.863734571544987,seqgru
13900,2026Q2,2,-0.0021241847425699234,0.023964898660779,0.05150824040174484,-0.037264910992234945,0.08664896665140986,2.4254364559721298,-3.6579119240788938,9.051380580851731,seqgru
13900,2026Q2,4,0.007248375564813614,0.04844099283218384,0.09367966651916504,-0.039734695106744766,0.14066273719072342,4.9633434096767015,-3.8955624891698792,15.103638075102378,seqgru
13900,2026Q2,8,0.032621465623378754,0.10489875078201294,0.19327810406684875,-0.0568789541721344,0.2827785238623619,11.059815746797641,-5.529158454193417,32.68112722376442,seqgru
13980,2026Q2,1,-0.005449489690363407,0.012713581323623657,0.0314587838947773,-0.03202767018228769,0.058036964386701584,1.2794742483617894,-3.15202163037156,5.975416814917067,seqgru
13980,2026Q2,2,-0.0002818237990140915,0.025840815156698227,0.05378483235836029,-0.03542255004867911,0.08892555860802531,2.6177583553339767,-3.4802514166498044,9.299928890932208,seqgru
13980,2026Q2,4,0.010078227147459984,0.05154911056160927,0.09771599620580673,-0.036904843524098396,0.1446990668773651,5.290089357663841,-3.62321602629323,15.56917320109028,seqgru
13980,2026Q2,8,0.03544080629944801,0.10857181251049042,0.19775590300559998,-0.05405961349606514,0.28725632280111313,11.468495398912637,-5.262437155491073,33.27657879571386,seqgru
14010,2026Q2,1,-0.0031138285994529724,0.014875013381242752,0.03378235176205635,-0.02969200909137726,0.06036053225398064,1.4986196994658973,-2.92555320176644,6.221944188775752,seqgru
14010,2026Q2,2,0.005011273548007011,0.030753813683986664,0.05913621187210083,-0.03012945270165801,0.09427693812176585,3.1231597525717802,-2.9680085116608357,9.886402112061266,seqgru
14010,2026Q2,4,0.021702341735363007,0.06232372298836708,0.10933484137058258,-0.025280728936195374,0.15631791204214096,6.430682955359934,-2.4963847257857386,16.919784608676313,seqgru
14010,2026Q2,8,0.05627446249127388,0.1271727979183197,0.21656516194343567,-0.03322595730423927,0.3060655817389488,13.5613232430837,-3.268003811783593,35.80713683093983,seqgru
14020,2026Q2,1,-0.009205917827785015,0.009191889315843582,0.027629394084215164,-0.0357840983197093,0.05420757457613945,0.9234264466826181,-3.515141657237242,5.570371666450802,seqgru
14020,2026Q2,2,-0.008657440543174744,0.01795472949743271,0.04510195180773735,-0.043798166792839766,0.08024267805740237,1.8116884683462509,-4.285287794775439,8.354998957754889,seqgru
14020,2026Q2,4,-0.009356927126646042,0.03327852487564087,0.07786646485328674,-0.05633999779820442,0.12484953552484512,3.3838448869851767,-5.478229068866158,13.297796730590994,seqgru
14020,2026Q2,8,-0.0016714707016944885,0.07362262904644012,0.16077475249767303,-0.09117189049720764,0.2502751722931862,7.640052654898843,-8.713921468162567,28.43787935236881,seqgru
14260,2026Q2,1,-0.0076240794733166695,0.01072856318205595,0.029408961534500122,-0.034202259965240955,0.05598714202642441,1.078632058253981,-3.362397431197506,5.758408526096481,seqgru
14260,2026Q2,2,-0.0063280947506427765,0.02043338306248188,0.048061832785606384,-0.0414688210003078,0.0832025590352714,2.0643573829242756,-4.062075263958532,8.67619197007583,seqgru
14260,2026Q2,4,-0.007601641118526459,0.0362464003264904,0.08238211274147034,-0.05458471179008484,0.12936518341302872,3.691131030184791,-5.312170629496382,13.810566559804482,seqgru
14260,2026Q2,8,-0.004027053713798523,0.07741141319274902,0.17002072930335999,-0.09352747350931168,0.25952114909887314,8.04865113684896,-8.928700339949657,29.630919919320032,seqgru
14454,2026Q2,1,-0.007407446391880512,0.010844686068594456,0.029357843101024628,-0.0339856268838048,0.055936023592948914,1.0903702823009898,-3.341460261810547,5.753002460101753,seqgru
14454,2026Q2,2,-0.004006849601864815,0.02215476892888546,0.04950467497110367,-0.03914757585152984,0.08464540122076869,2.2402008289770237,-3.839121156120273,8.83310773953314,seqgru
14454,2026Q2,4,0.002624843269586563,0.04379003867506981,0.08813395351171494,-0.04435822740197182,0.13511702418327332,4.476297204044544,-4.3388788262823,14.467073067105595,seqgru
14454,2026Q2,8,0.024547956883907318,0.09496511518955231,0.17904098331928253,-0.06495246291160583,0.2685414031147957,9.962049440449183,-6.288799010496127,30.805513346629553,seqgru
14500,2026Q2,1,-0.013448874466121197,0.005142615642398596,0.023196574300527573,-0.04002705495804548,0.04977475479245186,0.5155861586753963,-3.9236554614011876,5.1034329266060885,seqgru
14500,2026Q2,2,-0.017589544877409935,0.009325435385107994,0.0353628471493721,-0.05273027112707496,0.07050357339903712,0.9369052735834105,-5.136414754366747,7.304840385399514,seqgru
14500,2026Q2,4,-0.025127019733190536,0.017203450202941895,0.0590565986931324,-0.07211009040474892,0.10603966936469078,1.7352281799748903,-6.957154107298303,11.186598264884662,seqgru
14500,2026Q2,8,-0.02596983313560486,0.046522799879312515,0.12801042199134827,-0.11547025293111801,0.21751084178686142,4.762196445059552,-10.90529250931047,24.297890554704594,seqgru
14540,2026Q2,1,-0.007363476790487766,0.010844268836081028,0.02942763641476631,-0.03394165728241205,0.0560058169066906,1.0903281041205082,-3.3372101309094515,5.760383570154648,seqgru
14540,2026Q2,2,-0.005077747628092766,0.021228641271591187,0.04859725013375282,-0.04021847387775779,0.08373797638341784,2.1455571841152876,-3.942044531418565,8.734394668563938,seqgru
14540,2026Q2,4,-0.001406058669090271,0.04077063873410225,0.08588367700576782,-0.04838912934064865,0.1328667476773262,4.161317242972173,-4.723703309142757,14.209780100609116,seqgru
14540,2026Q2,8,0.012685656547546387,0.08850274980068207,0.1776517629623413,-0.07681476324796677,0.26715218275785446,9.253725686604298,-7.39386216784319,30.623921829209543,seqgru
14580,2026Q2,1,-0.006768644787371159,0.011472298763692379,0.030186936259269714,-0.033346825279295444,0.056765116751194,1.1538357958400747,-3.2796949057323443,5.840717908019566,seqgru
14580,2026Q2,2,-0.00408499501645565,0.022387675940990448,0.05013418570160866,-0.03922572126612067,0.08527491195127368,2.2640160619288308,-3.846635394259501,8.901640917611676,seqgru
14580,2026Q2,4,-0.002149231731891632,0.040915194898843765,0.08716274797916412,-0.04913230240345001,0.1341458186507225,4.176375491862383,-4.79448378203875,14.35595597994701,seqgru
14580,2026Q2,8,0.004973255097866058,0.08352737128734589,0.1748037040233612,-0.0845271646976471,0.26430412381887436,8.711497062189366,-8.105330787127174,30.252426472448523,seqgru
14740,2026Q2,1,-0.009177415631711483,0.009217713959515095,0.027681443840265274,-0.03575559612363577,0.05425962433218956,0.9260327918625411,-3.512391587695307,5.575866721549061,seqgru
14740,2026Q2,2,-0.008784813806414604,0.017859643325209618,0.04497593268752098,-0.043925540056079626,0.080116658937186,1.8020080448467146,-4.297478513606778,8.34134501646211,seqgru
14740,2026Q2,4,-0.009625118225812912,0.03313351795077324,0.07772964239120483,-0.05660818889737129,0.12471271306276321,3.3688546004310593,-5.503575567502795,13.282296107534751,seqgru
14740,2026Q2,8,-0.0018675029277801514,0.07431520521640778,0.16185495257377625,-0.0913679227232933,0.2513553723692894,7.714627411670505,-8.731814727462762,28.576692919134782,seqgru
14860,2026Q2,1,-0.0028447313234210014,0.015052313916385174,0.03386502340435982,-0.029422911815345287,0.0604432038962841,1.516617054478031,-2.8994272175027813,6.230726094352779,seqgru
14860,2026Q2,2,0.0052572572603821754,0.03103693574666977,0.05941024422645569,-0.029883468989282846,0.09455097047612071,3.1523603277398227,-2.94413728632944,9.916518667810493,seqgru
14860,2026Q2,4,0.021086541935801506,0.062474317848682404,0.10998359322547913,-0.025896528735756874,0.1569666638970375,6.446712076114158,-2.5564089491789455,16.995661145676124,seqgru
14860,2026Q2,8,0.048342734575271606,0.12265695631504059,0.21327626705169678,-0.04115768522024155,0.30277668684720993,13.049654472151296,-4.032220898768091,35.36121512911335,seqgru
15180,2026Q2,1,-0.0071828896179795265,0.011061177588999271,0.02966213971376419,-0.03376107010990381,0.05624032020568848,1.1122578594136234,-3.3197524947351065,5.785187637209233,seqgru
15180,2026Q2,2,-0.004054555669426918,0.02220618724822998,0.04973481595516205,-0.03919528191909194,0.08487554220482707,2.2454579834289667,-3.843708504080201,8.858157580433424,seqgru
15180,2026Q2,4,0.0020737648010253906,0.04377482458949089,0.08904281258583069,-0.04490930587053299,0.13602588325738907,4.474707704809333,-4.391581087565088,14.57115479579738,seqgru
15180,2026Q2,8,0.019715089350938797,0.09326151013374329,0.1815335750579834,-0.06978533044457436,0.27103399485349655,9.77487701628812,-6.740600204195291,31.131964774619547,seqgru
15260,2026Q2,1,-0.015553743578493595,0.0031614317558705807,0.020985398441553116,-0.04213192407041788,0.0475635789334774,0.31664343516433213,-4.12567090882704,4.871287504785382,seqgru
15260,2026Q2,2,-0.02232513763010502,0.004824060946702957,0.03019135817885399,-0.05746586387977004,0.06533208442851901,0.48357154618725584,-5.5845880405128945,6.751347012864306,seqgru
15260,2026Q2,4,-0.0370311476290226,0.005920421332120895,0.046283990144729614,-0.08401421830058098,0.093267060816288,0.5937981664246417,-8.058181656190232,9.775486343472917,seqgru
15260,2026Q2,8,-0.04585442692041397,0.027405787259340286,0.10552344471216202,-0.13535484671592712,0.19502386450767517,2.7784780124835873,-12.6594068532897,21.5339989634167,seqgru
15380,2026Q2,1,-0.005426139570772648,0.012656917795538902,0.031309403479099274,-0.032004320062696934,0.05788758397102356,1.2737355586170507,-3.149760192092177,5.9595873454374,seqgru
15380,2026Q2,2,0.00011940859258174896,0.02606520801782608,0.053836748003959656,-0.03502131765708327,0.08897747425362468,2.6407876314398004,-3.441516796817057,9.30560341460156,seqgru
15380,2026Q2,4,0.011037148535251617,0.05217435210943222,0.09789776057004929,-0.03594592213630676,0.14488083124160767,5.3559416807631655,-3.5307539420043166,15.590181467602493,seqgru
15380,2026Q2,8,0.03904317691922188,0.11038520932197571,0.1974177360534668,-0.050457242876291275,0.28691815584897995,11.670815400830703,-4.920541895524522,33.231516680960205,seqgru
15500,2026Q2,1,-0.006469919346272945,0.01175353117287159,0.03052699565887451,-0.03304809983819723,0.0571051761507988,1.1822875333664662,-3.250797773990588,5.876716159430084,seqgru
15500,2026Q2,2,-0.003942204639315605,0.02260710299015045,0.0504627451300621,-0.03908293088898063,0.08560347137972713,2.2864580153043157,-3.8329046387776122,8.937427457189774,seqgru
15500,2026Q2,4,-0.0011377520859241486,0.042172033339738846,0.08883527666330338,-0.04812082275748253,0.13581834733486176,4.307390680429912,-4.698136621819026,14.547379632677359,seqgru
15500,2026Q2,8,0.006766133010387421,0.0876069962978363,0.18119993805885315,-0.08273428678512573,0.2707003578543663,9.1559050972301,-7.940427082484447,31.088221596979125,seqgru
15540,2026Q2,1,-0.01086473185569048,0.007572058588266373,0.025837209075689316,-0.037442912347614765,0.0524153895676136,0.7600799119763968,-3.675059420152482,5.381339469936508,seqgru
15540,2026Q2,2,-0.012166613712906837,0.014489708468317986,0.04110276699066162,-0.04730733996257186,0.07624349324032664,1.4595193159092856,-4.620578653878715,7.922532623853629,seqgru
15540,2026Q2,4,-0.015077583491802216,0.027165457606315613,0.07027020305395126,-0.062060654163360596,0.11725327372550964,2.753780264443928,-6.017411929022076,12.44041756642269,seqgru
15540,2026Q2,8,-0.009667851030826569,0.06363406032323837,0.14681261777877808,-0.09916827082633972,0.23631303757429123,6.570234462619928,-9.440968922801652,26.657073234584573,seqgru
15764,2026Q2,1,-0.007438856177031994,0.01069183461368084,0.02915625274181366,-0.03401703666895628,0.055734433233737946,1.0749196529812544,-3.34449623809685,5.731685823034627,seqgru
15764,2026Q2,2,-0.004598323255777359,0.02147754281759262,0.048705048859119415,-0.03973904950544238,0.08384577510878444,2.1709845355378565,-3.8959809652963084,8.746116729512977,seqgru
15764,2026Q2,4,0.0023071616888046265,0.04334696754813194,0.08783576637506485,-0.044675908982753754,0.13481883704662323,4.430017026766309,-4.369263775851195,14.43294554679364,seqgru
15764,2026Q2,8,0.022714689373970032,0.09341016411781311,0.17777828872203827,-0.06678573042154312,0.2672787085175514,9.79119670207047,-6.4604393312039825,30.640450165761713,seqgru
15804,2026Q2,1,-0.0054724449291825294,0.012659937143325806,0.03135823458433151,-0.032050625421106815,0.0579364150762558,1.2740413397080097,-3.154244773327697,5.964761595528567,seqgru
15804,2026Q2,2,-0.00023822300136089325,0.025800257921218872,0.05358815938234329,-0.035378949251025915,0.08872888563200831,2.6135965471402844,-3.4760429868775033,9.278434662375012,seqgru
15804,2026Q2,4,0.010159803554415703,0.05142604559659958,0.09725122153759003,-0.03682326711714268,0.1442342922091484,5.277132633776915,-3.6153536338542014,15.515472057391989,seqgru
15804,2026Q2,8,0.03686126321554184,0.10918885469436646,0.19734665751457214,-0.052639156579971313,0.2868470773100853,11.537297387428591,-5.12777090797637,33.22204711596521,seqgru
15940,2026Q2,1,-0.004084744490683079,0.014023249968886375,0.032906029373407364,-0.030662924982607365,0.05948420986533165,1.4122036970203533,-3.0197585846431396,6.12890029509523,seqgru
15940,2026Q2,2,0.0027626249939203262,0.028785603120923042,0.057073161005973816,-0.032378101255744696,0.09221388725563884,2.920391271241618,-3.185954225528642,9.659934562369532,seqgru
15940,2026Q2,4,0.015888378024101257,0.05737905204296112,0.10441061854362488,-0.031094692647457123,0.15139368921518326,5.905717210690575,-3.0616224786273682,16.34546074623524,seqgru
15940,2026Q2,8,0.04599842429161072,0.11961908638477325,0.21060693264007568,-0.043501995503902435,0.30010735243558884,12.70674544642796,-4.2569356467524795,35.00037259852304,seqgru
15980,2026Q2,1,-0.015502889640629292,0.0032209856435656548,0.02110295742750168,-0.04208107013255358,0.047681137919425964,0.3226178591797302,-4.120795197679151,4.8836167916946005,seqgru
15980,2026Q2,2,-0.0228950846940279,0.0044033583253622055,0.03000703640282154,-0.05803581094369292,0.06514776265248656,0.4413067353178368,-5.638384495326266,6.731672228290364,seqgru
15980,2026Q2,4,-0.040860552340745926,0.00324133038520813,0.04469791054725647,-0.0878436230123043,0.09168098121881485,0.3246589176833181,-8.409590815183975,9.601511689576924,seqgru
15980,2026Q2,8,-0.06050754338502884,0.018086999654769897,0.10126770287752151,-0.150007963180542,0.19076812267303467,1.825156007055817,-13.929887752066271,21.017880651808007,seqgru
16020,2026Q2,1,-0.006319484673440456,0.011758946813642979,0.030306342989206314,-0.03289766516536474,0.0568845234811306,1.1828355017719838,-3.2362422446062133,5.853356756605876,seqgru
16020,2026Q2,2,-0.0018405243754386902,0.02401440404355526,0.05140198767185211,-0.03698125062510371,0.08654271392151713,2.4305071919232146,-3.630579615642038,9.03979418952019,seqgru
16020,2026Q2,4,0.008473832160234451,0.0491623617708683,0.09389041364192963,-0.03850923851132393,0.140873484313488,5.03908802193358,-3.7777184807619824,15.127898391952655,seqgru
16020,2026Q2,8,0.0379522368311882,0.10852991044521332,0.19499313831329346,-0.05154818296432495,0.2844935581088066,11.46382473659797,-5.024211329066885,32.90887514272662,seqgru
16180,2026Q2,1,-0.008420628495514393,0.009945542551577091,0.028521254658699036,-0.03499880898743868,0.05509943515062332,0.9995163826971742,-3.439343369356862,5.664567717402025,seqgru
16180,2026Q2,2,-0.007806882262229919,0.018915275111794472,0.04627298563718796,-0.04294760851189494,0.08141371188685298,1.9095302224063637,-4.203842221507781,8.481960650834575,seqgru
16180,2026Q2,4,-0.009487319737672806,0.03385943919420242,0.07915441691875458,-0.056470390409231186,0.12613748759031296,3.443919490197156,-5.490553205871085,13.443812872614425,seqgru
16180,2026Q2,8,-0.005857348442077637,0.07295354455709457,0.16232585906982422,-0.09535776823759079,0.25182627886533737,7.568056453691763,-9.095235209177677,28.63725477743788,seqgru
16220,2026Q2,1,-0.00877812784165144,0.009534129872918129,0.027942825108766556,-0.035356308333575726,0.05452100560069084,0.9579724475556883,-3.4738575711949937,5.603465882310554,seqgru
16220,2026Q2,2,-0.007389675825834274,0.019021857529878616,0.04604808986186981,-0.042530402075499296,0.08118881611153483,1.9203925654204035,-4.163867109543462,8.457566259386585,seqgru
16220,2026Q2,4,-0.003664817661046982,0.03815285861492157,0.08250207453966141,-0.05064788833260536,0.1294851452112198,3.889002403202002,-4.938666634446487,13.824220298969303,seqgru
16220,2026Q2,8,0.013426214456558228,0.0868806540966034,0.17359831929206848,-0.07607420533895493,0.26309873908758163,9.07664934372785,-7.325256559971216,30.095516773640885,seqgru
16300,2026Q2,1,-0.005371923558413982,0.012760790064930916,0.03147289529442787,-0.03195010405033827,0.05805107578635216,1.2842556377221204,-3.1445092159516075,5.976912286928449,seqgru
16300,2026Q2,2,-1.5169382095336914e-05,0.026007909327745438,0.05382058024406433,-0.03515589563176036,0.08896130649372935,2.634906617248478,-3.4545105675671484,9.303836202136306,seqgru
16300,2026Q2,4,0.01049255020916462,0.05177385360002518,0.09773401916027069,-0.03649052046239376,0.14471708983182907,5.313755231531769,-3.5832766287446027,15.571256117806431,seqgru
16300,2026Q2,8,0.03708477318286896,0.10980488359928131,0.19870516657829285,-0.052415646612644196,0.288205586373806,11.6060287546762,-5.106563649223195,33.40315346391394,seqgru
16540,2026Q2,1,-0.007476356811821461,0.010770788416266441,0.029317226260900497,-0.03405453730374575,0.05589540675282478,1.0829002172777047,-3.348120812881461,5.748707194538838,seqgru
16540,2026Q2,2,-0.005254615098237991,0.02117782272398472,0.04858064651489258,-0.04039534134790301,0.0837213727645576,2.1403664271492095,-3.959032556630815,8.732589299105719,seqgru
16540,2026Q2,4,-0.002233210951089859,0.04020247608423233,0.08548062294721603,-0.04921628162264824,0.13246369361877441,4.102153481864668,-4.802478731244609,14.163756660803429,seqgru
16540,2026Q2,8,0.011194825172424316,0.0868624672293663,0.17497660219669342,-0.07830559462308884,0.2644770219922066,9.074665599226673,-7.531819442583709,30.27494882603847,seqgru
16580,2026Q2,1,-0.004139186814427376,0.013936332426965237,0.03279062733054161,-0.03071736730635166,0.0593688078224659,1.4033895806104146,-3.025038270622582,6.116653509859704,seqgru
16580,2026Q2,2,0.0029644817113876343,0.028815507888793945,0.05706241726875305,-0.03217624453827739,0.09220314351841807,2.9234691276728286,-3.166409687512106,9.658756411177816,seqgru
16580,2026Q2,4,0.017841748893260956,0.05865722522139549,0.105338454246521,-0.029141321778297424,0.15232152491807938,6.041169605239971,-2.8720808135588416,16.453460313764957,seqgru
16580,2026Q2,8,0.049188386648893356,0.12100645899772644,0.21143892407417297,-0.0403120331466198,0.3009393438696861,12.86322021766293,-3.9510312230998768,35.11273848937255,seqgru
16620,2026Q2,1,-0.004366077482700348,0.013753557577729225,0.03264467045664787,-0.030944257974624634,0.05922285094857216,1.3848572850381657,-3.047038488578646,6.101166185113582,seqgru
16620,2026Q2,2,0.0020059775561094284,0.028102798387408257,0.0563814714550972,-0.033134748693555593,0.09152219770476222,2.8501407273377355,-3.259180618433122,9.584110157980108,seqgru
16620,2026Q2,4,0.014925578609108925,0.05644559487700462,0.10333704203367233,-0.032057492062449455,0.1503201127052307,5.806904885755837,-3.1549097761112255,16.22062201649279,seqgru
16620,2026Q2,8,0.0450545959174633,0.11859463155269623,0.20910486578941345,-0.04444582387804985,0.2986052855849266,12.591341599555061,-4.347258036394797,34.79774523203827,seqgru
16700,2026Q2,1,-0.006105872802436352,0.01208061445504427,0.030831877142190933,-0.03268405329436064,0.05741005763411522,1.2153879810770762,-3.215570149442837,5.909000930965891,seqgru
16700,2026Q2,2,-0.002609219402074814,0.023746496066451073,0.051636360585689545,-0.037749945651739836,0.08677708683535457,2.4030689175780884,-3.7046298451434145,9.065353158856704,seqgru
16700,2026Q2,4,0.0022901780903339386,0.04508824273943901,0.09174707531929016,-0.04469289258122444,0.13873014599084854,4.612016834531962,-4.370887916084765,14.881404609473336,seqgru
16700,2026Q2,8,0.016084112226963043,0.0947117730975151,0.18759392201900482,-0.07341630756855011,0.277094341814518,9.934194953305253,-7.078608929116925,31.92908294547776,seqgru
16740,2026Q2,1,-0.00933386106044054,0.00908784568309784,0.027547426521778107,-0.035912041552364826,0.05412560701370239,0.9129265529989716,-3.5274854522465704,5.5617186750568814,seqgru
16740,2026Q2,2,-0.009228743612766266,0.01751190796494484,0.04465758055448532,-0.04436946986243129,0.07979830680415034,1.7666140411335407,-4.339954286609182,8.306859807691303,seqgru
16740,2026Q2,4,-0.010878369212150574,0.03226146474480629,0.07696942985057831,-0.057861439883708954,0.12395250052213669,3.2787507527644033,-5.6219291257805,13.196210211337679,seqgru
16740,2026Q2,8,-0.004654265940189362,0.07318459451198578,0.16225185990333557,-0.09415468573570251,0.2517522796988487,7.592912919715222,-8.985803462809328,28.627736079997135,seqgru
16820,2026Q2,1,-0.0068898880854249,0.011374365538358688,0.030074574053287506,-0.033468068577349186,0.05665275454521179,1.1439299595088714,-3.291420883648255,5.82882607958124,seqgru
16820,2026Q2,2,-0.0042278822511434555,0.022250626236200333,0.05004725605249405,-0.03936860850080848,0.08518798230215907,2.250001769066179,-3.8603735011105145,8.892174547638776,seqgru
16820,2026Q2,4,-0.00047732144594192505,0.042228925973176956,0.08855637162923813,-0.047460392117500305,0.1355394423007965,4.313325171385585,-4.635175562778892,14.51543624665148,seqgru
16820,2026Q2,8,0.010357722640037537,0.0878986269235611,0.17939287424087524,-0.07914269715547562,0.2688932940363884,9.187742944355136,-7.609192401625354,30.85155071886212,seqgru
16860,2026Q2,1,-0.009311052970588207,0.009031401947140694,0.02739745005965233,-0.03588923346251249,0.053975630551576614,0.9072308111639282,-3.525285073373363,5.5458880890914,seqgru
16860,2026Q2,2,-0.008816353976726532,0.01769249327480793,0.04459821432828903,-0.043957080226391554,0.07973894057795405,1.7849932561220472,-4.300496939832643,8.30043022900513,seqgru
16860,2026Q2,4,-0.008590973913669586,0.03370855003595352,0.07772870361804962,-0.055574044585227966,0.124711774289608,3.428312101781783,-5.405802080423971,13.28218976120612,seqgru
16860,2026Q2,8,0.0027882903814315796,0.0772976204752922,0.16323207318782806,-0.08671212941408157,0.2527324929833412,8.036356686741275,-8.305898200831042,28.753880509779716,seqgru
16940,2026Q2,1,-0.004299694672226906,0.013777161948382854,0.03265680372714996,-0.03087787516415119,0.05923498421907425,1.3872504390325169,-3.0406022648848507,6.102453547073439,seqgru
16940,2026Q2,2,0.0016708038747310638,0.02773663029074669,0.05598190426826477,-0.03346992237493396,0.09112263051792979,2.8124871812506003,-3.2916001616124735,9.540332689965059,seqgru
16940,2026Q2,4,0.013047976419329643,0.05504085123538971,0.10241681337356567,-0.03393509425222874,0.14939988404512405,5.6583776546444975,-3.3365757280201414,16.11372166314604,seqgru
16940,2026Q2,8,0.038441549986600876,0.11539599299430847,0.20964708924293518,-0.05105886980891228,0.29914750903844833,12.231777956606948,-4.977727054468428,34.870855550258305,seqgru
16984,2026Q2,1,-0.0035206330940127373,0.014539888128638268,0.03344731405377388,-0.030098813585937023,0.060025494545698166,1.464610647864406,-2.9650354916998745,6.18636179308043,seqgru
16984,2026Q2,2,0.004280027002096176,0.030133333057165146,0.0585847944021225,-0.030860699247568846,0.09372552065178752,3.059193676676353,-3.038936884055299,9.825825533250443,seqgru
16984,2026Q2,4,0.02034354768693447,0.06134023889899254,0.10861867666244507,-0.02663952298462391,0.15560174733400345,6.32606152723989,-2.6287820871765955,16.836080761704707,seqgru
16984,2026Q2,8,0.053840190172195435,0.12651099264621735,0.21792742609977722,-0.03566022962331772,0.3074278458952904,13.486192624316494,-3.5031894633767435,35.992268095833204,seqgru
17020,2026Q2,1,-0.010511276312172413,0.008014372549951077,0.02641196921467781,-0.0370894568040967,0.0529901497066021,0.8046573599889806,-3.641006818239545,5.441925872913855,seqgru
17020,2026Q2,2,-0.011716408655047417,0.015206650830805302,0.04217915236949921,-0.04685713490471244,0.07731987861916423,1.5322860250357673,-4.577628688552615,8.038761402273975,seqgru
17020,2026Q2,4,-0.015615399926900864,0.02755005657672882,0.07194574177265167,-0.06259847059845924,0.11892881244421005,2.793306862997036,-6.067943719867941,12.628973762092134,seqgru
17020,2026Q2,8,-0.013544611632823944,0.06305814534425735,0.14962086081504822,-0.1030450314283371,0.23912128061056137,6.508876738391534,-9.791364966997474,27.013256969657952,seqgru
17140,2026Q2,1,-0.006332402117550373,0.011935497634112835,0.030553065240383148,-0.03291058260947466,0.057131245732307434,1.2007009914343003,-3.237492176965895,5.879476357090319,seqgru
17140,2026Q2,2,-0.0017222724854946136,0.0244208425283432,0.052087657153606415,-0.036862998735159636,0.08722838340327144,2.4721473535712635,-3.6191830757308585,9.114585086680371,seqgru
17140,2026Q2,4,0.0067663006484508514,0.04810848832130432,0.09342095255851746,-0.04021677002310753,0.14040402323007584,4.928448426207188,-3.9418808624850143,15.073863008789768,seqgru
17140,2026Q2,8,0.030689172446727753,0.10298921167850494,0.1900233030319214,-0.0588112473487854,0.27952372282743454,10.847945037881889,-5.711527564667474,32.24997858570047,seqgru
17300,2026Q2,1,-0.008699196390807629,0.009621657431125641,0.02807045727968216,-0.035277376882731915,0.054648637771606445,0.9668094391001247,-3.466238322033488,5.616945142092633,seqgru
17300,2026Q2,2,-0.007598206400871277,0.0188608355820179,0.04603881761431694,-0.0427389326505363,0.08117954386398196,1.9039824665112892,-4.183849789872108,8.456560618645526,seqgru
17300,2026Q2,4,-0.006630465388298035,0.03566000610589981,0.08028650283813477,-0.053613536059856415,0.12726957350969315,3.630344974259958,-5.220167439262324,13.572313739094998,seqgru
17300,2026Q2,8,0.002351611852645874,0.07718005031347275,0.16422826051712036,-0.08714880794286728,0.2537286803126335,8.02365558145337,-8.345930305086691,28.88220740234044,seqgru
17410,2026Q2,1,-0.005726112984120846,0.012442710809409618,0.031154941767454147,-0.03230429347604513,0.05773312225937843,1.2520443402371795,-3.1788083320582805,5.943221910159924,seqgru
17410,2026Q2,2,-0.0007975231856107712,0.025328896939754486,0.05316651612520218,-0.03593824943527579,0.0883072423748672,2.5652398991740766,-3.530013759481032,9.232367859809521,seqgru
17410,2026Q2,4,0.008775580674409866,0.050253864377737045,0.09615591168403625,-0.038207489997148514,0.14313898235559464,5.153801053730378,-3.7486791692187715,15.38901608948593,seqgru
17410,2026Q2,8,0.03406929969787598,0.10673315823078156,0.19502133131027222,-0.055431120097637177,0.28452175110578537,11.263731675329257,-5.3922812869540255,32.912622295063464,seqgru
17420,2026Q2,1,-0.006644365377724171,0.01161071378737688,0.03031717985868454,-0.03322254586964846,0.056895360350608826,1.1678379754511914,-3.2676738163428753,5.854503881832485,seqgru
17420,2026Q2,2,-0.0036029908806085587,0.02285195142030716,0.050590548664331436,-0.03874371713027358,0.08573127491399646,2.311505760301036,-3.80027790349029,8.951350935148895,seqgru
17420,2026Q2,4,0.0006612017750740051,0.04342152178287506,0.08959303051233292,-0.046321868896484375,0.1365761011838913,4.437803017005626,-4.526538664608304,14.634211244829597,seqgru
17420,2026Q2,8,0.01495649665594101,0.09290201216936111,0.18444348871707916,-0.07454392313957214,0.2739439085125923,9.735420264196426,-7.183329483209622,31.51410319531682,seqgru
17660,2026Q2,1,-0.005572049878537655,0.012672998011112213,0.03154653683304787,-0.03215023037046194,0.05812471732497215,1.2753640752101614,-3.1638906094778263,5.984716877174945,seqgru
17660,2026Q2,2,-0.0015823468565940857,0.024909187108278275,0.05301272124052048,-0.03672307310625911,0.0881534474901855,2.5222012921157333,-3.6056959857360127,9.215569772154097,seqgru
17660,2026Q2,4,0.0040308646857738495,0.04718425124883652,0.0943366289138794,-0.04295220598578453,0.14131969958543777,4.831514466095133,-4.204282640829482,15.179281681594325,seqgru
17660,2026Q2,8,0.01893652230501175,0.09943459928035736,0.1949014961719513,-0.0705638974905014,0.28440191596746445,10.454623025935161,-6.813180641564564,32.89669564689124,seqgru
17780,2026Q2,1,-0.010133403353393078,0.008327703922986984,0.026706717908382416,-0.036711583845317364,0.0532848984003067,0.8362475705315786,-3.604588480061699,5.473009323504785,seqgru
17780,2026Q2,2,-0.01067778654396534,0.016074957326054573,0.043064042925834656,-0.04581851279363036,0.07820476917549968,1.6204854549962233,-4.478469418225206,8.134406193302123,seqgru
17780,2026Q2,4,-0.013333611190319061,0.029446087777614594,0.07352545112371445,-0.06031668186187744,0.12050852179527283,2.9883910644749934,-5.853365894312246,12.80703541094146,seqgru
17780,2026Q2,8,-0.009757257997989655,0.06556002050638199,0.1515912562608719,-0.09925767779350281,0.24109167605638504,6.775682269545125,-9.44906516918368,27.263770036602764,seqgru
17820,2026Q2,1,-0.010924345813691616,0.007416816428303719,0.025615202262997627,-0.0375025263056159,0.05219338275492191,0.7444389136354479,-3.6808015599571253,5.357946691417803,seqgru
17820,2026Q2,2,-0.012340439483523369,0.014117466285824776,0.04062403738498688,-0.04748116573318839,0.0757647636346519,1.421758831463027,-4.637156614415039,7.870879277346798,seqgru
17820,2026Q2,4,-0.016006093472242355,0.026121415197849274,0.0693666934967041,-0.06298916414380074,0.11634976416826248,2.6465569428047564,-6.104635199928299,12.338872454927795,seqgru
17820,2026Q2,8,-0.012170374393463135,0.061002351343631744,0.14469113945960999,-0.10167079418897629,0.23419155925512314,6.290141343072664,-9.667311681624168,26.388657819161065,seqgru
17860,2026Q2,1,-0.007798387669026852,0.010475754737854004,0.02897891402244568,-0.03437656816095114,0.055557094514369965,1.0530817563433992,-3.379240689337415,5.7129371637549164,seqgru
17860,2026Q2,2,-0.0052041299641132355,0.02108554169535637,0.04838711768388748,-0.04034485621377826,0.0835278439335525,2.130941243960338,-3.9541837931137525,8.711548444278193,seqgru
17860,2026Q2,4,-0.0006588399410247803,0.041006509214639664,0.085740827023983,-0.04764191061258316,0.13272389769554138,4.185888720652886,-4.652484471203544,14.193466400835696,seqgru
17860,2026Q2,8,0.01687568426132202,0.08916928619146347,0.17498467862606049,-0.07262473553419113,0.26448509842157364,9.326571545113737,-7.005025835234003,30.276000986709818,seqgru
17900,2026Q2,1,-0.00644987728446722,0.011783147230744362,0.030520547181367874,-0.033028057776391506,0.05709872767329216,1.1852841982242346,-3.248858701068469,5.876033418008775,seqgru
17900,2026Q2,2,-0.0033377427607774734,0.023136300966143608,0.05094142258167267,-0.038478469010442495,0.08608214883133769,2.340602127071101,-3.77475772363568,8.989585829872526,seqgru
17900,2026Q2,4,0.0003878772258758545,0.043182529509067535,0.08943793177604675,-0.046595193445682526,0.13642100244760513,4.412846171356555,-4.552630339478114,14.616433002257478,seqgru
17900,2026Q2,8,0.013669617474079132,0.09064330160617828,0.18104147911071777,-0.07583080232143402,0.2705418989062309,9.487839423279132,-7.3026965022882635,31.06745114094769,seqgru
17980,2026Q2,1,-0.008283882401883602,0.01003936305642128,0.02848973125219345,-0.03486206289380789,0.05506791174411774,1.0089926528404902,-3.4261381739053243,5.661236862780861,seqgru
17980,2026Q2,2,-0.006305975839495659,0.02007949724793434,0.04719369858503342,-0.04144670208916068,0.08233442483469844,2.0282446449452873,-4.059953198056854,8.58188739147634,seqgru
17980,2026Q2,4,-0.003169778734445572,0.03850174322724342,0.08256018161773682,-0.05015284940600395,0.1295432522892952,3.925254000974543,-4.89159592406021,13.830834483988719,seqgru
17980,2026Q2,8,0.01329100877046585,0.08484341204166412,0.16814494132995605,-0.0762094110250473,0.2576453611254692,8.854660006257852,-7.337785865205715,29.387987714639397,seqgru
18020,2026Q2,1,-0.00516154058277607,0.013058124110102654,0.031882334500551224,-0.031739721074700356,0.05846051499247551,1.3143753727525187,-3.124130325982999,6.0203122739844295,seqgru
18020,2026Q2,2,0.0005769506096839905,0.026782996952533722,0.05494029074907303,-0.03456377563998103,0.09008101699873805,2.7144885007212016,-3.397327125099081,9.426293401281495,seqgru
18020,2026Q2,4,0.01136433333158493,0.0531378835439682,0.09984757751226425,-0.03561873733997345,0.14683064818382263,5.457504363949139,-3.4991855073060796,15.815781029232001,seqgru
18020,2026Q2,8,0.0378422848880291,0.11193694174289703,0.20306837558746338,-0.051658134907484055,0.29256879538297653,11.844233139725468,-5.034653527503796,33.98649099129196,seqgru
18140,2026Q2,1,-0.007101523689925671,0.01115018967539072,0.029781881719827652,-0.033679704181849957,0.05636006221175194,1.1212584730212027,-3.311885696632033,5.797855326200829,seqgru
18140,2026Q2,2,-0.0042692068964242935,0.022108934819698334,0.04972447454929352,-0.039409933146089315,0.08486520079895854,2.2355148478386155,-3.8643463549840606,8.85703183986466,seqgru
18140,2026Q2,4,5.9917569160461426e-05,0.04235850274562836,0.08796697854995728,-0.04692315310239792,0.13495004922151566,4.326842631140448,-4.583928093585499,14.447961527576393,seqgru
18140,2026Q2,8,0.014867804944515228,0.09030516445636749,0.17972037196159363,-0.07463261485099792,0.2692207917571068,9.450823775853046,-7.191561187519236,30.89441132146675,seqgru
18580,2026Q2,1,-0.011613837443292141,0.006831101607531309,0.02495643123984337,-0.03819201793521643,0.051534611731767654,0.6854486800668136,-3.747189951301222,5.288562785641027,seqgru
18580,2026Q2,2,-0.01346256397664547,0.013145041652023792,0.039448462426662445,-0.04860329022631049,0.07458918867632747,1.3231817519300693,-4.744105580462421,7.744143481245502,seqgru
18580,2026Q2,4,-0.01685848832130432,0.025066647678613663,0.06751984357833862,-0.0638415589928627,0.114502914249897,2.5383457674290177,-6.184637023819417,12.131590885397303,seqgru
18580,2026Q2,8,-0.010415829718112946,0.061426449567079544,0.14324398338794708,-0.0999162495136261,0.23274440318346024,6.335228363173062,-9.508679821677202,26.205885987189582,seqgru
18700,2026Q2,1,-0.007447457872331142,0.010843847878277302,0.02944071963429451,-0.03402563836425543,0.056018900126218796,1.0902855493669872,-3.3453276357134687,5.761767265521844,seqgru
18700,2026Q2,2,-0.004761295393109322,0.021649034693837166,0.04920465126633644,-0.039902021642774343,0.08434537751600146,2.1885075318564207,-3.911641966496493,8.800460125121813,seqgru
18700,2026Q2,4,-0.000464852899312973,0.04170703515410423,0.08710677176713943,-0.04744792357087135,0.13408984243869781,4.258899208112288,-4.633986494605669,14.349554945863275,seqgru
18700,2026Q2,8,0.014637753367424011,0.08907882869243622,0.1769048571586609,-0.07486266642808914,0.26640527695417404,9.31668258414662,-7.212909459539441,30.52639449029748,seqgru
18880,2026Q2,1,-0.005514639429748058,0.01269683986902237,0.03155934810638428,-0.032092819921672344,0.05813752859830856,1.2777786968346527,-3.1583310453916713,5.986074685049947,seqgru
18880,2026Q2,2,-0.001501433551311493,0.02492329850792885,0.0530325248837471,-0.036642159800976515,0.08817325113341212,2.5236480340789846,-3.597896088434327,9.217732659749123,seqgru
18880,2026Q2,4,0.004124261438846588,0.04711397737264633,0.0942588523030281,-0.04285880923271179,0.1412419229745865,4.824147808071544,-4.195335214046059,15.170323775787132,seqgru
18880,2026Q2,8,0.01709238439798355,0.09701547026634216,0.19184845685958862,-0.0724080353975296,0.2813488766551018,10.187741982631682,-6.984871627992806,32.49157554906925,seqgru
19124,2026Q2,1,-0.011339041404426098,0.0070613836869597435,0.025225143879652023,-0.037917221896350384,0.05180332437157631,0.7086374044284138,-3.7207364258745823,5.316858954887715,seqgru
19124,2026Q2,2,-0.013076948001980782,0.013472333550453186,0.03989214450120926,-0.0482176742516458,0.07503287075087428,1.356349435901616,-4.707366302722338,7.79195823283525,seqgru
19124,2026Q2,4,-0.016926877200603485,0.02533503994345665,0.06832677870988846,-0.06390994787216187,0.11530984938144684,2.565869959757716,-6.191052731970359,12.222110322184342,seqgru
19124,2026Q2,8,-0.012385047972202301,0.06173842400312424,0.14634180068969727,-0.10188546776771545,0.23584222048521042,6.368407411311661,-9.686701641772078,26.5974549558063,seqgru
19140,2026Q2,1,-0.007511249743402004,0.01077827624976635,0.02932126075029373,-0.03408943023532629,0.05589944124221802,1.0836571120379501,-3.3514932214521176,5.749133837437004,seqgru
19140,2026Q2,2,-0.004510520026087761,0.021777406334877014,0.04923843592405319,-0.03965124627575278,0.08437916217371821,2.2016264802961594,-3.887542351575557,8.804135973519855,seqgru
19140,2026Q2,4,0.0008907243609428406,0.04273705184459686,0.08792665600776672,-0.04609234631061554,0.1349097266793251,4.3663429393480335,-4.504622833887906,14.443346787858724,seqgru
19140,2026Q2,8,0.019259266555309296,0.09309776872396469,0.18096908926963806,-0.07024115324020386,0.2704695090651512,9.756903794687677,-6.783100277541953,31.057963532396272,seqgru
19300,2026Q2,1,-0.004979422315955162,0.01318624522536993,0.0320698507130146,-0.03155760280787945,0.05864803120493889,1.327356715092165,-3.1064858538596307,6.04019466546335,seqgru
19300,2026Q2,2,-0.0005016718059778214,0.02589062973856926,0.05407252907752991,-0.03564239805564284,0.08921325532719493,2.6228703433837097,-3.501468758627868,9.331378645658317,seqgru
19300,2026Q2,4,0.006064768880605698,0.049302924424409866,0.09687270224094391,-0.04091830179095268,0.1438557729125023,5.053853632593919,-4.009245052796917,15.471755496459982,seqgru
19300,2026Q2,8,0.022228579968214035,0.10398738086223602,0.2012464553117752,-0.06727183982729912,0.29074687510728836,10.958645280292645,-6.505898741436733,33.74260052864011,seqgru
19340,2026Q2,1,-0.005400867201387882,0.012807903811335564,0.03155495598912239,-0.03197904769331217,0.05813313648104668,1.289027630869377,-3.1473125261277213,5.985609182804064,seqgru
19340,2026Q2,2,0.00011536851525306702,0.026264803484082222,0.05422869324684143,-0.035025357734411955,0.08936941949650645,2.661276311959848,-3.4419068997679103,9.348453622799301,seqgru
19340,2026Q2,4,0.01106581836938858,0.05249007046222687,0.09856933355331421,-0.0359172523021698,0.1455524042248726,5.389209736519285,-3.5279881450732353,15.667834782622503,seqgru
19340,2026Q2,8,0.03823889419436455,0.11106880754232407,0.19989228248596191,-0.051261525601148605,0.28939270228147507,11.747179469700564,-4.996981917351661,33.561612505539706,seqgru
19430,2026Q2,1,-0.0035715224221348763,0.014491869136691093,0.03341882303357124,-0.030149702914059162,0.05999700352549553,1.4597385365206605,-2.969973410203308,6.183336478398704,seqgru
19430,2026Q2,2,0.0036433208733797073,0.029619362205266953,0.058010734617710114,-0.031497405376285315,0.09315146086737514,3.006237865143957,-3.1006529376083725,9.762797036315485,seqgru
19430,2026Q2,4,0.017725346609950066,0.059227146208286285,0.10656490921974182,-0.029257724061608315,0.1535479798913002,6.101621918157063,-2.883386067133953,16.596372859302665,seqgru
19430,2026Q2,8,0.04874692112207413,0.12317728996276855,0.21549949049949646,-0.040753498673439026,0.3049999102950096,13.108493317825243,-3.9934241734998266,35.662488131019664,seqgru
19460,2026Q2,1,-0.007707993499934673,0.010577681474387646,0.029101185500621796,-0.03428617399185896,0.05567936599254608,1.0633822921245706,-3.3705063413213554,5.725863631097283,seqgru
19460,2026Q2,2,-0.005124595016241074,0.021213574334979057,0.04854390025138855,-0.040265321265906096,0.08368462650105357,2.1440181750740805,-3.9465444903366564,8.728593856137113,seqgru
19460,2026Q2,4,-0.0005916282534599304,0.0412069670855999,0.08597070723772049,-0.04757469892501831,0.13295377790927887,4.206775695499254,-4.646075788412962,14.219720236802447,seqgru
19460,2026Q2,8,0.01742076873779297,0.09026087820529938,0.17616412043571472,-0.07207965105772018,0.2656645402312279,9.445976716521542,-6.954321900718597,30.4297445970666,seqgru
19500,2026Q2,1,-0.0032515861093997955,0.014752177521586418,0.03360609710216522,-0.02982976660132408,0.06018427759408951,1.4861527949683317,-2.938925014781857,6.203223725962648,seqgru
19500,2026Q2,2,0.005164728499948978,0.03084849938750267,0.059196993708610535,-0.029975997749716043,0.09433771995827556,3.132924503785639,-2.95311732953657,9.89308141237708,seqgru
19500,2026Q2,4,0.02324819751083851,0.06365763396024704,0.1104109138250351,-0.02373487316071987,0.15739398449659348,6.57274674025472,-2.3455416381940486,17.045666485137232,seqgru
19500,2026Q2,8,0.06292956322431564,0.13324835896492004,0.2231317162513733,-0.02657085657119751,0.31263213604688644,14.253372158930855,-2.6220957253099364,36.70185616690538,seqgru
19660,2026Q2,1,-0.010657493956387043,0.007792908698320389,0.026086099445819855,-0.03723567444831133,0.05266427993774414,0.7823352441698406,-3.6550951732133408,5.407571134791023,seqgru
19660,2026Q2,2,-0.012172607704997063,0.014606282114982605,0.04125773534178734,-0.047313333954662085,0.07639846159145236,1.4713475114793262,-4.62115035566244,7.939258496740664,seqgru
19660,2026Q2,4,-0.016781974583864212,0.026311710476875305,0.06999073922634125,-0.06376504525542259,0.11697380989789963,2.6660919566507735,-6.177458585147733,12.408998927342573,seqgru
19660,2026Q2,8,-0.013157740235328674,0.06412014365196228,0.1510544717311859,-0.10265816003084183,0.24055489152669907,6.622049069018354,-9.756459074685807,27.195475145118063,seqgru
19740,2026Q2,1,-0.012276622466742992,0.006182394456118345,0.024235503748059273,-0.03885480295866728,0.05081368423998356,0.6201544901585754,-3.810963735777373,5.212684720736305,seqgru
19740,2026Q2,2,-0.01470181904733181,0.01188075914978981,0.03802347928285599,-0.04984254529699683,0.07316420553252101,1.1951615700607654,-4.862078816071236,7.5907192323867445,seqgru
19740,2026Q2,4,-0.01911121979355812,0.02269485406577587,0.06471364200115204,-0.0660942904651165,0.11169671267271042,2.2954341558443003,-6.395739976169046,11.81736813059986,seqgru
19740,2026Q2,8,-0.013524480164051056,0.0576508492231369,0.13867396116256714,-0.10302489995956421,0.2281743809580803,5.9345059981713355,-9.789548916398438,25.630438189390638,seqgru
19780,2026Q2,1,-0.007667954079806805,0.010571694001555443,0.02912050485610962,-0.03424613457173109,0.055698685348033905,1.0627771796803076,-3.3666372749709406,5.72790620637158,seqgru
19780,2026Q2,2,-0.005554594099521637,0.020772773772478104,0.048106394708156586,-0.04069532034918666,0.08324712095782161,2.0990029565021384,-3.9878385093203184,8.681034898029761,seqgru
19780,2026Q2,4,-0.0024698637425899506,0.03964952379465103,0.08467143028974533,-0.04945293441414833,0.1316545009613037,4.044605869754747,-4.825004824860146,14.071413553885058,seqgru
19780,2026Q2,8,0.010343268513679504,0.08537182956933975,0.1736064851284027,-0.07915715128183365,0.26310690492391586,8.912195916727317,-7.6105278203815185,30.096579116676136,seqgru
19804,2026Q2,1,-0.004018697887659073,0.014101079665124416,0.033028215169906616,-0.03059687837958336,0.0596063956618309,1.420096885187161,-3.013353157611187,6.141868531560402,seqgru
19804,2026Q2,2,0.0027773194015026093,0.02883058786392212,0.057191960513591766,-0.03236340684816241,0.09233268676325679,2.9250212227301287,-3.1845315900279836,9.67296288246462,seqgru
19804,2026Q2,4,0.01617867685854435,0.05759553983807564,0.10455910861492157,-0.03080439381301403,0.15154217928647995,5.928646987818431,-3.033477295560849,16.362738174728044,seqgru
19804,2026Q2,8,0.04499812796711922,0.1185607984662056,0.20913296937942505,-0.044502291828393936,0.2986333891749382,12.587532351396312,-4.3526591981805645,34.80153358583766,seqgru
20020,2026Q2,1,-0.008197945542633533,0.010182841680943966,0.028686802834272385,-0.03477612603455782,0.05526498332619667,1.0234863239118708,-3.417838562918196,5.682061741822353,seqgru
20020,2026Q2,2,-0.006052806973457336,0.020419681444764137,0.04775526374578476,-0.04119353322312236,0.08289598999544978,2.0629589456972575,-4.035661090327403,8.642880320673196,seqgru
20020,2026Q2,4,-0.0028115734457969666,0.03943534940481186,0.08441241085529327,-0.04979464411735535,0.13139548152685165,4.022324565904034,-4.857521488268068,14.041870667115287,seqgru
20020,2026Q2,8,0.012588180601596832,0.08753194659948349,0.1754963994026184,-0.07691223919391632,0.26499681919813156,9.1477132868794,-7.402888598792023,30.342682982927947,seqgru
20100,2026Q2,1,-0.007132022641599178,0.011184480972588062,0.029836636036634445,-0.033710203133523464,0.05641481652855873,1.124726111603036,-3.3148345377890687,5.80364837408458,seqgru
20100,2026Q2,2,-0.0044474732130765915,0.022080007940530777,0.04970361292362213,-0.03958819946274161,0.08484433917328715,2.2325575362270866,-3.8814825764074024,8.85476092890225,seqgru
20100,2026Q2,4,-0.0010692998766899109,0.04161497950553894,0.08730444312095642,-0.04805237054824829,0.1342875137925148,4.249302029271029,-4.691612775443355,14.372160811390211,seqgru
20100,2026Q2,8,0.012454241514205933,0.0892220214009285,0.17891144752502441,-0.07704617828130722,0.26841186732053757,9.332337056785667,-7.415290140843977,30.78857044794445,seqgru
20220,2026Q2,1,-0.006883616559207439,0.011378525756299496,0.02999677136540413,-0.033461797051131725,0.056574951857328415,1.144350741176181,-3.290814371356998,5.820592632753008,seqgru
20220,2026Q2,2,-0.0032102465629577637,0.023066623136401176,0.050669752061367035,-0.038350972812622786,0.08581047831103206,2.333471504446405,-3.762488588993773,8.959980593999228,seqgru
20220,2026Q2,4,0.003491811454296112,0.04529010131955147,0.09079506993293762,-0.04349125921726227,0.137778140604496,4.633135799163268,-4.255907716251706,14.772088936304396,seqgru
20220,2026Q2,8,0.02486995980143547,0.09831058979034424,0.18666455149650574,-0.06463045999407768,0.2761649712920189,10.330540729341408,-6.258618871586819,31.806528902606466,seqgru
20260,2026Q2,1,-0.003606935031712055,0.014497067779302597,0.033456895500421524,-0.03018511552363634,0.06003507599234581,1.4602659908117932,-2.973409435812524,6.187379216914857,seqgru
20260,2026Q2,2,0.003482697531580925,0.02955649048089981,0.05805879086256027,-0.0316580287180841,0.0931995171122253,2.9997618889288313,-3.1162159846238824,9.768071950910562,seqgru
20260,2026Q2,4,0.01710769347846508,0.05877797305583954,0.10637316107749939,-0.0298753771930933,0.15335623174905777,6.053974619905045,-2.9433519268918795,16.574017864747503,seqgru
20260,2026Q2,8,0.04698186740279198,0.12153512239456177,0.2140050232410431,-0.042518552392721176,0.30350544303655624,12.922902645608492,-4.162731475041581,35.4598964053642,seqgru
20500,2026Q2,1,-0.009345618076622486,0.009019047021865845,0.02749444916844368,-0.03592379856854677,0.054072629660367966,0.905984117568992,-3.5286196744936715,5.556126442720188,seqgru
20500,2026Q2,2,-0.009549904614686966,0.017154641449451447,0.04433931037783623,-0.04469063086435199,0.07948003662750125,1.7302627314810248,-4.370671629863876,8.272394449226784,seqgru
20500,2026Q2,4,-0.011719867587089539,0.031441494822502136,0.07643014192581177,-0.05870293825864792,0.12341321259737015,3.194099993815014,-5.7013147129451935,13.13518131959266,seqgru
20500,2026Q2,8,-0.00986994057893753,0.06818464398384094,0.15731215476989746,-0.09937036037445068,0.24681257456541061,7.05629632408169,-9.459268107370155,27.993919713555428,seqgru
20740,2026Q2,1,-0.007196114398539066,0.011069920845329762,0.029682274907827377,-0.03377429489046335,0.05626045539975166,1.113141913667004,-3.3210310613384086,5.787317663935498,seqgru
20740,2026Q2,2,-0.00434078648686409,0.022035034373402596,0.049578793346881866,-0.03948151273652911,0.08471951959654689,2.2279598768254028,-3.8712274594223772,8.841174571656252,seqgru
20740,2026Q2,4,0.0006515085697174072,0.04281989485025406,0.08822999149560928,-0.04633156210184097,0.13521306216716766,4.374989319027689,-4.527464103989887,14.478066781923893,seqgru
20740,2026Q2,8,0.017485208809375763,0.09267202019691467,0.18171927332878113,-0.07201521098613739,0.2712196931242943,9.710184900519403,-6.948325837370106,31.15631801483183,seqgru
20940,2026Q2,1,0.001421479508280754,0.019283873960375786,0.03876565024256706,-0.025156700983643532,0.06534383073449135,1.9471008817313118,-2.484290802040079,6.752600954213861,seqgru
20940,2026Q2,2,0.014221133664250374,0.03994473069906235,0.06995419412851334,-0.020919592585414648,0.10509492037817836,4.075325089814097,-2.070229579970384,11.08160444307289,seqgru
20940,2026Q2,4,0.0373365581035614,0.0787816047668457,0.129741370677948,-0.009646512567996979,0.17672444134950638,8.196799961186407,-0.9600134215227096,19.330222306750542,seqgru
20940,2026Q2,8,0.07705118507146835,0.15116584300994873,0.24682876467704773,-0.0124492347240448,0.3363291844725609,16.318954894251526,-1.2372063573977798,39.979974131594616,seqgru
20994,2026Q2,1,-0.0031293556094169617,0.01489152479916811,0.03381872922182083,-0.029707536101341248,0.06039690971374512,1.5002955994303013,-2.927060465967446,6.225808343560235,seqgru
20994,2026Q2,2,0.004966563545167446,0.030762428417801857,0.05923034995794296,-0.030174162704497576,0.09437107620760798,3.1240481349698257,-2.972346715294538,9.896747094536963,seqgru
20994,2026Q2,4,0.021565796807408333,0.0625656247138977,0.11004799604415894,-0.025417273864150047,0.15703106671571732,6.456431835439935,-2.509697440996117,17.00319623866522,seqgru
20994,2026Q2,8,0.05653802305459976,0.1297561675310135,0.22216999530792236,-0.03296239674091339,0.3116704151034355,13.855073383951932,-3.2425057123774637,36.57045032682349,seqgru
21060,2026Q2,1,-0.00888711865991354,0.009555984288454056,0.028066501021385193,-0.035465299151837826,0.05464468151330948,0.9601788491469421,-3.484377461145871,5.616527295003659,seqgru
21060,2026Q2,2,-0.007804876193404198,0.01885269582271576,0.04604829102754593,-0.04294560244306922,0.08118901727721095,1.9031529959979254,-4.2036500476292815,8.457588077328415,seqgru
21060,2026Q2,4,-0.006706468760967255,0.03575781732797623,0.08021216094493866,-0.053689539432525635,0.12719523161649704,3.64048168067983,-5.2273707524564506,13.563870872110218,seqgru
21060,2026Q2,8,0.005646362900733948,0.08063743263483047,0.16747748851776123,-0.0838540568947792,0.2569779083132744,8.397781033235185,-8.04345494601849,29.30165615270195,seqgru
21140,2026Q2,1,-0.005575326271355152,0.012651480734348297,0.0314268134534359,-0.03215350676327944,0.058004993945360184,1.2731849286167218,-3.164207882091352,5.972028788228778,seqgru
21140,2026Q2,2,-0.0005246009677648544,0.02572358399629593,0.05372074991464615,-0.035665327217429876,0.08886147616431117,2.605729061561912,-3.5036813636962205,9.292924908809642,seqgru
21140,2026Q2,4,0.008920103311538696,0.0506804883480072,0.09677727520465851,-0.038062967360019684,0.1437603458762169,5.198671756603046,-3.734767669266048,15.460736894802896,seqgru
21140,2026Q2,8,0.03208273649215698,0.10603902488946915,0.19509091973304749,-0.05741768330335617,0.28459133952856064,11.186526607900205,-5.580038941954113,32.92187179664128,seqgru
21300,2026Q2,1,-0.00612653698772192,0.012081371620297432,0.03078417107462883,-0.032704717479646206,0.057362351566553116,1.215464617880957,-3.217570100170275,5.903948549527627,seqgru
21300,2026Q2,2,-0.0015463661402463913,0.024628575891256332,0.05239737778902054,-0.03668709238991141,0.08753810403868556,2.4934364484970217,-3.6022275872283793,9.148385359357135,seqgru
21300,2026Q2,4,0.008575420826673508,0.049918707460165024,0.09565332531929016,-0.03840764984488487,0.14263639599084854,5.118563935210085,-3.7679428909645596,15.331037714148742,seqgru
21300,2026Q2,8,0.03430383279919624,0.10688357055187225,0.1954960823059082,-0.05519658699631691,0.28499650210142136,11.280468370134766,-5.370090043086517,32.97573767569006,seqgru
21340,2026Q2,1,-0.008578631095588207,0.009769152849912643,0.028201662003993988,-0.03515681158751249,0.054779842495918274,0.9817026792572792,-3.454598998923031,5.630803493383341,seqgru
21340,2026Q2,2,-0.006574451923370361,0.019784724339842796,0.04696890339255333,-0.04171517817303538,0.08210962964221835,1.998173914799839,-4.085707348767542,8.557481448472416,seqgru
21340,2026Q2,4,-0.00286121666431427,0.03871190547943115,0.08296962082386017,-0.04984428733587265,0.12995269149541855,3.9470974616696353,-4.862244549884142,13.877450833121463,seqgru
21340,2026Q2,8,0.013529010117053986,0.08488354831933975,0.16903004050254822,-0.07597140967845917,0.25853046029806137,8.859029114797433,-7.315729508846658,29.502559611775037,seqgru
21420,2026Q2,1,-0.004417113959789276,0.013683553785085678,0.03248746320605278,-0.030995294451713562,0.059065643697977066,1.3777602089256158,-3.0519864999119295,6.08448762352245,seqgru
21420,2026Q2,2,0.0025718174874782562,0.02842574194073677,0.056618355214595795,-0.032568908762186766,0.09175908146426082,2.8833608810730826,-3.20442530992463,9.610071928815177,seqgru
21420,2026Q2,4,0.017473215237259865,0.05819367989897728,0.10478262603282928,-0.029509855434298515,0.15176569670438766,5.99202610808478,-2.907869125712581,16.388750180465415,seqgru
21420,2026Q2,8,0.05080576241016388,0.12173248827457428,0.21111711859703064,-0.038694657385349274,0.3006175383925438,12.945191973166725,-3.795558253890996,35.06926546539874,seqgru
21500,2026Q2,1,-0.0012527313083410263,0.016705302521586418,0.0358726941049099,-0.027830911800265312,0.06245087459683418,1.6845616327041402,-2.7447199898894215,6.444216648285139,seqgru
21500,2026Q2,2,0.00886042881757021,0.03463350608944893,0.06365332007408142,-0.026280297432094812,0.09879404632374644,3.5240230025278985,-2.5937975743321573,10.383893645959684,seqgru
21500,2026Q2,4,0.028912682086229324,0.07001342624425888,0.11859703063964844,-0.018070388585329056,0.16558010131120682,7.252258110769549,-1.790809813430494,18.007748468759168,seqgru
21500,2026Q2,8,0.06824009865522385,0.1418393850326538,0.2356952726840973,-0.021260321140289307,0.32519569247961044,15.2391542342047,-2.1035913651456184,38.43015168725541,seqgru
21660,2026Q2,1,-0.007304956205189228,0.01104612834751606,0.02973174676299095,-0.033883136697113514,0.05630992725491524,1.110736208078067,-3.331553202347959,5.7925512882506025,seqgru
21660,2026Q2,2,-0.00458172895014286,0.021989792585372925,0.04970988631248474,-0.03972245519980788,0.08485061256214976,2.2233350057534462,-3.89438617259954,8.85544381928911,seqgru
21660,2026Q2,4,-0.00021712854504585266,0.04236588254570961,0.0882968008518219,-0.04720019921660423,0.13527987152338028,4.327612545223092,-4.610359084069337,14.485715243357621,seqgru
21660,2026Q2,8,0.014682628214359283,0.09081629663705826,0.1807246208190918,-0.07481779158115387,0.27022504061460495,9.506781913872263,-7.208745559627383,31.025927911128637,seqgru
21780,2026Q2,1,-0.00732895452529192,0.01090497337281704,0.029447656124830246,-0.033907135017216206,0.05602583661675453,1.096464931921326,-3.3338730548416406,5.7625008835638925,seqgru
21780,2026Q2,2,-0.00428171269595623,0.021948527544736862,0.04935596510767937,-0.03942243894562125,0.08449669135734439,2.2191168427124097,-3.865548600678881,8.816924386287116,seqgru
21780,2026Q2,4,0.0012218579649925232,0.04294569790363312,0.08795926719903946,-0.04576121270656586,0.13494233787059784,4.388120837355647,-4.472995869390428,14.447078982586037,seqgru
21780,2026Q2,8,0.020978637039661407,0.0940396636724472,0.18104970455169678,-0.06852178275585175,0.27055012434720993,9.860331969524182,-6.622688026989909,31.068529232965215,seqgru
21794,2026Q2,1,-0.010561802424490452,0.00783377606421709,0.026059743016958237,-0.03713998291641474,0.05263792350888252,0.7864540369017181,-3.6458753405571143,5.4047930042518955,seqgru
21794,2026Q2,2,-0.011068930849432945,0.015390763059258461,0.041977740824222565,-0.04620965709909797,0.07711846707388759,1.550981081417202,-4.515824814810232,8.017003339626228,seqgru
21794,2026Q2,4,-0.01300661638379097,0.0288713276386261,0.07203595340251923,-0.05998968705534935,0.1190190240740776,2.9292144503211492,-5.822575400016072,12.639134663694374,seqgru
21794,2026Q2,8,-0.0038101673126220703,0.0680709257721901,0.15039223432540894,-0.09331058710813522,0.2398926541209221,7.044122765708516,-8.908946071377255,27.11126942879638,seqgru
21820,2026Q2,1,-0.009728792123496532,0.008699435740709305,0.027079951018095016,-0.03630697261542082,0.0536581315100193,0.8737385800020814,-3.5655779225275963,5.512382690030293,seqgru
21820,2026Q2,2,-0.009187623858451843,0.017403846606612206,0.04442598670721054,-0.044328350108116865,0.07956671295687556,1.7556175967433862,-4.336020688157993,8.281779509675635,seqgru
21820,2026Q2,4,-0.00933922827243805,0.032626379281282425,0.07634105533361435,-0.05632229894399643,0.12332412600517273,3.316445547494151,-5.476556127018439,13.125102940762146,seqgru
21820,2026Q2,8,0.0007750242948532104,0.07147122174501419,0.15240883827209473,-0.08872539550065994,0.24190925806760788,7.40872399000696,-8.490317121851687,27.36786115137835,seqgru
22020,2026Q2,1,-0.006199636496603489,0.011914880946278572,0.030524563044309616,-0.032777816988527775,0.0571027435362339,1.1986145896807798,-3.2246445896903175,5.876458602501544,seqgru
22020,2026Q2,2,-0.0020834747701883316,0.023975808173418045,0.05151352286338806,-0.037224201019853354,0.08665424911305308,2.4265538736609304,-3.653989760499088,9.051956642108294,seqgru
22020,2026Q2,4,0.006666366010904312,0.04798177629709244,0.09333768486976624,-0.04031670466065407,0.14032075554132462,4.915153572436393,-3.951479916157463,15.064281473103058,seqgru
22020,2026Q2,8,0.028958577662706375,0.10193436592817307,0.190461665391922,-0.06054184213280678,0.27996208518743515,10.731079202676842,-5.874561589650762,32.307964706961265,seqgru
22140,2026Q2,1,-0.004685443826019764,0.013462869450449944,0.03228669986128807,-0.03126362431794405,0.05886488035321236,1.3553901938137658,-3.0779970575449234,6.063191884732899,seqgru
22140,2026Q2,2,0.0016998294740915298,0.027744948863983154,0.055921733379364014,-0.03344089677557349,0.09106245962902904,2.813342438012101,-3.288793101605869,9.533741749070002,seqgru
22140,2026Q2,4,0.014572935178875923,0.05589665099978447,0.10255848616361618,-0.03241013549268246,0.14954155683517456,5.7488387721281065,-3.1890555399355036,16.130172983381907,seqgru
22140,2026Q2,8,0.04503660649061203,0.11781501770019531,0.20788541436195374,-0.04446381330490112,0.2973858341574669,12.503598037464814,-4.3489787589220175,34.63346611475651,seqgru
22180,2026Q2,1,-0.008381749503314495,0.009974436834454536,0.028495177626609802,-0.03495992999523878,0.05507335811853409,1.002434733455626,-3.435589115360571,5.661812335005223,seqgru
22180,2026Q2,2,-0.006802361458539963,0.019742632284760475,0.04708322137594223,-0.041943087708204985,0.08222394762560725,1.9938806924010288,-4.107564639784666,8.569892230207632,seqgru
22180,2026Q2,4,-0.00609244778752327,0.036429181694984436,0.08128555864095688,-0.05307551845908165,0.12826862931251526,3.7100855692307144,-5.169160501061287,13.685835516028689,seqgru
22180,2026Q2,8,0.0031013116240501404,0.07756038010120392,0.16337832808494568,-0.08639910817146301,0.25287874788045883,8.064748009292444,-8.2771915064769,28.772712772448905,seqgru
22220,2026Q2,1,-0.006104179657995701,0.012059174478054047,0.030846532434225082,-0.03268236014991999,0.05742471292614937,1.2132179487505113,-3.2154062792847604,5.910553069677071,seqgru
22220,2026Q2,2,-0.0033044926822185516,0.023145565763115883,0.05107253044843674,-0.038445218931883574,0.08621325669810176,2.3415502963641366,-3.7715581735782933,9.003876158736968,seqgru
22220,2026Q2,4,-0.0009038299322128296,0.04253885895013809,0.0896199494600296,-0.04788690060377121,0.13660302013158798,4.34566032139847,-4.675840797042897,14.63729711870041,seqgru
22220,2026Q2,8,0.005259886384010315,0.0869402140378952,0.18246634304523468,-0.08424053341150284,0.27196676284074783,9.08314613603145,-8.078987124622316,31.254337537291853,seqgru
22380,2026Q2,1,-0.007552986033260822,0.010710615664720535,0.029225103557109833,-0.03413116652518511,0.05580328404903412,1.076817964032184,-3.355526887369731,5.738965786419015,seqgru
22380,2026Q2,2,-0.004287540912628174,0.021888915449380875,0.0493457205593586,-0.039428267162293196,0.08448644680902362,2.213023528591407,-3.8661088914585306,8.81580961175732,seqgru
22380,2026Q2,4,0.0027558617293834686,0.044151220470666885,0.0892145112156868,-0.04422720894217491,0.13619758188724518,4.51403895607263,-4.326344632436219,14.590828194996375,seqgru
22380,2026Q2,8,0.023243680596351624,0.09562785923480988,0.1833896040916443,-0.06625673919916153,0.27289002388715744,10.0349502885533,-6.410944634688931,31.375575512850375,seqgru
22420,2026Q2,1,-0.003664757125079632,0.014330459758639336,0.033196400851011276,-0.030242937617003918,0.05977458134293556,1.4433633048197114,-2.9790195541953057,6.159721575284172,seqgru
22420,2026Q2,2,0.003887306898832321,0.029665540903806686,0.057905733585357666,-0.0312534193508327,0.09304645983502269,3.0109946689807154,-3.0770079666457173,9.751272434370906,seqgru
22420,2026Q2,4,0.022027593106031418,0.0626552477478981,0.10977889597415924,-0.024955477565526962,0.15676196664571762,6.465973211407028,-2.4646663833351123,16.97171490637155,seqgru
22420,2026Q2,8,0.05983610451221466,0.13245879113674164,0.22578302025794983,-0.029664315283298492,0.315283440053463,14.163196976409509,-2.9228648034416382,37.06477523766802,seqgru
22500,2026Q2,1,-0.00511039886623621,0.013144692406058311,0.03203125670552254,-0.031688579358160496,0.05860943719744682,1.3231463652238151,-3.1191758010262083,6.036102228368256,seqgru
22500,2026Q2,2,0.0002655591815710068,0.026592351496219635,0.05488075315952301,-0.034875167068094015,0.09002147940918803,2.6949083166867727,-3.4274036863304103,9.41977861747818,seqgru
22500,2026Q2,4,0.009346310049295425,0.051663026213645935,0.09875868260860443,-0.037636760622262955,0.1457417532801628,5.302084230034909,-3.6937300339978663,15.689738451520107,seqgru
22500,2026Q2,8,0.031783659011125565,0.10819268226623535,0.2005290389060974,-0.05771676078438759,0.29002945870161057,11.426242331239344,-5.6082736036802245,33.64668580239576,seqgru
22520,2026Q2,1,-0.006234285421669483,0.011979535222053528,0.0306285060942173,-0.03281246591359377,0.057206686586141586,1.2051577243350486,-3.227997693637097,5.887464296494893,seqgru
22520,2026Q2,2,-0.0019595399498939514,0.024255048483610153,0.051942139863967896,-0.03710026619955897,0.08708286611363292,2.455159490071246,-3.6420483950737714,9.098708183208526,seqgru
22520,2026Q2,4,0.005919311195611954,0.04758773744106293,0.09313962608575821,-0.041063759475946426,0.1401226967573166,4.873821069183504,-4.023206630358345,15.041494238112252,seqgru
22520,2026Q2,8,0.029201611876487732,0.10223662853240967,0.18997818231582642,-0.06029880791902542,0.27947860211133957,10.76455412590045,-5.851683107715555,32.244011506583604,seqgru
22540,2026Q2,1,-0.004157808609306812,0.013932242058217525,0.032792072743177414,-0.030735989101231098,0.0593702532351017,1.402974804203061,-3.026844101654391,6.116806892322391,seqgru
22540,2026Q2,2,0.002802746370434761,0.02873138338327408,0.05696772038936615,-0.03233797987923026,0.09210844663903117,2.914811105907078,-3.182069834823209,9.6483725608151,seqgru
22540,2026Q2,4,0.01740868017077446,0.05845360830426216,0.105250284075737,-0.02957439050078392,0.15223335474729538,6.019580027271987,-2.914134770654686,16.44319304492077,seqgru
22540,2026Q2,8,0.04977325722575188,0.12227490544319153,0.21316185593605042,-0.039727162569761276,0.30266227573156357,13.0064720025733,-3.8948385762135995,35.345729187374,seqgru
22660,2026Q2,1,-0.010984149761497974,0.007428497076034546,0.025624722242355347,-0.03756233025342226,0.05220290273427963,0.7456156808099301,-3.686561656033427,5.358949701669791,seqgru
22660,2026Q2,2,-0.012411659583449364,0.014187696389853954,0.04066820442676544,-0.047552385833114386,0.07580893067643046,1.4288819422620502,-4.643948123801323,7.875643720193426,seqgru
22660,2026Q2,4,-0.015717290341854095,0.026584334671497345,0.0696282684803009,-0.06270036101341248,0.11661133915185928,2.694085032907001,-6.077514008491114,12.3682613371781,seqgru
22660,2026Q2,8,-0.009540870785713196,0.06445889919996262,0.14867395162582397,-0.09904129058122635,0.23817437142133713,6.6581739980942745,-9.429468984721211,26.893043873904876,seqgru
22744,2026Q2,1,-0.011102774180471897,0.007334854453802109,0.025514505803585052,-0.03768095467239618,0.05209268629550934,0.7361820388815277,-3.6979861040737028,5.347338053350104,seqgru
22744,2026Q2,2,-0.01183205284178257,0.014653999358415604,0.04124189168214798,-0.04697277909144759,0.076382617931813,1.4761895599936903,-4.588663093034606,7.937548357414781,seqgru
22744,2026Q2,4,-0.013003412634134293,0.028574543073773384,0.07128123193979263,-0.05998648330569267,0.11826430261135101,2.898671180809531,-5.822273678641032,12.554155563030033,seqgru
22744,2026Q2,8,-0.0035162940621376038,0.06670531630516052,0.14809447526931763,-0.09301671385765076,0.23759489506483078,6.898042065565346,-8.882172913504405,26.81953365594849,seqgru
22900,2026Q2,1,-0.006804843433201313,0.011442710645496845,0.030062224715948105,-0.0333830239251256,0.05664040520787239,1.1508428884680733,-3.2831959864334626,5.827519171777484,seqgru
22900,2026Q2,2,-0.003101164475083351,0.02314884029328823,0.05073918402194977,-0.03824189072474837,0.08587991027161479,2.3418854174071413,-3.7519902277360573,8.967546161719975,seqgru
22900,2026Q2,4,0.0039916932582855225,0.04573116824030876,0.09118016064167023,-0.04299137741327286,0.1381632313132286,4.679296193342508,-4.208035022332157,14.816295112523159,seqgru
22900,2026Q2,8,0.02559502050280571,0.09922650456428528,0.1876608282327652,-0.06390539929270744,0.27716124802827835,10.431640393882802,-6.19062603354974,31.93791011619551,seqgru
23060,2026Q2,1,-0.006255366839468479,0.011905711144208908,0.030538003891706467,-0.032833547331392765,0.05711618438363075,1.1976866226699245,-3.2300377631451105,5.877881681388208,seqgru
23060,2026Q2,2,-0.001958150416612625,0.02416010946035385,0.05186672508716583,-0.03709887666627765,0.08700745133683085,2.445432959022664,-3.6419145024000787,9.090480838717063,seqgru
23060,2026Q2,4,0.006541546434164047,0.04816969111561775,0.09401217103004456,-0.04044152423739433,0.14099524170160294,4.934870536977409,-3.9634679035975284,15.141916917572228,seqgru
23060,2026Q2,8,0.02982240915298462,0.1035529226064682,0.1928396224975586,-0.059678010642528534,0.28234004229307175,10.91044885122816,-5.793217943372319,32.62296174806061,seqgru
23104,2026Q2,1,-0.011487598530948162,0.00694452878087759,0.025102468207478523,-0.03806577902287245,0.05168064869940281,0.6968697936277746,-3.7350383342632965,5.303939930865398,seqgru
23104,2026Q2,2,-0.01352817751467228,0.01314711943268776,0.039573099464178085,-0.0486689037643373,0.07471382571384311,1.3233922794966269,-4.750355451672872,7.757573229003278,seqgru
23104,2026Q2,4,-0.017695892602205276,0.024787044152617455,0.06782278418540955,-0.06467896327376366,0.11480585485696793,2.5096796921572517,-6.263165525749126,12.165565243458442,seqgru
23104,2026Q2,8,-0.014116503298282623,0.060618020594120026,0.14562439918518066,-0.10361692309379578,0.23512481898069382,6.249298622444033,-9.842939784515437,26.506666320998452,seqgru
23224,2026Q2,1,-0.009560811333358288,0.008841912262141705,0.027202852070331573,-0.036138991825282574,0.05378103256225586,0.8881117432736785,-3.5493774314629523,5.525351069784312,seqgru
23224,2026Q2,2,-0.008795591071248055,0.017693571746349335,0.044653601944446564,-0.043936317320913076,0.07979432819411159,1.7851030283998037,-4.298509919468185,8.306428897788809,seqgru
23224,2026Q2,4,-0.007508412003517151,0.034328363835811615,0.07813003659248352,-0.05449148267507553,0.1251131072640419,3.4924382680069366,-5.303342555451652,13.327662763670677,seqgru
23224,2026Q2,8,0.0059515610337257385,0.07802781462669373,0.16201522946357727,-0.08354885876178741,0.2515156492590904,8.115273011145518,-8.015385697028332,28.597302443147864,seqgru
23420,2026Q2,1,-0.0067754099145531654,0.011573257856070995,0.030292723327875137,-0.03335359040647745,0.05687090381979942,1.1640487108272701,-3.2803492286840985,5.851915079553693,seqgru
23420,2026Q2,2,-0.003345351666212082,0.02318890206515789,0.05105164274573326,-0.038486077915877104,0.08619236899539828,2.3459854968011173,-3.775489889619088,9.001599341957057,seqgru
23420,2026Q2,4,0.0005973987281322479,0.043148115277290344,0.08908852189779282,-0.04638567194342613,0.1360715925693512,4.409252945297304,-4.532629968019652,14.576391884144746,seqgru
23420,2026Q2,8,0.01509980857372284,0.0897747352719307,0.17701855301856995,-0.07440061122179031,0.2665189728140831,9.392783259214465,-7.170026794961625,30.541235644632803,seqgru
23460,2026Q2,1,-0.009390451945364475,0.009052597917616367,0.027425825595855713,-0.03596863243728876,0.05400400608778,0.9093696605164014,-3.5329447627405974,5.54888305275163,seqgru
23460,2026Q2,2,-0.00879640318453312,0.01782876066863537,0.04481608048081398,-0.04393712943419814,0.079956806730479,1.798864176939441,-4.298587639888119,8.32402779751833,seqgru
23460,2026Q2,4,-0.00882178544998169,0.03344099596142769,0.07728605717420578,-0.05580485612154007,0.12426912784576416,3.400643137094783,-5.427632993061837,13.232056899142597,seqgru
23460,2026Q2,8,0.004528604447841644,0.07768767327070236,0.16150353848934174,-0.08497181534767151,0.2510039582848549,8.078504789131081,-8.14618272843225,28.531517196470514,seqgru
23540,2026Q2,1,-0.009925990365445614,0.008474488742649555,0.026865921914577484,-0.0365041708573699,0.05344410240650177,0.8510498872977834,-3.5845927461181426,5.489802385860476,seqgru
23540,2026Q2,2,-0.01064535416662693,0.016042811796069145,0.043026551604270935,-0.04578608041629195,0.07816727785393596,1.6172188631373485,-4.475371377663295,8.130352167503286,seqgru
23540,2026Q2,4,-0.013377547264099121,0.029488731175661087,0.07374495267868042,-0.0603606179356575,0.1207280233502388,2.992782933070748,-5.857502236906464,12.831799448398208,seqgru
23540,2026Q2,8,-0.010888241231441498,0.06588369607925415,0.15346156060695648,-0.10038866102695465,0.24296198040246964,6.810248543500008,-9.551418867182315,27.502014744408477,seqgru
23580,2026Q2,1,-0.008420360274612904,0.009882993996143341,0.028381895273923874,-0.03499854076653719,0.05496007576584816,0.9931992064150963,-3.4393174697670226,5.649843394262533,seqgru
23580,2026Q2,2,-0.007408576086163521,0.019116412848234177,0.046301212161779404,-0.04254930233582854,0.08144193841144443,1.9300301362209504,-4.165678420286866,8.485022762780803,seqgru
23580,2026Q2,4,-0.0071391761302948,0.03542657941579819,0.08008810877799988,-0.05412224680185318,0.12707117944955826,3.6061577089250063,-5.268370696413738,13.549783901620248,seqgru
23580,2026Q2,8,0.0014477372169494629,0.07725470513105392,0.16480687260627747,-0.08805268257856369,0.2543072924017906,8.03172036878912,-8.42873666502041,28.956801784145103,seqgru
23900,2026Q2,1,-0.005441359244287014,0.012744665145874023,0.03150231018662453,-0.0320195397362113,0.05808049067854881,1.2826224504657757,-3.151234209904785,5.980029632226658,seqgru
23900,2026Q2,2,-0.00034976378083229065,0.02582111395895481,0.05377614498138428,-0.03549049003049731,0.0889168712310493,2.615736682499392,-3.4868087438587936,9.29897936537094,seqgru
23900,2026Q2,4,0.009316127747297287,0.05112272500991821,0.0974263846874237,-0.03766694292426109,0.1444094553589821,5.245204754578614,-3.696636735056613,15.535707883565863,seqgru
23900,2026Q2,8,0.033677659928798676,0.10859190672636032,0.19956324994564056,-0.05582275986671448,0.2890636697411537,11.470735293426259,-5.4293261774640555,33.51767361794591,seqgru
24020,2026Q2,1,-0.004152646288275719,0.01395406574010849,0.0328298956155777,-0.030730826780200005,0.059408076107501984,1.4051878146159158,-3.026343493800099,6.120820610673716,seqgru
24020,2026Q2,2,0.0025909673422574997,0.02861291915178299,0.05693802237510681,-0.03254975890740752,0.09207874862477183,2.9026201040134536,-3.2025716709776386,9.645116270236208,seqgru
24020,2026Q2,4,0.015521734952926636,0.056957557797431946,0.1040133535861969,-0.031461335718631744,0.15099642425775528,5.861087966463185,-3.097157748298218,16.299249951297433,seqgru
24020,2026Q2,8,0.04418360814452171,0.11733783781528473,0.2077641785144806,-0.04531681165099144,0.29726459830999374,12.449926390034971,-4.430534133597641,34.617144701783985,seqgru
24140,2026Q2,1,-0.010732012800872326,0.007858723402023315,0.026305075734853745,-0.03731019329279661,0.05288325622677803,0.7889684219803295,-3.662274416695288,5.430655420917607,seqgru
24140,2026Q2,2,-0.012578701600432396,0.01453314907848835,0.04146154224872589,-0.04771942785009742,0.07660226849839091,1.4639268750687995,-4.65987526075069,7.961259505054685,seqgru
24140,2026Q2,4,-0.019485853612422943,0.024150440469384193,0.06807384639978409,-0.06646892428398132,0.11505691707134247,2.444442419845272,-6.43080072968173,12.193729313964052,seqgru
24140,2026Q2,8,-0.023116931319236755,0.05435895174741745,0.13978311419487,-0.11261735111474991,0.22928353399038315,5.586353820320533,-10.65075113835543,25.769858876003404,seqgru
24220,2026Q2,1,-0.005089526064693928,0.012929095886647701,0.03158728778362274,-0.031667706556618214,0.05816546827554703,1.3013038022066326,-3.117153605705081,5.989035943136511,seqgru
24220,2026Q2,2,0.0008889082819223404,0.026626024395227432,0.054335594177246094,-0.03425181796774268,0.08947632042691112,2.698366410184816,-3.3671864790785655,9.360143699058776,seqgru
24220,2026Q2,4,0.014268016442656517,0.054718971252441406,0.10034534335136414,-0.03271505422890186,0.14732841402292252,5.62437381071863,-3.218570510709995,15.873444518924074,seqgru
24220,2026Q2,8,0.04611380770802498,0.11648175120353699,0.20423395931720734,-0.043386612087488174,0.2937343791127205,12.353700708196257,-4.245887847535279,34.14275451661677,seqgru
24260,2026Q2,1,-0.010514023713767529,0.007839261554181576,0.02602921798825264,-0.037092204205691814,0.052607398480176926,0.7870069015002645,-3.6412715547274432,5.401575569026118,seqgru
24260,2026Q2,2,-0.010352641344070435,0.015890032052993774,0.04239213839173317,-0.045493367593735456,0.07753286464139819,1.601694996443781,-4.447406001283138,8.061774598969729,seqgru
24260,2026Q2,4,-0.008649136871099472,0.03217850998044014,0.0746767595410347,-0.05563220754265785,0.12165983021259308,3.2701836436778375,-5.411303798731026,12.936985892530428,seqgru
24260,2026Q2,8,0.006488531827926636,0.07490432262420654,0.15586107969284058,-0.08301188796758652,0.24536149948835373,7.778102669107034,-7.9659793819448215,27.808325614695796,seqgru
24300,2026Q2,1,-0.003106965683400631,0.014932932332158089,0.03394085168838501,-0.029685146175324917,0.060519032180309296,1.504498563285428,-2.9248869857011472,6.238781693440543,seqgru
24300,2026Q2,2,0.0040367599576711655,0.030109427869319916,0.05866710841655731,-0.031103966291993856,0.09380783466622233,3.0567300567390987,-3.0625214465141104,9.834866109916662,seqgru
24300,2026Q2,4,0.017085617408156395,0.059157535433769226,0.10713036358356476,-0.029897453263401985,0.15411343425512314,6.094236359138039,-2.945494532628423,16.662321430838457,seqgru
24300,2026Q2,8,0.044726889580488205,0.12161098420619965,0.21606764197349548,-0.04477353021502495,0.30556806176900864,12.931469506523285,-4.378598910503307,35.73958687342582,seqgru
24340,2026Q2,1,-0.004758319817483425,0.013306668028235435,0.032104529440402985,-0.03133650030940771,0.05868270993232727,1.3395595741312327,-3.085060087238223,6.0438720682298275,seqgru
24340,2026Q2,2,0.0009752102196216583,0.02696804888546467,0.05501760542392731,-0.034165516030043364,0.09015833167359233,2.7334977741554134,-3.358846520154246,9.434753986635801,seqgru
24340,2026Q2,4,0.012770719826221466,0.05418618395924568,0.10072432458400726,-0.034212350845336914,0.14770739525556564,5.568113475227299,-3.3633725847377005,15.91736670207431,seqgru
24340,2026Q2,8,0.03898508846759796,0.11298409104347229,0.2035973072052002,-0.05051533132791519,0.29309772700071335,11.961412091452338,-4.926064753618364,34.057379428642086,seqgru
24420,2026Q2,1,-0.012808454222977161,0.0057901679538190365,0.023857805877923965,-0.03938663471490145,0.05043598636984825,0.5806963376745022,-3.862106518980679,5.172953617454934,seqgru
24420,2026Q2,2,-0.016242938116192818,0.010715602897107601,0.0368761271238327,-0.05138366436585784,0.07201685337349772,1.0773220588693233,-5.008584760031065,7.467345578432982,seqgru
24420,2026Q2,4,-0.02500748261809349,0.0178516935557127,0.0599876269698143,-0.07199055328965187,0.10697069764137268,1.8011987455653244,-6.9460313691431015,11.290164335846598,seqgru
24420,2026Q2,8,-0.025096803903579712,0.048062004148960114,0.12831909954547882,-0.11459722369909286,0.21781951934099197,4.923571027488549,-10.827476262265668,24.33626444581933,seqgru
24500,2026Q2,1,-0.007561736740171909,0.010806908831000328,0.029447849839925766,-0.034139917232096195,0.05602603033185005,1.086551439497474,-3.356372591128265,5.762521371358842,seqgru
24500,2026Q2,2,-0.005171041935682297,0.021440405398607254,0.04899221286177635,-0.04031176818534732,0.08413293911144137,2.167190239332628,-3.951005773839522,8.777349183870097,seqgru
24500,2026Q2,4,-0.0021927878260612488,0.040399644523859024,0.08563573658466339,-0.04917585849761963,0.13261880725622177,4.122681164667563,-4.798630472161136,14.181466389838459,seqgru
24500,2026Q2,8,0.012836307287216187,0.08805076777935028,0.1756477653980255,-0.07666411250829697,0.26514818519353867,9.204356124748081,-7.379909933750007,30.362413926140942,seqgru
24540,2026Q2,1,-0.011007278226315975,0.007453877478837967,0.02574194222688675,-0.03758545871824026,0.052320122718811035,0.748172677565262,-3.688789212243593,5.371300599995976,seqgru
24540,2026Q2,2,-0.0127954613417387,0.013952735811471939,0.04050765559077263,-0.04793618759140372,0.07564838184043765,1.4050529530424294,-4.680538921919453,7.858325801385235,seqgru
24540,2026Q2,4,-0.017167210578918457,0.02563827484846115,0.0689251646399498,-0.06415028125047684,0.11590823531150818,2.596976227606418,-6.213595444191855,12.289282549496438,seqgru
24540,2026Q2,8,-0.013971254229545593,0.06267701089382172,0.14915475249290466,-0.10347167402505875,0.23865517228841782,6.468290271131094,-9.829843604398103,26.954068828675947,seqgru
24580,2026Q2,1,-0.00550346914678812,0.012697981670498848,0.03150780498981476,-0.032081649638712406,0.058085985481739044,1.2778943360179262,-3.157249290505393,5.98061197323152,seqgru
24580,2026Q2,2,-0.0008207391947507858,0.02550799958407879,0.053581707179546356,-0.03596146544441581,0.08872243342921138,2.583611249985429,-3.5322533815656865,9.277729578027927,seqgru
24580,2026Q2,4,0.007567849010229111,0.04984413832426071,0.0966709703207016,-0.03941522166132927,0.14365404099225998,5.110725626981494,-3.864854768509096,15.448463506937804,seqgru
24580,2026Q2,8,0.02783491462469101,0.10394662618637085,0.1954715996980667,-0.061665505170822144,0.28497201949357986,10.954123288816575,-5.980267465714362,32.97248212270449,seqgru
24660,2026Q2,1,-0.006503545679152012,0.011749926954507828,0.030444353818893433,-0.0330817261710763,0.05702253431081772,1.181922850964856,-3.254051040172412,5.867966674337266,seqgru
24660,2026Q2,2,-0.0028941892087459564,0.02348700724542141,0.05129260569810867,-0.03803491545841098,0.0864333319477737,2.376499913283725,-3.732067208564016,9.027867853890136,seqgru
24660,2026Q2,4,0.0026773400604724884,0.04506462812423706,0.0911472886800766,-0.04430573061108589,0.13813035935163498,4.60954649117713,-4.333856792588953,14.812520937712502,seqgru
24660,2026Q2,8,0.01975172385573387,0.09556042402982712,0.18527211248874664,-0.06974869593977928,0.2747725322842598,10.027530309312048,-6.737183629684418,31.62312406994019,seqgru
24780,2026Q2,1,-0.007763377390801907,0.010535957291722298,0.02915925532579422,-0.03434155788272619,0.055737435817718506,1.0591655930707988,-3.3758579104559816,5.732003291777343,seqgru
24780,2026Q2,2,-0.0062854718416929245,0.020326541736721992,0.04784894734621048,-0.041426198091357946,0.0829896735958755,2.0534532741837586,-4.057986023380633,8.65305885363561,seqgru
24780,2026Q2,4,-0.005940493196249008,0.0371764712035656,0.08275660872459412,-0.05292356386780739,0.1297396793961525,3.7876159933388998,-5.154749424718153,13.853196141623524,seqgru
24780,2026Q2,8,0.001218251883983612,0.07910744100809097,0.16813769936561584,-0.08828216791152954,0.257638119161129,8.232060144011278,-8.449748515828936,29.387050694839246,seqgru
24860,2026Q2,1,-0.00685602892190218,0.01146906241774559,0.03018921986222267,-0.033434209413826466,0.05676740035414696,1.1535084275633212,-3.2881463566178493,5.8409596064715075,seqgru
24860,2026Q2,2,-0.0042518265545368195,0.02237594686448574,0.050177015364170074,-0.03939255280420184,0.0853177416138351,2.262816606495033,-3.8626754699359056,8.90630523802949,seqgru
24860,2026Q2,4,-0.0010383240878582,0.042107872664928436,0.08850081264972687,-0.04802139475941658,0.13548388332128525,4.300698462547037,-4.688660477242146,14.509074062615191,seqgru
24860,2026Q2,8,0.01012788712978363,0.08958112448453903,0.182231605052948,-0.07937253266572952,0.27173202484846115,9.37160568648212,-7.6304246499767086,31.223530773519826,seqgru
25060,2026Q2,1,-0.008840405382215977,0.009518136270344257,0.027981441468000412,-0.03541858587414026,0.0545596219599247,0.9563577787799149,-3.479868794761587,5.6075439824256,seqgru
25060,2026Q2,2,-0.008008655160665512,0.018555402755737305,0.04569869861006737,-0.043149381410330534,0.08083942485973239,1.8728623979244796,-4.223169340011812,8.419678753710702,seqgru
25060,2026Q2,4,-0.007634762674570084,0.034936852753162384,0.07968735694885254,-0.054617833346128464,0.12667042762041092,3.5554314331003756,-5.315306785806051,13.504287734967303,seqgru
25060,2026Q2,8,0.0018289163708686829,0.07777159661054611,0.16605253517627716,-0.08767150342464447,0.2555529549717903,8.087575478834253,-8.393824954953732,29.117538536368137,seqgru
25180,2026Q2,1,-0.008120686747133732,0.010235827416181564,0.02879222109913826,-0.03469886723905802,0.055370401591062546,1.0288392694246307,-3.41037645320571,5.69320314864219,seqgru
25180,2026Q2,2,-0.006783822551369667,0.019842272624373436,0.04721066355705261,-0.04192454880103469,0.08235138980671763,2.004043903636177,-4.105786882348406,8.583729495783299,seqgru
25180,2026Q2,4,-0.0055611394345760345,0.037278350442647934,0.08246126770973206,-0.052544210106134415,0.12944433838129044,3.7981903353262902,-5.1187626967168605,13.819575588138333,seqgru
25180,2026Q2,8,0.005786322057247162,0.08306912332773209,0.17225587368011475,-0.08371409773826599,0.2617562934756279,8.661691652959181,-8.030583884846454,29.920987792056764,seqgru
25220,2026Q2,1,-0.010040446184575558,0.008415443822741508,0.02678826078772545,-0.036618626676499844,0.053366441279649734,0.845095320929734,-3.595627419028824,5.4816102470452766,seqgru
25220,2026Q2,2,-0.010605063289403915,0.01612885296344757,0.043055906891822815,-0.04574578953906894,0.07819663314148784,1.6259625034251934,-4.471522529043481,8.133526411674463,seqgru
25220,2026Q2,4,-0.013625159859657288,0.029309971258044243,0.07353237271308899,-0.06060823053121567,0.12051544338464737,2.9743735971532237,-5.8808102193358085,12.807816217621347,seqgru
25220,2026Q2,8,-0.00879792869091034,0.06773023307323456,0.15505504608154297,-0.09829834848642349,0.24455546587705612,7.007659826297452,-9.362155322700993,27.70534931520119,seqgru
25260,2026Q2,1,-0.005385124124586582,0.012863787822425365,0.03172937408089638,-0.03196330461651087,0.05830755457282066,1.2946882261796855,-3.1457877548281443,6.004096602736619,seqgru
25260,2026Q2,2,-0.0005095750093460083,0.025910304859280586,0.05416666716337204,-0.03565030125901103,0.08930739341303706,2.624889480608772,-3.5022314031313284,9.341671376827886,seqgru
25260,2026Q2,4,0.007026296108961105,0.04944099485874176,0.09641052782535553,-0.039956774562597275,0.1433935984969139,5.06835946518347,-3.9169029406316613,15.418399736129885,seqgru
25260,2026Q2,8,0.024854440242052078,0.10000257194042206,0.18964195251464844,-0.06464597955346107,0.2791423723101616,10.517376051306048,-6.260073685228851,32.19955460317448,seqgru
25420,2026Q2,1,-0.005814033560454845,0.012357013300061226,0.031031783670186996,-0.03239221405237913,0.05760996416211128,1.2433676640108748,-3.1873205328267873,5.930174947967126,seqgru
25420,2026Q2,2,-0.0008041746914386749,0.02528202533721924,0.05303063243627548,-0.0359449009411037,0.0881713586859405,2.5604326146790424,-3.5306554280226887,9.217525971122665,seqgru
25420,2026Q2,4,0.009258858859539032,0.05057186633348465,0.096315398812294,-0.03772421181201935,0.1432984694838524,5.187245485535286,-3.702151763636885,15.407420619898371,seqgru
25420,2026Q2,8,0.03632057458162308,0.10860025882720947,0.1970480978488922,-0.053179845213890076,0.28654851764440536,11.471666312137142,-5.179053378747089,33.18227832309124,seqgru
25500,2026Q2,1,-0.006995567120611668,0.011223447509109974,0.029830075800418854,-0.033573747612535954,0.05640825629234314,1.128666668710765,-3.3016404129790455,5.8029542794354905,seqgru
25500,2026Q2,2,-0.004004905000329018,0.022298377007246017,0.04988708347082138,-0.03914563124999404,0.0850278097204864,2.2548844020638947,-3.838934161345775,8.874734403671258,seqgru
25500,2026Q2,4,0.0013885498046875,0.04342746362090111,0.08895096927881241,-0.04559452086687088,0.1359340399503708,4.438423571358552,-4.457070970092836,14.56063268525214,seqgru
25500,2026Q2,8,0.017592482268810272,0.09248833358287811,0.18123075366020203,-0.07190793752670288,0.2707311734557152,9.690034458869556,-6.938343326956864,31.092261221598804,seqgru
25540,2026Q2,1,-0.003808099776506424,0.014117575250566006,0.03277910500764847,-0.03038628026843071,0.059357285499572754,1.4217698828593361,-2.9929258020734095,6.115430806557831,seqgru
25540,2026Q2,2,0.003398539498448372,0.029164783656597137,0.05715121328830719,-0.03174218675121665,0.09229193953797221,2.9594240801086524,-3.1243691902453685,9.668494104584191,seqgru
25540,2026Q2,4,0.01762828230857849,0.05881728231906891,0.10532210767269135,-0.02935478836297989,0.15230517834424973,6.058143605449251,-2.8928121659406614,16.451556714236926,seqgru
25540,2026Q2,8,0.04598324000835419,0.1189219281077385,0.20706316828727722,-0.043517179787158966,0.2965635880827904,12.628198389009281,-4.258389425524145,34.522809775328376,seqgru
25620,2026Q2,1,-0.007806581445038319,0.010396357625722885,0.028805602341890335,-0.034384761936962605,0.05538378283381462,1.0450587519859056,-3.380032374953812,5.694617464513407,seqgru
25620,2026Q2,2,-0.005164505913853645,0.02100120484828949,0.04812535271048546,-0.04030523216351867,0.08326607896015048,2.122328205591195,-3.9503779934650485,8.683095292872878,seqgru
25620,2026Q2,4,0.000287618488073349,0.04156210273504257,0.08586982637643814,-0.04669545218348503,0.13285289704799652,4.243789808588727,-4.562199292593261,14.208198234234072,seqgru
25620,2026Q2,8,0.02066764608025551,0.09143375605344772,0.17518402636051178,-0.06883277371525764,0.26468444615602493,9.574418786886651,-6.651723011784238,30.301973801084724,seqgru
25740,2026Q2,1,-0.009758581407368183,0.008695182390511036,0.027062762528657913,-0.03633676189929247,0.0536409430205822,0.8733095295785587,-3.5684505921142695,5.510569107141361,seqgru
25740,2026Q2,2,-0.009791363030672073,0.01691986620426178,0.043819621205329895,-0.044932089280337095,0.07896034745499492,1.706381787541944,-4.393759348539694,8.216141076550599,seqgru
25740,2026Q2,4,-0.010864254087209702,0.03162023425102234,0.07541422545909882,-0.05784732475876808,0.1223972961306572,3.212546496784152,-5.620596958116597,13.02030378879342,seqgru
25740,2026Q2,8,0.00012124329805374146,0.07426036894321442,0.15868471562862396,-0.08937917649745941,0.24818513542413712,7.708720904881727,-8.550124860828657,28.16971977845377,seqgru
25860,2026Q2,1,-0.008291191421449184,0.010059813037514687,0.028610538691282272,-0.03486937191337347,0.05518871918320656,1.0110583059517175,-3.4268440315713744,5.674002297281411,seqgru
25860,2026Q2,2,-0.007292343303561211,0.01933927834033966,0.046625979244709015,-0.04243306955322623,0.08176670549437404,1.9527493541183993,-4.154538683032061,8.52026084894051,seqgru
25860,2026Q2,4,-0.007902685552835464,0.03510747477412224,0.08018499612808228,-0.054885756224393845,0.12716806679964066,3.573101777524945,-5.340671583283174,13.560785972257051,seqgru
25860,2026Q2,8,-0.0008872896432876587,0.07671070098876953,0.16532081365585327,-0.09038770943880081,0.2548212334513664,7.972966647993096,-8.642308579416014,29.023095012150367,seqgru
25940,2026Q2,1,-0.007052152417600155,0.011234214529395103,0.02994406223297119,-0.03363033290952444,0.05652224272489548,1.1297555289780936,-3.3071119635684543,5.8150150681173685,seqgru
25940,2026Q2,2,-0.004992343485355377,0.02159944362938404,0.04932277277112007,-0.0401330697350204,0.0844634990207851,2.1834400206457216,-3.9338404337516897,8.813312558252374,seqgru
25940,2026Q2,4,-0.003446713089942932,0.0399094820022583,0.0862661749124527,-0.05042978376150131,0.13324924558401108,4.071656634889731,-4.917931061924841,14.25347345819674,seqgru
25940,2026Q2,8,0.0031699836254119873,0.08392102271318436,0.17789775133132935,-0.08633043617010117,0.2673981711268425,8.75429992216361,-8.270892501366944,30.656057747060107,seqgru
25980,2026Q2,1,-0.006341495551168919,0.011940410360693932,0.030707042664289474,-0.032919676043093204,0.05728522315621376,1.2011981640293268,-3.2383720764068924,5.895780661319505,seqgru
25980,2026Q2,2,-0.0030357837677001953,0.023506559431552887,0.051442451775074005,-0.03817651001736522,0.08658317802473903,2.3785016172342965,-3.7456972590557913,9.044206476276596,seqgru
25980,2026Q2,4,0.00044396519660949707,0.04352612793445587,0.09007513523101807,-0.04653910547494888,0.13705820590257645,4.448728425081261,-4.547276740067141,14.689490263060566,seqgru
25980,2026Q2,8,0.012124098837375641,0.09049765020608902,0.18171674013137817,-0.07737632095813751,0.2712171599268913,9.471893527473597,-7.44585125974806,31.155985770408478,seqgru
26140,2026Q2,1,-0.005347664467990398,0.012864288873970509,0.03176233544945717,-0.031925844959914684,0.058340515941381454,1.2947389800524567,-3.142159561342528,6.007590700418497,seqgru
26140,2026Q2,2,-0.001651328057050705,0.0248713381588459,0.053028665482997894,-0.03679205430671573,0.08816939173266292,2.5183210079361418,-3.612345151207752,9.217311145563256,seqgru
26140,2026Q2,4,0.001957535743713379,0.04561729356646538,0.09313198179006577,-0.045025534927845,0.14011505246162415,4.667376551315905,-4.402692918195061,15.040614830274635,seqgru
26140,2026Q2,8,0.012239761650562286,0.09476392716169357,0.19116732478141785,-0.07726065814495087,0.280667744576931,9.93992861787991,-7.4351455674193545,32.40136201402952,seqgru
26300,2026Q2,1,-0.012594521977007389,0.005883748643100262,0.02389419451355934,-0.039172702468931675,0.05047237500548363,0.5901091889898513,-3.8415373233768313,5.176780787375135,seqgru
26300,2026Q2,2,-0.015554649755358696,0.011102266609668732,0.03714238852262497,-0.05069537600502372,0.07228311477228999,1.1164125484222298,-4.943180768721289,7.495963793985161,seqgru
26300,2026Q2,4,-0.021651428192853928,0.020433662459254265,0.062386609613895416,-0.06863449886441231,0.1093696802854538,2.0643858993802944,-6.6332125610699455,11.557468008784276,seqgru
26300,2026Q2,8,-0.016918860375881195,0.054621003568172455,0.13502293825149536,-0.10641928017139435,0.22452335804700851,5.614026542271255,-10.095238379815974,25.17259488801098,seqgru
26380,2026Q2,1,-0.012779290787875652,0.005701201036572456,0.02365059405565262,-0.03935747127979994,0.050228774547576904,0.571748381228776,-3.859302766880035,5.151162795818109,seqgru
26380,2026Q2,2,-0.015657322481274605,0.010954516939818859,0.036931637674570084,-0.05079804873093963,0.0720723639242351,1.1014737354813064,-4.952940010456109,7.473311315551467,seqgru
26380,2026Q2,4,-0.021776270121335983,0.02011585421860218,0.06178741902112961,-0.06875934079289436,0.10877048969268799,2.0319541502759053,-6.644867923315911,11.49064384560492,seqgru
26380,2026Q2,8,-0.017431192100048065,0.05299428105354309,0.13161246478557587,-0.10693161189556122,0.22111288458108902,5.442361490991621,-10.141287644090902,24.74642420945825,seqgru
26420,2026Q2,1,-0.009029264561831951,0.009219352155923843,0.02757660299539566,-0.03560744505375624,0.054154783487319946,0.9261981286624366,-3.4980957863359197,5.56479863868784,seqgru
26420,2026Q2,2,-0.008359173312783241,0.017964525148272514,0.044823408126831055,-0.04349989956244826,0.07996413437649608,1.8126857849825706,-4.256734974684662,8.32482156055736,seqgru
26420,2026Q2,4,-0.007279679179191589,0.03454679995775223,0.07839979231357574,-0.05426274985074997,0.12538286298513412,3.5150472240888186,-5.281679844148046,13.358237672752104,seqgru
26420,2026Q2,8,0.003634348511695862,0.07706474512815475,0.16266393661499023,-0.08586607128381729,0.2521643564105034,8.011200611902902,-8.228286833271925,28.680751496967716,seqgru
26580,2026Q2,1,-0.004536306485533714,0.013603659346699715,0.03243698179721832,-0.031114486977458,0.05901516228914261,1.3696610132535314,-3.06354128987093,6.0791324643008515,seqgru
26580,2026Q2,2,0.001822037622332573,0.027903353795409203,0.056095048785209656,-0.03331868862733245,0.09123577503487468,2.8296298684412635,-3.27697348188446,9.552727279169936,seqgru
26580,2026Q2,4,0.013586558401584625,0.05518065765500069,0.1019187867641449,-0.033396512269973755,0.14890185743570328,5.673150406765037,-3.2845005272405414,16.05590833752113,seqgru
26580,2026Q2,8,0.04234800860285759,0.11562617868185043,0.20532575249671936,-0.04715241119265556,0.2948261722922325,12.257615079133766,-4.6058004927026275,34.289290640092986,seqgru
26620,2026Q2,1,-0.00751072634011507,0.010748322121798992,0.0293266661465168,-0.034088906832039356,0.055904846638441086,1.0806292845856103,-3.351442635292756,5.749705454950549,seqgru
26620,2026Q2,2,-0.005739070475101471,0.020760171115398407,0.04810246825218201,-0.04087979672476649,0.08324319450184703,2.097716245887704,-4.0055488512636295,8.680608167568726,seqgru
26620,2026Q2,4,-0.004057500511407852,0.03888074308633804,0.08434978872537613,-0.05104057118296623,0.1313328593969345,3.964649122498476,-4.975988261530551,14.034729345879082,seqgru
26620,2026Q2,8,0.0073036327958106995,0.0861876979470253,0.1775764524936676,-0.08219678699970245,0.26707687228918076,9.001090191402938,-7.890931781129817,30.614084850854972,seqgru
26820,2026Q2,1,-0.006723408587276936,0.011573956348001957,0.030295800417661667,-0.03330158907920122,0.05687398090958595,1.1641193731236843,-3.275319547696387,5.8522407959015865,seqgru
26820,2026Q2,2,-0.0037323497235774994,0.022775063291192055,0.05057306960225105,-0.03887307597324252,0.08571379585191607,2.303639522450207,-3.812721383380202,8.94944658436534,seqgru
26820,2026Q2,4,0.00010024011135101318,0.04299267381429672,0.08927570283412933,-0.04688283056020737,0.1362587735056877,4.393024679574786,-4.580080597430502,14.59784040777443,seqgru
26820,2026Q2,8,0.012197703123092651,0.09079664200544357,0.18310841917991638,-0.0773027166724205,0.27260883897542953,9.504629619565797,-7.439038627023475,31.338639876361785,seqgru
26900,2026Q2,1,-0.007542232982814312,0.010703355073928833,0.02925458922982216,-0.0341204134747386,0.055832769721746445,1.0760840892825918,-3.3544876588875505,5.742083616922566,seqgru
26900,2026Q2,2,-0.004963431507349014,0.021344389766454697,0.048767078667879105,-0.040104157757014036,0.08390780491754413,2.1573810629012202,-3.9310629309077916,8.752862439552445,seqgru
26900,2026Q2,4,-0.000794142484664917,0.041260696947574615,0.08646474778652191,-0.0477772131562233,0.1334478184580803,4.21237486159407,-4.665384359870806,14.276163351517823,seqgru
26900,2026Q2,8,0.01469787210226059,0.0891563668847084,0.1771610677242279,-0.07480254769325256,0.26666148751974106,9.325159130723183,-7.207331049365184,30.55984101614495,seqgru
26980,2026Q2,1,-0.0067512718960642815,0.011465733870863914,0.030122138559818268,-0.03332945238798857,0.056700319051742554,1.1531717339286374,-3.278014579788757,5.833859895184967,seqgru
26980,2026Q2,2,-0.0032956432551145554,0.022952252998948097,0.050611428916454315,-0.03843636950477958,0.08575215516611934,2.3217682805068085,-3.770706603229068,8.953625890576289,seqgru
26980,2026Q2,4,0.00307542085647583,0.04498094320297241,0.09071548283100128,-0.04390764981508255,0.13769855350255966,4.600792615804283,-4.295766357117959,14.762954921842475,seqgru
26980,2026Q2,8,0.020476017147302628,0.09520958364009857,0.18504537642002106,-0.06902440264821053,0.2745457962155342,9.988934978493802,-6.669609528654674,31.59328374330219,seqgru
27060,2026Q2,1,-0.013453458435833454,0.0051288786344230175,0.02310458943247795,-0.04003163892775774,0.04968276992440224,0.5142053847505546,-3.924095871445199,5.093765445834553,seqgru
27060,2026Q2,2,-0.01730346493422985,0.009515184909105301,0.035499654710292816,-0.05244419118389487,0.07064038095995784,0.9560598205384352,-5.109272303019463,7.3195215031086835,seqgru
27060,2026Q2,4,-0.024616222828626633,0.017423253506422043,0.05907637998461723,-0.07159929350018501,0.10605945065617561,1.7575923769812984,-6.9096159694912895,11.188797701147934,seqgru
27060,2026Q2,8,-0.024594075977802277,0.046351779252290726,0.1255415678024292,-0.11409449577331543,0.21504198759794235,4.74428148049324,-10.782635473956814,23.991395688182337,seqgru
27100,2026Q2,1,-0.0037421081215143204,0.014412203803658485,0.03335804119706154,-0.030320288613438606,0.059936221688985825,1.451656034612614,-2.98652393346851,6.176882656340377,seqgru
27100,2026Q2,2,0.0036671441048383713,0.029701299965381622,0.0581883043050766,-0.03147358214482665,0.09332903055474162,3.014678311343366,-3.0983444545374605,9.782289312437165,seqgru
27100,2026Q2,4,0.017450863495469093,0.059002745896577835,0.10642704367637634,-0.029532207176089287,0.15341011434793472,6.077815352326144,-2.910039279698351,16.58029934502132,seqgru
27100,2026Q2,8,0.04839000105857849,0.12261882424354553,0.21427854895591736,-0.04111041873693466,0.3037789687514305,13.045343736833637,-4.027684732135728,35.496953238132555,seqgru
27140,2026Q2,1,-0.009927530772984028,0.008491999469697475,0.026851024478673935,-0.036505711264908314,0.05342920497059822,0.8528158779667061,-3.584741265023905,5.488230869996769,seqgru
27140,2026Q2,2,-0.009879721328616142,0.016698073595762253,0.04352949559688568,-0.045020447578281164,0.0786702218465507,1.6838265652075135,-4.402206580039492,8.184749356768384,seqgru
27140,2026Q2,4,-0.01038626953959465,0.03161421790719032,0.07513177394866943,-0.05736934021115303,0.12211484462022781,3.2119255364846167,-5.575474278736792,12.988385541169901,seqgru
27140,2026Q2,8,0.0003566145896911621,0.07247725874185562,0.15560579299926758,-0.08914380520582199,0.24510621279478073,7.516835513102049,-8.528597652253012,27.775702014201254,seqgru
27180,2026Q2,1,-0.007031596265733242,0.011195892468094826,0.029775205999612808,-0.03360977675765753,0.056353386491537094,1.1258801025450627,-3.3051243094483373,5.7971490516767865,seqgru
27180,2026Q2,2,-0.003776414319872856,0.022495323792099953,0.04995635151863098,-0.03891714056953788,0.085097077768296,2.2750251560457624,-3.8169597435996905,8.882276205179096,seqgru
27180,2026Q2,4,0.0025473758578300476,0.044301629066467285,0.0895024910569191,-0.04443569481372833,0.13648556172847748,4.529759948169976,-4.346289158712013,14.623832795608372,seqgru
27180,2026Q2,8,0.02297794446349144,0.09635366499423981,0.18389517068862915,-0.06652247533202171,0.2733955904841423,10.114843279100395,-6.435811324204465,31.44201140795897,seqgru
27260,2026Q2,1,-0.01019772794097662,0.0081770746037364,0.026487816125154495,-0.036775908432900906,0.05306599661707878,0.8210598190932838,-3.6107888757315743,5.449923620524433,seqgru
27260,2026Q2,2,-0.011005429551005363,0.015594493597745895,0.04234454780817032,-0.046146155800670385,0.07748527405783534,1.5716722251142068,-4.509761253186706,8.05663199842639,seqgru
27260,2026Q2,4,-0.01364140585064888,0.029044881463050842,0.07290316373109818,-0.06062447652220726,0.11988623440265656,2.9470797593855513,-5.8823392664246406,12.736858852265275,seqgru
27260,2026Q2,8,-0.007820934057235718,0.06837724149227142,0.1554318368434906,-0.09732135385274887,0.24493225663900375,7.076917085705414,-9.273559363002049,27.75347657745897,seqgru
27340,2026Q2,1,-0.006495443172752857,0.011832211166620255,0.030595172196626663,-0.03307362366467714,0.05717335268855095,1.1902488683118717,-3.2532671523261447,5.883934713431627,seqgru
27340,2026Q2,2,-0.002969019114971161,0.02356148324906826,0.05156218260526657,-0.03810974536463618,0.08670290885493159,2.3841247897962603,-3.739270659427163,9.057263211276956,seqgru
27340,2026Q2,4,0.0011864416301250458,0.04407419264316559,0.09047664701938629,-0.045796629041433334,0.13745971769094467,4.505988776756342,-4.476379025847743,14.735548691285306,seqgru
27340,2026Q2,8,0.014265574514865875,0.09165667742490768,0.18219920992851257,-0.07523484528064728,0.2716996297240257,9.598847989394056,-7.247436426926901,31.21927983976669,seqgru
27500,2026Q2,1,-0.004543006420135498,0.013643753714859486,0.03251878544688225,-0.031121186912059784,0.059096965938806534,1.3737254472423466,-3.064190755629126,6.0878104794314325,seqgru
27500,2026Q2,2,0.001894323155283928,0.027977149933576584,0.05618120729923248,-0.033246403094381094,0.0913219335488975,2.8372185780200176,-3.26998155365934,9.562166585991939,seqgru
27500,2026Q2,4,0.01388048380613327,0.05539636313915253,0.10187499970197678,-0.03310258686542511,0.14885807037353516,5.695947143437552,-3.2560692067928887,16.050826701503553,seqgru
27500,2026Q2,8,0.04351002350449562,0.11715542525053024,0.20789262652397156,-0.04599039629101753,0.2973930463194847,12.429415981290726,-4.494886582017199,34.63443711662866,seqgru
27620,2026Q2,1,-0.0067128827795386314,0.011555721051990986,0.030182160437107086,-0.03329106327146292,0.05676034092903137,1.1622746322809796,-3.2743014369481904,5.840212432780301,seqgru
27620,2026Q2,2,-0.0028054174035787582,0.023474030196666718,0.05111728608608246,-0.03794614365324378,0.08625801233574748,2.375171377073282,-3.7235209510626643,9.008754805892982,seqgru
27620,2026Q2,4,0.00426061823964119,0.046048056334257126,0.09154775738716125,-0.04272245243191719,0.13853082805871964,4.712473072390422,-4.1822707057576185,14.858508967298324,seqgru
27620,2026Q2,8,0.026313263922929764,0.0996377170085907,0.18727952241897583,-0.06318715587258339,0.276779942214489,10.477060596694109,-6.123223865268034,31.88761101428843,seqgru
27740,2026Q2,1,-0.007273617200553417,0.011037604883313179,0.0296487919986248,-0.0338517976924777,0.05622697249054909,1.109874398010291,-3.3285236619744807,5.7837756560820575,seqgru
27740,2026Q2,2,-0.004528965801000595,0.021901307627558708,0.04939804971218109,-0.03966969205066562,0.08453877596184611,2.2142901784393265,-3.889315203984789,8.821503999877933,seqgru
27740,2026Q2,4,-0.0017111562192440033,0.04072447493672371,0.08585960417985916,-0.04869422689080238,0.13284267485141754,4.156508872015485,-4.752767439927852,14.207030781547768,seqgru
27740,2026Q2,8,0.014388374984264374,0.0894227921962738,0.17673830687999725,-0.07511204481124878,0.2662387266755104,9.354290000734778,-7.23604566920133,30.504657093157196,seqgru
27780,2026Q2,1,-0.008521624840795994,0.009957605041563511,0.0284966379404068,-0.03509980533272028,0.055074818432331085,1.0007346957001007,-3.449095150319137,5.661966634520255,seqgru
27780,2026Q2,2,-0.00619436614215374,0.020341545343399048,0.04761184751987457,-0.04133509239181876,0.0827525737695396,2.054984455543307,-4.049244760898718,8.627300286047168,seqgru
27780,2026Q2,4,-0.0013308338820934296,0.04031427577137947,0.08451834321022034,-0.04831390455365181,0.13150141388177872,4.11379272067478,-4.716535900438323,14.053952030927697,seqgru
27780,2026Q2,8,0.019840151071548462,0.09157846122980118,0.1771925985813141,-0.06966026872396469,0.26669301837682724,9.590275919757985,-6.728936293854659,30.563957744734882,seqgru
27860,2026Q2,1,-0.009980003349483013,0.008419266901910305,0.026738502085208893,-0.0365581838414073,0.05331668257713318,0.8454808604498876,-3.5898002893323677,5.476361749560321,seqgru
27860,2026Q2,2,-0.010055068880319595,0.016496706753969193,0.04325886070728302,-0.04519579512998462,0.07839958695694804,1.663352875620916,-4.418967949488439,8.15547475061309,seqgru
27860,2026Q2,4,-0.011231224983930588,0.030993742868304253,0.07456311583518982,-0.05821429565548897,0.1215461865067482,3.147904976607485,-5.655225098134453,12.924152044183511,seqgru
27860,2026Q2,8,-0.0028204619884490967,0.07089056074619293,0.15600064396858215,-0.09232088178396225,0.2455010637640953,7.346374036897707,-8.818748142997123,27.826164335889093,seqgru
27900,2026Q2,1,-0.009186915121972561,0.009177912957966328,0.027557216584682465,-0.03576509561389685,0.05413539707660675,0.9220159146134721,-3.5133081664382115,5.56275213598183,seqgru
27900,2026Q2,2,-0.00818680226802826,0.01827685721218586,0.04526364803314209,-0.04332752851769328,0.08040437428280711,1.8444901177642414,-4.240230185630988,8.372520968673447,seqgru
27900,2026Q2,4,-0.006149023771286011,0.035853832960128784,0.07995569705963135,-0.05313209444284439,0.12693876773118973,3.6504332647911752,-5.174525497330585,13.534749574995942,seqgru
27900,2026Q2,8,0.009652048349380493,0.0831964835524559,0.16960814595222473,-0.07984837144613266,0.2591085657477379,8.675531711744778,-7.674367220438915,29.577447391664812,seqgru
27980,2026Q2,1,-0.01049306895583868,0.007893799804151058,0.026140708476305008,-0.037071249447762966,0.052718888968229294,0.7925037983705252,-3.6392523597427506,5.413327497229736,seqgru
27980,2026Q2,2,-0.010934395715594292,0.015534767881035805,0.04219755157828331,-0.046075121965259314,0.07733827782794833,1.5656059653507803,-4.502977974365896,8.040749248289124,seqgru
27980,2026Q2,4,-0.012444902211427689,0.029223401099443436,0.07229140400886536,-0.05942797288298607,0.11927447468042374,2.9654594751531427,-5.76965974555641,12.66791207438953,seqgru
27980,2026Q2,8,-0.00542353093624115,0.0649581253528595,0.14599758386611938,-0.0949239507317543,0.23549800366163254,6.711433841221481,-9.055790575579802,26.553885481091676,seqgru
28020,2026Q2,1,-0.007789581082761288,0.010538388974964619,0.029078282415866852,-0.034367761574685574,0.05565646290779114,1.05941133724905,-3.378389786538738,5.723442210410856,seqgru
28020,2026Q2,2,-0.0049606189131736755,0.021383138373494148,0.04872933775186539,-0.0401013451628387,0.08387006400153041,2.1613395958095305,-3.9307927275949783,8.748758084356423,seqgru
28020,2026Q2,4,0.0005176439881324768,0.04214634373784065,0.08679283410310745,-0.0464654266834259,0.13377590477466583,4.304711099507119,-4.540243639677777,14.313661948077216,seqgru
28020,2026Q2,8,0.020275600254535675,0.09261389076709747,0.17863941192626953,-0.06922481954097748,0.2681398317217827,9.70380769537944,-6.688312641241212,30.752996139830845,seqgru
28100,2026Q2,1,-0.0043455930426716805,0.013729684054851532,0.032543934881687164,-0.030923773534595966,0.05912211537361145,1.3824369002199965,-3.0450524411115065,6.090478561454926,seqgru
28100,2026Q2,2,0.002438558265566826,0.02833452820777893,0.05646701902151108,-0.032702167984098196,0.0916077452711761,2.8739769336468157,-3.2173233534815826,9.593485212922603,seqgru
28100,2026Q2,4,0.016828561201691628,0.05775855481624603,0.1042817234992981,-0.030154509469866753,0.15126479417085648,5.945916351438996,-2.9704397893202894,16.330465359351432,seqgru
28100,2026Q2,8,0.04939540848135948,0.12128046154975891,0.21102917194366455,-0.04010501131415367,0.3005295917391777,12.894149265158639,-3.931144931199937,35.057387097867455,seqgru
28140,2026Q2,1,-0.006152794696390629,0.012033060193061829,0.030734416097402573,-0.032730975188314915,0.05731259658932686,1.210574872443182,-3.220111351654975,5.898679432062859,seqgru
28140,2026Q2,2,-0.0019023492932319641,0.024292202666401863,0.05209311842918396,-0.037043075542896986,0.08723384467884898,2.458966198512025,-3.6365374629614755,9.11518099312627,seqgru
28140,2026Q2,4,0.006427895277738571,0.048255324363708496,0.09435504674911499,-0.04055517539381981,0.14133811742067337,4.943856835536953,-3.9743819463208374,15.181403054162379,seqgru
28140,2026Q2,8,0.028296321630477905,0.10301627218723297,0.19356799125671387,-0.06120409816503525,0.283068411052227,10.850944680251807,-5.936876092668896,32.71959535832376,seqgru
28420,2026Q2,1,-0.007920646108686924,0.010323621332645416,0.028806451708078384,-0.03449882660061121,0.05538463220000267,1.037709376264906,-3.3910526705375976,5.694707237985863,seqgru
28420,2026Q2,2,-0.005959874019026756,0.020370107144117355,0.04764410853385925,-0.04110060026869178,0.08278483478352427,2.0578993712990545,-4.026742426380081,8.630804769429613,seqgru
28420,2026Q2,4,-0.0033819787204265594,0.03881004452705383,0.08367647230625153,-0.05036504939198494,0.1306595429778099,3.9572992314054423,-4.911775784912987,13.957973733566863,seqgru
28420,2026Q2,8,0.009610012173652649,0.0845521092414856,0.17224973440170288,-0.0798904076218605,0.26175015419721603,8.822954957094552,-7.67824815539222,29.92019017338958,seqgru
28450,2026Q2,1,-0.003148210234940052,0.014847598038613796,0.033785976469516754,-0.029726390726864338,0.06036415696144104,1.4958371181733598,-2.9288907226363237,6.22232921294712,seqgru
28450,2026Q2,2,0.004468882456421852,0.030292589217424393,0.058741241693496704,-0.03067184379324317,0.09388196794316173,3.0756077951307637,-3.020623529194588,9.843008830283129,seqgru
28450,2026Q2,4,0.019734181463718414,0.060821905732154846,0.10834676027297974,-0.027248889207839966,0.15532983094453812,6.27096348385634,-2.688098743867051,16.80431543541683,seqgru
28450,2026Q2,8,0.05061975121498108,0.12395910173654556,0.21615129709243774,-0.038880668580532074,0.3056517168879509,13.196957446257883,-3.8134516928405082,35.7509426596891,seqgru
28660,2026Q2,1,-0.010153734125196934,0.008269544690847397,0.026605412364006042,-0.03673191461712122,0.05318359285593033,0.8303831823368357,-3.606548253254327,5.462324864084889,seqgru
28660,2026Q2,2,-0.010718291625380516,0.015938961878418922,0.04275994747877121,-0.04585901787504554,0.07790067372843623,1.6066664712685474,-4.482338447240131,8.101528012013803,seqgru
28660,2026Q2,4,-0.01340297982096672,0.029183480888605118,0.07294818758964539,-0.0603860504925251,0.11993125826120377,2.9613491543448056,-5.8598964908883495,12.741934814920164,seqgru
28660,2026Q2,8,-0.008096061646938324,0.06668373942375183,0.15173792839050293,-0.09759648144245148,0.24123834818601608,6.895735564072503,-9.298517276474083,27.28243745374035,seqgru
28700,2026Q2,1,-0.007942280732095242,0.010358868166804314,0.02887595444917679,-0.03452046122401953,0.055454134941101074,1.0412706984133768,-3.393142746121869,5.702053565150478,seqgru
28700,2026Q2,2,-0.005799422040581703,0.020598364993929863,0.04790129512548447,-0.040940148290246725,0.08304202137514949,2.0811975468604915,-4.011342091850545,8.658746748850966,seqgru
28700,2026Q2,4,-0.0026009492576122284,0.03956695273518562,0.08449935913085938,-0.04958401992917061,0.13148242980241776,4.036015151093686,-4.8374800704400585,14.051786842203029,seqgru
28700,2026Q2,8,0.013654068112373352,0.0880369022488594,0.17552055418491364,-0.0758463516831398,0.2650209739804268,9.202841958915876,-7.304137874983252,30.34583142008391,seqgru
28740,2026Q2,1,-0.008232870139181614,0.010062105022370815,0.028526000678539276,-0.0348110506311059,0.05510418117046356,1.011289822032957,-3.4212115970388646,5.665069204726869,seqgru
28740,2026Q2,2,-0.006035791710019112,0.02029074914753437,0.0474594309926033,-0.041176517959684134,0.08260015724226832,2.0498005822255694,-4.034028217928343,8.61074495185603,seqgru
28740,2026Q2,4,-0.002313375473022461,0.03946291655302048,0.08384457230567932,-0.04929644614458084,0.1308276429772377,4.025192204268491,-4.810109889148128,13.977131679066467,seqgru
28740,2026Q2,8,0.015398986637592316,0.08784886449575424,0.17317606508731842,-0.07410143315792084,0.2626764848828316,9.182309632367991,-7.142249948404689,30.04059499095697,seqgru
28880,2026Q2,1,-0.004926147870719433,0.013209676370024681,0.03202337026596069,-0.03150432836264372,0.05860155075788498,1.3297309588603534,-3.1013237681441486,6.0352659843541545,seqgru
28880,2026Q2,2,0.00045034661889076233,0.026597406715154648,0.05471724271774292,-0.03469037963077426,0.08985796896740794,2.6954274632440267,-3.4095566348376294,9.401888803762493,seqgru
28880,2026Q2,4,0.011599421501159668,0.05317811667919159,0.09989435970783234,-0.03538364917039871,0.14687743037939072,5.461747335335976,-3.476496640626947,15.82119927248764,seqgru
28880,2026Q2,8,0.03642244637012482,0.11065163463354111,0.20115497708320618,-0.053077973425388336,0.29065539687871933,11.700571296302487,-5.169393307291337,33.730366552039314,seqgru
28940,2026Q2,1,-0.006586163304746151,0.011678668670356274,0.030424773693084717,-0.03316434379667044,0.057002954185009,1.1747130576371445,-3.2620436305923484,5.865893786524445,seqgru
28940,2026Q2,2,-0.0036289114505052567,0.02291157655417919,0.05077485740184784,-0.03876963770017028,0.08591558365151286,2.317606279398965,-3.8027714227940823,8.971433471727108,seqgru
28940,2026Q2,4,0.0004000663757324219,0.04344513267278671,0.0900438129901886,-0.04658300429582596,0.13702688366174698,4.440268915586176,-4.551466910095314,14.685897987485298,seqgru
28940,2026Q2,8,0.013101078569889069,0.09199260175228119,0.18509657680988312,-0.07639934122562408,0.27459699660539627,9.635671093227716,-7.3553835469037265,31.600021543220592,seqgru
29020,2026Q2,1,-0.0018600896000862122,0.01621965505182743,0.03539838269352913,-0.028438270092010498,0.061976563185453415,1.6351907720208114,-2.803770856287646,6.393740913208235,seqgru
29020,2026Q2,2,0.007338443771004677,0.03335316851735115,0.06238875538110733,-0.027802282478660345,0.09752948163077235,3.3915621216792147,-2.7419355973427817,10.244394292949988,seqgru
29020,2026Q2,4,0.024414096027612686,0.06610266864299774,0.11479620635509491,-0.022568974643945694,0.1617792770266533,6.8336396183660275,-2.2316200524343466,17.560073059333845,seqgru
29020,2026Q2,8,0.05809525400400162,0.13324084877967834,0.2273688018321991,-0.031405165791511536,0.31686922162771225,14.252514098163571,-3.091714569841164,37.28230246246633,seqgru
29100,2026Q2,1,-0.005503877066075802,0.012639980763196945,0.0313093401491642,-0.03208205755800009,0.057887520641088486,1.2720202966082672,-3.1572887945232164,5.95958063502382,seqgru
29100,2026Q2,2,-0.00017230398952960968,0.025861691683530807,0.05372536927461624,-0.03531303023919463,0.08886609552428126,2.6199006800818436,-3.4696800132949956,9.293429773338048,seqgru
29100,2026Q2,4,0.009662177413702011,0.05112688988447189,0.09714844077825546,-0.03732089325785637,0.14413151144981384,5.245643088566609,-3.6633052214781636,15.503599899584186,seqgru
29100,2026Q2,8,0.03574446216225624,0.10856395959854126,0.19701796770095825,-0.05375595763325691,0.2865183874964714,11.467620050070181,-5.233665170935353,33.17826558179573,seqgru
29180,2026Q2,1,-0.005801820196211338,0.012435656040906906,0.031195223331451416,-0.032380000688135624,0.0577734038233757,1.2513300330235788,-3.186138117088444,5.9474895547865,seqgru
29180,2026Q2,2,-0.0012487340718507767,0.02503211796283722,0.05299022048711777,-0.0363894603215158,0.08813094673678279,2.5348052086210826,-3.5735322487218,9.213112367197752,seqgru
29180,2026Q2,4,0.006949122995138168,0.04890350252389908,0.09516742825508118,-0.04003394767642021,0.14215049892663956,5.011901201637614,-3.9243176863043017,15.275012313902291,seqgru
29180,2026Q2,8,0.028150226920843124,0.1030113473534584,0.19330163300037384,-0.06135019287467003,0.282802052795887,10.850398759119795,-5.950617213666498,32.684249105914034,seqgru
29200,2026Q2,1,-0.007561626844108105,0.01068481057882309,0.02934866026043892,-0.03413980733603239,0.055926840752363205,1.0742097017157448,-3.3563619703734338,5.752031351597475,seqgru
29200,2026Q2,2,-0.006129177287220955,0.02038172259926796,0.04806046187877655,-0.04126990353688598,0.08320118812844157,2.059084827136748,-4.042989637154781,8.676042985244159,seqgru
29200,2026Q2,4,-0.00537639856338501,0.0376492440700531,0.08372601866722107,-0.05235946923494339,0.13070908933877945,3.8366955628881927,-5.1012326350681985,13.963620076345551,seqgru
29200,2026Q2,8,-0.0047892555594444275,0.07454922795295715,0.16689422726631165,-0.09428967535495758,0.2563946470618248,7.739838033358071,-8.998088605344668,29.226261496447982,seqgru
29340,2026Q2,1,-0.005477976985275745,0.01269775815308094,0.031452469527721405,-0.03205615747720003,0.05803065001964569,1.2778716986470373,-3.1547805279960928,5.974747649349066,seqgru
29340,2026Q2,2,-0.0001771431416273117,0.025933165103197098,0.053838297724723816,-0.035317869391292334,0.08897902397438884,2.6272355374298284,-3.470147137065205,9.305772807896062,seqgru
29340,2026Q2,4,0.010793454945087433,0.0522066168487072,0.09833654016256332,-0.03618961572647095,0.1453196108341217,5.3593410175916345,-3.5542600146606707,15.640911209099206,seqgru
29340,2026Q2,8,0.03808145597577095,0.1114572137594223,0.2014901041984558,-0.0514189638197422,0.29099052399396896,11.790591199096845,-5.011937845931335,33.77519073448314,seqgru
29404,2026Q2,1,-0.0041558630764484406,0.013924233615398407,0.03275158256292343,-0.030734043568372726,0.05932976305484772,1.402162727529399,-3.0266554370096843,6.112510290669038,seqgru
29404,2026Q2,2,0.00291375070810318,0.0287867933511734,0.056990064680576324,-0.03222697554156184,0.09213079093024135,2.9205137702775996,-3.171322028095258,9.65082260335446,seqgru
29404,2026Q2,4,0.01707291603088379,0.05799145624041557,0.1045113354921341,-0.02991015464067459,0.15149440616369247,5.97059417988135,-2.94672725068974,16.357179296132895,seqgru
29404,2026Q2,8,0.04921912029385567,0.12067864835262299,0.20979413390159607,-0.040281299501657486,0.2992945536971092,12.826228516102955,-3.94807924283217,34.890689047345155,seqgru
29414,2026Q2,1,-0.0060032689943909645,0.012244033627212048,0.030931860208511353,-0.03258144948631525,0.05751004070043564,1.2319298675854684,-3.2056391889121905,5.919590567013211,seqgru
29414,2026Q2,2,-0.001616617664694786,0.0246932003647089,0.052450090646743774,-0.03675734391435981,0.0875908168964088,2.5000602468872923,-3.608999439824545,9.154139034310305,seqgru
29414,2026Q2,4,0.007502399384975433,0.04914095252752304,0.09470827132463455,-0.03948067128658295,0.14169134199619293,5.036839238609803,-3.871146571837869,15.222095142663683,seqgru
29414,2026Q2,8,0.032471634447574615,0.10593755543231964,0.1941618025302887,-0.05702878534793854,0.28366222232580185,11.17524514377466,-5.543312071108419,32.798429154153695,seqgru
29420,2026Q2,1,-0.009143711067736149,0.009278734214603901,0.027809932827949524,-0.035721891559660435,0.05438811331987381,0.9321915120300117,-3.5091394601192816,5.589432929323479,seqgru
29420,2026Q2,2,-0.00942244566977024,0.01741965115070343,0.044587839394807816,-0.04456317191943526,0.07972856564447284,1.7572258105967409,-4.358482039747081,8.299306625074188,seqgru
29420,2026Q2,4,-0.012203630059957504,0.03137505054473877,0.07625998556613922,-0.059186700731515884,0.1232430562376976,3.18724356415927,-5.746921845728748,13.115932286707555,seqgru
29420,2026Q2,8,-0.008417181670665741,0.07161526381969452,0.16169975697994232,-0.0979176014661789,0.2512001767754555,7.424196479767264,-9.327638662778003,28.556739931271945,seqgru
29460,2026Q2,1,-0.010153521783649921,0.008309980854392052,0.02670019119977951,-0.03673170227557421,0.053278371691703796,0.8344604586356219,-3.6065277849174904,5.472320934153929,seqgru
29460,2026Q2,2,-0.01138688437640667,0.015434680506587029,0.042229291051626205,-0.04652761062607169,0.07737001730129123,1.5554410392142781,-4.546179519132165,8.044178459190231,seqgru
29460,2026Q2,4,-0.01471061259508133,0.028496578335762024,0.07255614548921585,-0.06169368326663971,0.11953921616077423,2.8906490255958817,-5.98291672542074,12.697743892905766,seqgru
29460,2026Q2,8,-0.010304078459739685,0.06916306912899017,0.1593976765871048,-0.09980449825525284,0.24889809638261795,7.161094156408487,-9.498566737711013,28.261132367646667,seqgru
29484,2026Q2,1,-0.0052779437974095345,0.012890513986349106,0.03166778385639191,-0.03185612428933382,0.05824596434831619,1.297395480798924,-3.1354063323390413,5.997567987679964,seqgru
29484,2026Q2,2,0.00022950954735279083,0.02634691447019577,0.05439461022615433,-0.03491121670231223,0.08953533647581935,2.6697062766851243,-3.43088503035206,9.366597893096573,seqgru
29484,2026Q2,4,0.011319540441036224,0.05279707536101341,0.09921204298734665,-0.035663530230522156,0.14619511365890503,5.421569707268259,-3.5035079609191944,15.742199486139796,seqgru
29484,2026Q2,8,0.03824595361948013,0.11148981004953384,0.20136860013008118,-0.05125446617603302,0.29086901992559433,11.794235217029714,-4.996311248292484,33.75893749199885,seqgru
29540,2026Q2,1,-0.004437917843461037,0.013639367185533047,0.03245476260781288,-0.031016098335385323,0.05903294309973717,1.3732807693980442,-3.054003374127512,6.0810186540321665,seqgru
29540,2026Q2,2,0.002046789973974228,0.027998263016343117,0.05614347755908966,-0.033093936275690794,0.09128420380875468,2.8393898116479743,-3.2552323111184944,9.558032911898874,seqgru
29540,2026Q2,4,0.014901621267199516,0.05612688511610031,0.10276401787996292,-0.032081449404358864,0.1497470885515213,5.773188565543252,-3.157229899257863,16.154043870182953,seqgru
29540,2026Q2,8,0.04390918090939522,0.11644293367862701,0.20622438192367554,-0.045591238886117935,0.2957248017191887,12.349339500266488,-4.456757399524114,34.4100211862735,seqgru
29620,2026Q2,1,-0.005688759498298168,0.012445641681551933,0.031114611774683,-0.032266939990222454,0.057692792266607285,1.2523410974681681,-3.1751916555006643,5.938949306943742,seqgru
29620,2026Q2,2,-0.0007791444659233093,0.025295550003647804,0.0530480220913887,-0.03591987071558833,0.08818874834105372,2.5618197196989767,-3.5282407483528733,9.219425242745416,seqgru
29620,2026Q2,4,0.008754238486289978,0.05010861158370972,0.09578922390937805,-0.0382288321852684,0.14277229458093643,5.138528279558141,-3.7507333610941718,15.346712104607118,seqgru
29620,2026Q2,8,0.03513817861676216,0.10720281302928925,0.1947089582681656,-0.05436224117875099,0.28420937806367874,11.31599949376556,-5.291103026836119,32.8711104588296,seqgru
29700,2026Q2,1,-0.009497893042862415,0.008801043033599854,0.027085814625024796,-0.0360760735347867,0.05366399511694908,0.8839886082329551,-3.543308732259587,5.513001374982474,seqgru
29700,2026Q2,2,-0.008741224184632301,0.017578644677996635,0.04442822188138962,-0.04388195043429732,0.07956894813105464,1.7734058370816097,-4.293306785970219,8.28202153858375,seqgru
29700,2026Q2,4,-0.007087737321853638,0.03445889800786972,0.07815994322299957,-0.05407080799341202,0.12514301389455795,3.505948449501517,-5.263497688950903,13.331052062889203,seqgru
29700,2026Q2,8,0.005962952971458435,0.07724487781524658,0.16073918342590332,-0.08353746682405472,0.2502396032214165,8.030658712172457,-8.01433780806109,28.43331101746638,seqgru
29740,2026Q2,1,-0.009607779793441296,0.008782613091170788,0.027141816914081573,-0.03618596028536558,0.05371999740600586,0.8821293392640372,-3.553907462293926,5.518910510045716,seqgru
29740,2026Q2,2,-0.009338488802313805,0.01721986196935177,0.044131841510534286,-0.044479215051978827,0.07927256776019931,1.736897848476504,-4.350451940414091,8.249933628231453,seqgru
29740,2026Q2,4,-0.008995354175567627,0.03316403552889824,0.07711228728294373,-0.05597842484712601,0.1240953579545021,3.372009215662386,-5.444046373812883,13.212382286405022,seqgru
29740,2026Q2,8,0.002495281398296356,0.07623033225536346,0.16150784492492676,-0.0870051383972168,0.2510082647204399,7.921112266371244,-8.332761460578308,28.53207071036179,seqgru
29820,2026Q2,1,-0.008541890420019627,0.00979558564722538,0.02825263887643814,-0.03512007091194391,0.05483081936836243,0.984371943414386,-3.4510517905041893,5.636188358629823,seqgru
29820,2026Q2,2,-0.007196776568889618,0.019269948825240135,0.046464722603559494,-0.04233750281855464,0.08160544885322452,1.9456812644590649,-4.145378607568628,8.502762647067907,seqgru
29820,2026Q2,4,-0.005673743784427643,0.03656435012817383,0.08113567531108856,-0.05265681445598602,0.12811874598264694,3.7241048464635718,-5.129446135244398,13.66879718135574,seqgru
29820,2026Q2,8,0.006631344556808472,0.08111847192049026,0.16793817281723022,-0.08286907523870468,0.2574385926127434,8.449937167959675,-7.952834813726895,29.36123711854084,seqgru
29940,2026Q2,1,-0.007100076414644718,0.011198107153177261,0.029816243797540665,-0.033678256906569004,0.05639442428946495,1.1261040647711829,-3.311745762212981,5.801490822788669,seqgru
29940,2026Q2,2,-0.003873037174344063,0.02251065894961357,0.0501663014292717,-0.039013763424009085,0.08530702767893672,2.276593571692165,-3.8262527745341557,8.905138429215697,seqgru
29940,2026Q2,4,0.0029054172337055206,0.0446438193321228,0.09020766615867615,-0.04407765343785286,0.13719073683023453,4.565535135106802,-4.312035040644946,14.704691174870987,seqgru
29940,2026Q2,8,0.022121421992778778,0.09526026248931885,0.1830446422100067,-0.06737899780273438,0.27254506200551987,9.994509232392668,-6.515916843273406,31.330263762982824,seqgru
30020,2026Q2,1,-0.0020682625472545624,0.0160050168633461,0.03512611240148544,-0.02864644303917885,0.06170429289340973,1.6133783197638918,-2.824002375861545,6.364777001483457,seqgru
30020,2026Q2,2,0.006849699653685093,0.03287704661488533,0.0617942214012146,-0.02829102659597993,0.09693494765087962,3.342346851586675,-2.7894582900172438,10.178869734668417,seqgru
30020,2026Q2,4,0.02207227423787117,0.06381969153881073,0.1121712177991867,-0.02491079643368721,0.1591542884707451,6.590019061049768,-2.460308296873359,17.251883886413786,seqgru
30020,2026Q2,8,0.05295674502849579,0.12704700231552124,0.21859806776046753,-0.036543674767017365,0.3080984875559807,13.54703862646156,-3.58840145642495,36.08350076514506,seqgru
30140,2026Q2,1,-0.00708069559186697,0.011188769713044167,0.029794961214065552,-0.033658876083791256,0.05637314170598984,1.125159810237042,-3.3098718461339494,5.799239117689581,seqgru
30140,2026Q2,2,-0.0039322469383478165,0.02239755168557167,0.04994458705186844,-0.03907297318801284,0.08508531330153346,2.265026000218251,-3.831947030831284,8.880995270794422,seqgru
30140,2026Q2,4,0.0014964118599891663,0.04350890591740608,0.08881013095378876,-0.045486658811569214,0.13579320162534714,4.446929622789053,-4.446764957594274,14.544499293757696,seqgru
30140,2026Q2,8,0.020985666662454605,0.09534105658531189,0.18367508053779602,-0.06851475313305855,0.2731755003333092,10.003396498344763,-6.622031617402147,31.41308549911297,seqgru
30300,2026Q2,1,-0.008830723352730274,0.009524267166852951,0.027983609586954117,-0.03540890384465456,0.0545617900788784,0.956976733658732,-3.478934279481305,5.607772952391565,seqgru
30300,2026Q2,2,-0.007603121921420097,0.0189053975045681,0.046037621796131134,-0.04274384817108512,0.08117834804579616,1.908523605065704,-4.184320774969807,8.456430924395498,seqgru
30300,2026Q2,4,-0.007255382835865021,0.03520548343658447,0.07962406426668167,-0.0542384535074234,0.12660713493824005,3.583253336159431,-5.279378507365307,13.497103971500879,seqgru
30300,2026Q2,8,0.00336630642414093,0.07778755575418472,0.16349755227565765,-0.08613411337137222,0.2529979720711708,8.08930047774159,-8.252882218401181,28.78806651016528,seqgru
30340,2026Q2,1,-0.007491950877010822,0.010799108073115349,0.02936728298664093,-0.03407013136893511,0.055945463478565216,1.0857628908599093,-3.349627996834581,5.754000761060474,seqgru
30340,2026Q2,2,-0.004856066778302193,0.02155381068587303,0.04901985079050064,-0.039996793027967215,0.08416057704016566,2.178777195889503,-3.9207479617875296,8.780355606039091,seqgru
30340,2026Q2,4,-0.0008800700306892395,0.04132724553346634,0.086532823741436,-0.04786314070224762,0.13351589441299438,4.219310278542054,-4.673575877500391,14.283943075264972,seqgru
30340,2026Q2,8,0.015250861644744873,0.0897410586476326,0.17725920677185059,-0.07424955815076828,0.26675962656736374,9.38909934158303,-7.156003483320628,30.57265466334933,seqgru
30460,2026Q2,1,-0.005206091329455376,0.012899257242679596,0.03162078931927681,-0.03178427182137966,0.058198969811201096,1.2982811537650463,-3.128446122175499,5.992586798082322,seqgru
30460,2026Q2,2,0.00020899809896945953,0.02621493488550186,0.05407623201608658,-0.03493172815069556,0.0892169582657516,2.656156865632564,-3.4328657824550635,9.331783493785316,seqgru
30460,2026Q2,4,0.010581202805042267,0.05184343457221985,0.09785197675228119,-0.03640186786651611,0.14483504742383957,5.321083319951048,-3.574728657037385,15.584889428944182,seqgru
30460,2026Q2,8,0.03559637442231178,0.10796689987182617,0.19638128578662872,-0.05390404537320137,0.2858817055821419,11.401087087358253,-5.247697864222445,33.09350037581824,seqgru
30500,2026Q2,1,-0.008809295482933521,0.009466063231229782,0.02787390723824501,-0.03538747597485781,0.054452087730169296,0.9511008112867758,-3.476866016493241,5.596188167107452,seqgru
30500,2026Q2,2,-0.007710134610533714,0.018682491034269333,0.045635078102350235,-0.042850860860198736,0.08077580435201526,1.8858100673668332,-4.194573719855532,8.412781258115288,seqgru
30500,2026Q2,4,-0.006261460483074188,0.03554679453372955,0.07928058505058289,-0.05324453115463257,0.12626365572214127,3.6186134840636264,-5.185186762507388,13.45812676951188,seqgru
30500,2026Q2,8,0.00801173597574234,0.07957969605922699,0.16246449947357178,-0.08148868381977081,0.25196491926908493,8.283185352227873,-7.825685959362804,28.65509033471305,seqgru
30620,2026Q2,1,-0.001354229636490345,0.016560863703489304,0.03565855696797371,-0.02793241012841463,0.062236737459897995,1.6698754954528772,-2.754590737273488,6.421425428798977,seqgru
30620,2026Q2,2,0.008932504802942276,0.03452348709106445,0.06346241384744644,-0.026208221446722746,0.09860314009711146,3.5126340197221717,-2.5867766732948327,10.362822684695306,seqgru
30620,2026Q2,4,0.029941219836473465,0.0705794245004654,0.11915580928325653,-0.017041850835084915,0.1661388799548149,7.31297988442241,-1.689745988832847,18.073707104806182,seqgru
30620,2026Q2,8,0.0712193101644516,0.14347179234027863,0.23755285143852234,-0.018281109631061554,0.3270532712340355,15.427425097259494,-1.8115023764313287,38.687535577413826,seqgru
30700,2026Q2,1,-0.007697482593357563,0.010575651191174984,0.02912796288728714,-0.03427566308528185,0.055706143379211426,1.0631771050443772,-3.3694906724031304,5.72869473133284,seqgru
30700,2026Q2,2,-0.005421772599220276,0.02094516158103943,0.04831300675868988,-0.0405624988488853,0.0834537330083549,2.116605097031732,-3.9750851830447242,8.70349202938121,seqgru
30700,2026Q2,4,-0.001798868179321289,0.040251243859529495,0.08525736629962921,-0.04878193885087967,0.1322404369711876,4.107230436088494,-4.761121395011392,14.138271688166038,seqgru
30700,2026Q2,8,0.012073993682861328,0.086481012403965,0.17424499988555908,-0.07742642611265182,0.26374541968107224,9.03306647630233,-7.450488583493742,30.179674228202003,seqgru
30780,2026Q2,1,-0.007741902954876423,0.010538803413510323,0.029064420610666275,-0.03432008344680071,0.05564260110259056,1.059453220173201,-3.3737829392284757,5.721976702807119,seqgru
30780,2026Q2,2,-0.005287135019898415,0.021063275635242462,0.04839958995580673,-0.040427861269563437,0.08354031620547175,2.128667215600033,-3.9621557505849725,8.712904332726644,seqgru
30780,2026Q2,4,-0.0009308196604251862,0.041013285517692566,0.08589110523462296,-0.047913890331983566,0.13287417590618134,4.186594718200731,-4.678413535472947,14.210628480144184,seqgru
30780,2026Q2,8,0.016222365200519562,0.09007949382066727,0.17734044790267944,-0.07327805459499359,0.2668408676981926,9.426126725677953,-7.065761382409064,30.583262964378854,seqgru
30860,2026Q2,1,-0.010116036050021648,0.00821728352457285,0.02649448812007904,-0.036694216541945934,0.053072668612003326,0.8251138066088792,-3.6029143371685834,5.450627184226686,seqgru
30860,2026Q2,2,-0.010643994435667992,0.01580866053700447,0.0424167662858963,-0.045784720685333014,0.07755749253556132,1.5934278488545672,-4.475241489780113,8.064435965689443,seqgru
30860,2026Q2,4,-0.01249154657125473,0.029282551258802414,0.07236702740192413,-0.05947461724281311,0.11935009807348251,2.9715500786178684,-5.77405495694715,12.676432726365693,seqgru
30860,2026Q2,8,-0.006354205310344696,0.06525757908821106,0.1469249427318573,-0.09585462510585785,0.23642536252737045,6.743393763710226,-9.140390647098506,26.67130078343223,seqgru
30980,2026Q2,1,-0.007582052610814571,0.010620508342981339,0.02909359335899353,-0.03416023310273886,0.055671773850917816,1.0677106130011937,-3.358335970617188,5.725060948413874,seqgru
30980,2026Q2,2,-0.004440786316990852,0.02162879705429077,0.04879120737314224,-0.039581512566655874,0.08393193362280726,2.1864394986013336,-3.880839839720518,8.755486536974688,seqgru
30980,2026Q2,4,0.003659438341856003,0.04455149173736572,0.08885379135608673,-0.04332363232970238,0.1358368620276451,4.555881296418018,-4.2398570868389935,14.549500461853594,seqgru
30980,2026Q2,8,0.029180213809013367,0.10003867745399475,0.18615680932998657,-0.060320205986499786,0.2756572291254997,10.521366409963617,-5.8536976781989765,31.739622157185423,seqgru
31020,2026Q2,1,-0.0064028529450297356,0.011798663064837456,0.030442610383033752,-0.03298103343695402,0.05702079087495804,1.186854184486319,-3.2443089355850496,5.867782100488683,seqgru
31020,2026Q2,2,-0.002461593598127365,0.02377038635313511,0.05140005797147751,-0.03760231984779239,0.08654078422114253,2.405515385475132,-3.6904131143555507,9.039583775591531,seqgru
31020,2026Q2,4,0.005511011928319931,0.04734885320067406,0.09309793263673782,-0.04147205874323845,0.1400810033082962,4.848771358210424,-4.062385885793274,15.03669786142645,seqgru
31020,2026Q2,8,0.028513319790363312,0.10325596481561661,0.19320370256900787,-0.06098710000514984,0.282704122364521,10.877518019130527,-5.91646235307608,32.67125591638833,seqgru
31084,2026Q2,1,-0.009440616704523563,0.008992121554911137,0.027407068759202957,-0.03601879719644785,0.05398524925112724,0.9032672134052122,-3.537783887955581,5.546903308160256,seqgru
31084,2026Q2,2,-0.008615842089056969,0.017985019832849503,0.045134153217077255,-0.04375656833872199,0.08027487946674228,1.8147724252461028,-4.281306127896345,8.35848819760927,seqgru
31084,2026Q2,4,-0.00802755355834961,0.034116655588150024,0.07829661667346954,-0.05501062422990799,0.12527968734502792,3.4705303843766355,-5.352490766891583,13.346542467359445,seqgru
31084,2026Q2,8,0.0030383914709091187,0.07517481595277786,0.1588430255651474,-0.08646202832460403,0.24834344536066055,7.807259870081484,-8.282962538074834,28.190011924837965,seqgru
31140,2026Q2,1,-0.006441882811486721,0.011794580146670341,0.030499491840600967,-0.03302006330341101,0.05707767233252525,1.1864410476845055,-3.2480852235917568,5.873804185514819,seqgru
31140,2026Q2,2,-0.002513660117983818,0.02376205287873745,0.05150715261697769,-0.03765438636764884,0.08664787886664271,2.404661995290347,-3.6954274888318484,9.051261956485623,seqgru
31140,2026Q2,4,0.005329597741365433,0.04708629846572876,0.09289708733558655,-0.04165347293019295,0.13988015800714493,4.821246430395321,-4.079788751445069,15.013595601268893,seqgru
31140,2026Q2,8,0.02577437460422516,0.09983976185321808,0.18934622406959534,-0.063726045191288,0.2788466438651085,10.499384172342996,-6.1737994286620745,32.16046521466189,seqgru
31180,2026Q2,1,-0.008006694726645947,0.010203773155808449,0.028666190803050995,-0.03458487521857023,0.05524437129497528,1.025600916607261,-3.3993653792841028,5.679883442315847,seqgru
31180,2026Q2,2,-0.00611991249024868,0.020127326250076294,0.04729153588414192,-0.0412606387399137,0.08243226213380694,2.033124670779407,-4.042100610817389,8.59251126976812,seqgru
31180,2026Q2,4,-0.0012141093611717224,0.04045995697379112,0.08520019799470901,-0.0481971800327301,0.1321832686662674,4.128961248043805,-4.705413334614084,14.131746783157762,seqgru
31180,2026Q2,8,0.015000373125076294,0.08939728140830994,0.17841798067092896,-0.07450004667043686,0.2679184004664421,9.351500322213235,-7.179256926086397,30.724046545046903,seqgru
31340,2026Q2,1,-0.005698191933333874,0.012494289316236973,0.03121691569685936,-0.03227637242525816,0.057795096188783646,1.2572669041823303,-3.1761049449079315,5.949787831371411,seqgru
31340,2026Q2,2,-0.0009169410914182663,0.02528139017522335,0.053109318017959595,-0.03605766734108329,0.08825004426762462,2.560367472210645,-3.5415333153768436,9.22612015379849,seqgru
31340,2026Q2,4,0.008052177727222443,0.04988859221339226,0.09598872065544128,-0.03893089294433594,0.14297179132699966,5.11539831138379,-3.818282479723112,15.369725693832837,seqgru
31340,2026Q2,8,0.03227008134126663,0.10703335702419281,0.1976204812526703,-0.05723033845424652,0.28712090104818344,11.29713792733602,-5.562348191513012,33.258531469816724,seqgru
31420,2026Q2,1,-0.006044610403478146,0.012150490656495094,0.030850373208522797,-0.03262279089540243,0.05742855370044708,1.2224607750246586,-3.209640721464746,5.910959848988329,seqgru
31420,2026Q2,2,-0.0015791282057762146,0.024641958996653557,0.05240090936422348,-0.036719854455441236,0.0875416356138885,2.494808138138249,-3.6053857256312494,9.14877082576897,seqgru
31420,2026Q2,4,0.007047910243272781,0.048769090324640274,0.09451110661029816,-0.0399351604282856,0.14149417728185654,4.997787269612308,-3.914826165222973,15.199379650609979,seqgru
31420,2026Q2,8,0.0311800017952919,0.10464361310005188,0.1934058964252472,-0.05832041800022125,0.28290631622076035,11.03148381727408,-5.665236655625905,32.6980839413737,seqgru
31540,2026Q2,1,-0.0060504646971821785,0.012156005017459393,0.030921239405870438,-0.032628645189106464,0.057499419897794724,1.2230189537500769,-3.2102073589970526,5.9184656219199105,seqgru
31540,2026Q2,2,-0.002320431172847748,0.024024778977036476,0.05196407437324524,-0.03746115742251277,0.08710480062291026,2.4315699071345787,-3.6768168598755424,9.101101236080433,seqgru
31540,2026Q2,4,0.003354150801897049,0.0458543486893177,0.09227810800075531,-0.04362891986966133,0.1392611786723137,4.692191430253789,-4.269087003303406,14.942426590712742,seqgru
31540,2026Q2,8,0.017139270901679993,0.09436911344528198,0.18599912524223328,-0.07236114889383316,0.27549954503774643,9.896531393553687,-6.980510371591331,31.718850552763378,seqgru
31700,2026Q2,1,-0.0060372138395905495,0.012206390500068665,0.030955038964748383,-0.032615394331514835,0.05753321945667267,1.2281192529006724,-3.2089248027409756,5.922045679836807,seqgru
31700,2026Q2,2,-0.0015422981232404709,0.024724788963794708,0.05255882441997528,-0.03668302437290549,0.0876995506696403,2.50329813133654,-3.6018354386532447,9.166008421001237,seqgru
31700,2026Q2,4,0.0072838664054870605,0.0490037240087986,0.09484811127185822,-0.03969920426607132,0.1418311819434166,5.0224261777137125,-3.892151601362892,15.238208921016128,seqgru
31700,2026Q2,8,0.030908700078725815,0.10477007925510406,0.19376592338085175,-0.05859171971678734,0.2832663431763649,11.045526430061091,-5.690826367429757,32.74586742970544,seqgru
31740,2026Q2,1,-0.0062530552968382835,0.011937516741454601,0.030564814805984497,-0.03283123578876257,0.05714299529790878,1.2009053267189707,-3.2298140749935533,5.880720402252093,seqgru
31740,2026Q2,2,-0.0018501020967960358,0.024261251091957092,0.05186775326728821,-0.03699082834646106,0.08700847951695323,2.4557949812695323,-3.6315026106777393,9.090593003438663,seqgru
31740,2026Q2,4,0.0061787813901901245,0.047559626400470734,0.092933788895607,-0.040804289281368256,0.13991685956716537,4.870872998379228,-3.998300282019951,15.017816857113875,seqgru
31740,2026Q2,8,0.028993476182222366,0.10121570527553558,0.1881692111492157,-0.06050694361329079,0.27766963094472885,10.651529720994768,-5.871276693882788,32.0050021485073,seqgru
31860,2026Q2,1,-0.007933621294796467,0.010335233993828297,0.028850536793470383,-0.03451180178672075,0.05542871728539467,1.038882699763266,-3.3923061814767674,5.6993669008899905,seqgru
31860,2026Q2,2,-0.005862481892108917,0.02048185095191002,0.04771437495946884,-0.04100320814177394,0.08285510120913386,2.0693043467959527,-4.017394931518936,8.638438135973402,seqgru
31860,2026Q2,4,-0.0018384307622909546,0.03994719684123993,0.08444485068321228,-0.048821501433849335,0.13142792135477066,4.075581754679436,-4.764889216515278,14.045570225781479,seqgru
31860,2026Q2,8,0.01422388106584549,0.08753553032875061,0.1732897162437439,-0.07527653872966766,0.26279013603925705,9.148104443434857,-7.251303520590946,30.05537509483198,seqgru
31900,2026Q2,1,-0.010608616285026073,0.007831912487745285,0.02597508206963539,-0.03718679677695036,0.05255326256155968,0.7862662138123033,-3.650385943530754,5.395869712356283,seqgru
31900,2026Q2,2,-0.010507877916097641,0.015915298834443092,0.04245397448539734,-0.04564860416576266,0.07759470073506236,1.604262176698179,-4.462238107151384,8.068456923587664,seqgru
31900,2026Q2,4,-0.010409001260995865,0.031113548204302788,0.07394847273826599,-0.057392071932554245,0.12093154340982437,3.1602633863076823,-5.577620686353068,12.854765319873573,seqgru
31900,2026Q2,8,0.004670403897762299,0.07502876222133636,0.15645074844360352,-0.08483001589775085,0.24595116823911667,7.791515367300672,-8.133156984170164,27.88371241483385,seqgru
31924,2026Q2,1,-0.012043853290379047,0.006466330494731665,0.024576660245656967,-0.03862203378230333,0.05115484073758125,0.6487282345950973,-3.7885712869960786,5.248584835188952,seqgru
31924,2026Q2,2,-0.014851303771138191,0.011967780068516731,0.0382060743868351,-0.04999203002080321,0.07334680063650012,1.2039680491596982,-4.876299419034991,7.610366564650928,seqgru
31924,2026Q2,4,-0.021132737398147583,0.021338243037462234,0.06364263594150543,-0.06811580806970596,0.11062570661306381,2.1567531310951127,-6.584771506015452,11.697675159148302,seqgru
31924,2026Q2,8,-0.0195595845580101,0.05371856689453125,0.13518331944942474,-0.10906000435352325,0.2246837392449379,5.518759564141429,-10.332338861643443,25.19267182866589,seqgru
32580,2026Q2,1,-0.004143201746046543,0.013939855620265007,0.032820750027894974,-0.03072138223797083,0.05939893051981926,1.403746844982523,-3.025427617681098,6.119850077841904,seqgru
32580,2026Q2,2,0.0024571623653173447,0.028430968523025513,0.05679198354482651,-0.03268356388434768,0.09193270979449153,2.8838986108301157,-3.2155227821621724,9.629104994872574,seqgru
32580,2026Q2,4,0.01564071699976921,0.057249587029218674,0.10476383566856384,-0.03134235367178917,0.15174690634012222,5.89200701307111,-3.085627363841481,16.386563214000137,seqgru
32580,2026Q2,8,0.041321203112602234,0.11723481118679047,0.2118040919303894,-0.04817921668291092,0.30130451172590256,12.438341650023176,-4.70370150924293,35.1620863280081,seqgru
32780,2026Q2,1,-0.005791001953184605,0.012448040768504143,0.031221821904182434,-0.03236918244510889,0.05780000239610672,1.252584010929958,-3.1850907555369457,5.950307644271491,seqgru
32780,2026Q2,2,-0.0014102179557085037,0.024945154786109924,0.052943721413612366,-0.036550944205373526,0.08808444766327739,2.52588884393834,-3.5891023120499743,9.208034176724533,seqgru
32780,2026Q2,4,0.00569605827331543,0.048047974705696106,0.09457530826330185,-0.04128701239824295,0.14155837893486023,4.922099018527515,-4.044631338297455,15.20677587863104,seqgru
32780,2026Q2,8,0.02509303018450737,0.10104817897081375,0.19162359833717346,-0.06440738961100578,0.2811240181326866,10.632994231743155,-6.237705613311261,32.46178703838461,seqgru
32820,2026Q2,1,-0.009646938182413578,0.008693967014551163,0.02699171006679535,-0.036225118674337864,0.053569890558719635,0.8731869306576545,-3.5576840619571115,5.503072587780022,seqgru
32820,2026Q2,2,-0.008834701031446457,0.017474301159381866,0.04426519572734833,-0.04397542728111148,0.07940592197701335,1.7627869958284137,-4.302252727745149,8.26437017591648,seqgru
32820,2026Q2,4,-0.006054744124412537,0.0350993275642395,0.07843810319900513,-0.05303781479597092,0.1254211738705635,3.5722579491639816,-5.165584963631309,13.362580610398433,seqgru
32820,2026Q2,8,0.010254643857479095,0.08019144088029861,0.16296333074569702,-0.07924577593803406,0.2524637505412102,8.349447295710188,-7.618715442772006,28.719283526544782,seqgru
32900,2026Q2,1,-0.009701036848127842,0.008804026059806347,0.02725432813167572,-0.03627921734005213,0.053832508623600006,0.8842895482636282,-3.5629013214430905,5.5307832390415035,seqgru
32900,2026Q2,2,-0.009871119633316994,0.017013005912303925,0.04416251182556152,-0.045011845882982016,0.07930323807522655,1.7158551314130577,-4.401384273412612,8.253253738711663,seqgru
32900,2026Q2,4,-0.013928849250078201,0.02917328104376793,0.07344722747802734,-0.06091191992163658,0.12043029814958572,2.960298969915076,-5.909388878969701,12.798211578493145,seqgru
32900,2026Q2,8,-0.011437743902206421,0.06286871433258057,0.14549197256565094,-0.10093816369771957,0.2349923923611641,6.488702564985793,-9.601106950964034,26.489914580042285,seqgru
33124,2026Q2,1,-0.011612347327172756,0.0068467045202851295,0.024934828281402588,-0.03819052781909704,0.051513008773326874,0.6870196785941918,-3.747046523330566,5.286288265763139,seqgru
33124,2026Q2,2,-0.01245962269604206,0.013940188102424145,0.040343835949897766,-0.04760034894570708,0.07548456219956279,1.4037805599248276,-4.648521587174215,7.840657936398232,seqgru
33124,2026Q2,4,-0.013411697000265121,0.02756761573255062,0.0697217509150505,-0.0603947676718235,0.11670482158660889,2.7951118425365795,-5.860717123473003,12.378766286842957,seqgru
33124,2026Q2,8,-0.004614897072315216,0.06303341686725616,0.14151649177074432,-0.09411531686782837,0.23101691156625748,6.506242968647369,-8.982220266398445,25.988054582239606,seqgru
33140,2026Q2,1,-0.0047445883974432945,0.013368876650929451,0.032170604914426804,-0.03132276888936758,0.05874878540635109,1.3458639646484638,-3.0837292983533326,6.050879198841241,seqgru
33140,2026Q2,2,0.0013479199260473251,0.027354218065738678,0.055445313453674316,-0.0337928063236177,0.09058603970333934,2.7731779459141404,-3.322820711044805,9.481570120753835,seqgru
33140,2026Q2,4,0.013592185452580452,0.05495331063866615,0.1015666276216507,-0.03339088521897793,0.14854969829320908,5.649128662052849,-3.283956302661739,16.015045383913275,seqgru
33140,2026Q2,8,0.0422595776617527,0.11561153829097748,0.20624642074108124,-0.04724084213376045,0.2957468405365944,12.255971595801206,-4.614235918559184,34.41298345683028,seqgru
33220,2026Q2,1,-0.005041343159973621,0.01308144349604845,0.031840045005083084,-0.03161952365189791,0.05841822549700737,1.3167379893209707,-3.1124853962851917,6.015828823271097,seqgru
33220,2026Q2,2,0.0007277503609657288,0.0267656110227108,0.05477232486009598,-0.03441297588869929,0.089913051109761,2.71270272935602,-3.3827583676014905,9.40791506014329,seqgru
33220,2026Q2,4,0.012449188157916069,0.05379451438784599,0.10012610256671906,-0.03453388251364231,0.14710917323827744,5.526773753752945,-3.3944393260317174,15.848043118641431,seqgru
33220,2026Q2,8,0.04073144495487213,0.1135934367775917,0.20301558077335358,-0.04876897484064102,0.29251600056886673,12.029656090279438,-4.759886709210814,33.97941738613333,seqgru
33260,2026Q2,1,-0.006618787534534931,0.011551715433597565,0.03018438071012497,-0.03319696802645922,0.056762561202049255,1.1618694156245502,-3.265199580429745,5.840447427209061,seqgru
33260,2026Q2,2,-0.003018070012331009,0.023146381601691246,0.05069766193628311,-0.03815879626199603,0.08583838818594813,2.3416337905827866,-3.7439922187825214,8.963021695866647,seqgru
33260,2026Q2,4,0.004917070269584656,0.04660786688327789,0.09226202219724655,-0.042066000401973724,0.13924509286880493,4.771108630301035,-4.119350313007586,14.940577664294551,seqgru
33260,2026Q2,8,0.02577400952577591,0.10106007009744644,0.19233472645282745,-0.06372641026973724,0.2818351462483406,10.634309790509032,-6.173833682579621,32.55601784051267,seqgru
33340,2026Q2,1,-0.004196432419121265,0.013925574719905853,0.03281641751527786,-0.03077461291104555,0.05939459800720215,1.4022987185180913,-3.0305895020536378,6.119390313248485,seqgru
33340,2026Q2,2,0.0025117211043834686,0.028568599373102188,0.056901514530181885,-0.03262900514528155,0.0920422407798469,2.8980595837261536,-3.2102421990743313,9.641113436402504,seqgru
33340,2026Q2,4,0.015832284465432167,0.05732736364006996,0.1044866293668747,-0.031150786206126213,0.15146970003843307,5.900243254782156,-3.067059944689321,16.354304596597856,seqgru
33340,2026Q2,8,0.04516501724720001,0.11899222433567047,0.21047016978263855,-0.04433540254831314,0.2999705895781517,12.636116004800812,-4.336695350272024,34.98191082428266,seqgru
33460,2026Q2,1,-0.007586237974464893,0.010670098476111889,0.029157239943742752,-0.03416441846638918,0.05573542043566704,1.0727226984996507,-3.3587404502784746,5.731790201610365,seqgru
33460,2026Q2,2,-0.004550721496343613,0.021647930145263672,0.04892577975988388,-0.039691447746008635,0.0840665060095489,2.188394659748538,-3.8914061360174945,8.770123007179498,seqgru
33460,2026Q2,4,0.0010442696511745453,0.04250352457165718,0.08723966777324677,-0.045938801020383835,0.13422273844480515,4.341973397481813,-4.489958842720565,14.364752554844129,seqgru
33460,2026Q2,8,0.021566666662693024,0.0934680849313736,0.17983540892601013,-0.06793375313282013,0.2693358287215233,9.797556081673676,-6.567763254316683,30.909469883333273,seqgru
33500,2026Q2,1,-0.00750416424125433,0.010689117945730686,0.029139813035726547,-0.034082344733178616,0.05571799352765083,1.0746450663594587,-3.3508084158236695,5.729947639483268,seqgru
33500,2026Q2,2,-0.0036957133561372757,0.022237034514546394,0.049502983689308167,-0.0388364396058023,0.08464370993897319,2.2486120249475494,-3.80919736634453,8.832923672234937,seqgru
33500,2026Q2,4,0.00590844452381134,0.04647409915924072,0.09093141555786133,-0.04107462614774704,0.1379144862294197,4.757094574889753,-4.024249573005701,14.7877386753567,seqgru
33500,2026Q2,8,0.032645974308252335,0.10250712186098099,0.1884852945804596,-0.05685444548726082,0.27798571437597275,10.794519251334233,-5.5268430697348325,32.046733337449005,seqgru
33540,2026Q2,1,-0.009883449412882328,0.00852242112159729,0.026872988790273666,-0.036461629904806614,0.05345116928219795,0.855884033893406,-3.580491055607493,5.490547871815288,seqgru
33540,2026Q2,2,-0.01021948829293251,0.016410350799560547,0.0432668961584568,-0.04536021454259753,0.07840762240812182,1.6545740188137037,-4.4346820347493825,8.156343832141367,seqgru
33540,2026Q2,4,-0.01296115294098854,0.02968795783817768,0.07360788434743881,-0.05994422361254692,0.12059095501899719,3.013303885570373,-5.818293672729203,12.816334841814946,seqgru
33540,2026Q2,8,-0.006941772997379303,0.06798895448446274,0.153402179479599,-0.09644219279289246,0.24290259927511215,7.035348580742284,-9.19376113668785,27.494443755821727,seqgru
33660,2026Q2,1,-0.0098820636048913,0.008542254567146301,0.026826947927474976,-0.036460244096815586,0.05340512841939926,0.8578843734144304,-3.5803574365889212,5.485691107779811,seqgru
33660,2026Q2,2,-0.009348010644316673,0.017136115580797195,0.04391136020421982,-0.044488736893981695,0.07905208645388484,1.7283781074526994,-4.3513626959623135,8.226069172386508,seqgru
33660,2026Q2,4,-0.008524004369974136,0.03317241370677948,0.07650919258594513,-0.055507075041532516,0.12349226325750351,3.3728752883715796,-5.399466938024622,13.144125083860846,seqgru
33660,2026Q2,8,0.004708372056484222,0.0760154202580452,0.1588234156370163,-0.08479204773902893,0.24832383543252945,7.897921216687931,-8.129668903075672,28.187498152564515,seqgru
33700,2026Q2,1,-0.00769843440502882,0.010617054998874664,0.029218707233667374,-0.034276614896953106,0.05579688772559166,1.06736159202101,-3.369582646405933,5.738289447956424,seqgru
33700,2026Q2,2,-0.005445929244160652,0.021088317036628723,0.04863671213388443,-0.040586655493825674,0.08377743838354945,2.1312246925700773,-3.9774047948002655,8.738685629925058,seqgru
33700,2026Q2,4,-0.0022973008453845978,0.040083110332489014,0.08551403880119324,-0.04928037151694298,0.13249710947275162,4.089727991659942,-4.808579734811413,14.167571603964912,seqgru
33700,2026Q2,8,0.010945610702037811,0.0850536897778511,0.1715550720691681,-0.07855480909347534,0.26105549186468124,8.87755212450443,-7.554860979967404,29.829970850650934,seqgru
33740,2026Q2,1,-0.011351439170539379,0.007107267156243324,0.02525903284549713,-0.037929619662463665,0.05183721333742142,0.713258372111536,-3.7219300662666766,5.320428094800644,seqgru
33740,2026Q2,2,-0.012647045776247978,0.013922484591603279,0.040316108614206314,-0.047787772025913,0.07545683486387134,1.401985372889003,-4.666390980339874,7.837667843728302,seqgru
33740,2026Q2,4,-0.014903135597705841,0.026756595820188522,0.0691966861486435,-0.06188620626926422,0.11617975682020187,2.7117767577132135,-6.0010154343259625,12.319775644482656,seqgru
33740,2026Q2,8,-0.005437158048152924,0.06495096534490585,0.14557796716690063,-0.09493757784366608,0.2350783869624138,6.710669789241752,-9.0570298740553,26.500792497523086,seqgru
33780,2026Q2,1,-0.006676257587969303,0.011486496776342392,0.030046269297599792,-0.03325443807989359,0.05662444978952408,1.1552719894758257,-3.270758774833693,5.825830662906806,seqgru
33780,2026Q2,2,-0.002602681517601013,0.02345195785164833,0.05084988474845886,-0.037743407767266035,0.08599061099812388,2.3729117419071466,-3.704000275079955,8.979609615950256,seqgru
33780,2026Q2,4,0.006414152681827545,0.047503601759672165,0.0924181342124939,-0.040568917989730835,0.13940120488405228,4.864997809968474,-3.975701578519253,14.958522670186492,seqgru
33780,2026Q2,8,0.03294926509261131,0.10439267754554749,0.19114267826080322,-0.05655115470290184,0.2806430980563164,11.003625565774012,-5.498185886358442,32.39809882134457,seqgru
33860,2026Q2,1,-0.006403089500963688,0.011882971972227097,0.03061695024371147,-0.032981269992887974,0.05719513073563576,1.1953854972325928,-3.2443318237152075,5.886240683857014,seqgru
33860,2026Q2,2,-0.0024690739810466766,0.023912280797958374,0.051716916263103485,-0.0376098002307117,0.08685764251276851,2.4200471901943965,-3.691133544249714,9.07413934614667,seqgru
33860,2026Q2,4,0.004521030932664871,0.04647735878825188,0.09227438271045685,-0.04246203973889351,0.13925745338201523,4.757436044710883,-4.157315303621978,14.941998397603662,seqgru
33860,2026Q2,8,0.023951958864927292,0.09787709265947342,0.1861233115196228,-0.06554846093058586,0.27562373131513596,10.282723121634518,-6.344634060199816,31.73520924221691,seqgru
33874,2026Q2,1,-0.006894082762300968,0.011362950317561626,0.02995128557085991,-0.033472263254225254,0.056529466062784195,1.142775385805983,-3.29182654403799,5.815779408485455,seqgru
33874,2026Q2,2,-0.002907346934080124,0.023305028676986694,0.050898510962724686,-0.038048073183745146,0.08603923721238971,2.3578712794456225,-3.733333867248989,8.98490901064175,seqgru
33874,2026Q2,4,0.005129408091306686,0.046678218990564346,0.09212358295917511,-0.041853662580251694,0.1391066536307335,4.778479757860055,-4.098989063052527,14.924666479690774,seqgru
33874,2026Q2,8,0.028567131608724594,0.10128363966941833,0.18957096338272095,-0.06093328818678856,0.2790713831782341,10.659047020937296,-5.911399410615581,32.19017020465109,seqgru
34060,2026Q2,1,-0.006230800412595272,0.01195034570991993,0.030577879399061203,-0.03280898090451956,0.05715605989098549,1.2022036382700385,-3.227660441743274,5.8821036998149,seqgru
34060,2026Q2,2,-0.0016517788171768188,0.024440564215183258,0.05211491882801056,-0.03679250506684184,0.08725564507767558,2.4741682970993217,-3.6123885989094107,9.117559773519046,seqgru
34060,2026Q2,4,0.008964505046606064,0.05004185810685158,0.09550231695175171,-0.038018565624952316,0.1424853876233101,5.131510151488561,-3.7304932310283756,15.313623077328042,seqgru
34060,2026Q2,8,0.03759601712226868,0.10912447422742844,0.19708821177482605,-0.051904402673244476,0.2865886315703392,11.530116795289214,-5.058037551720362,33.18762089429463,seqgru
34100,2026Q2,1,-0.007745183072984219,0.010569872334599495,0.029138751327991486,-0.034323363564908504,0.05571693181991577,1.0625930771263281,-3.3740998841129355,5.729835385239612,seqgru
34100,2026Q2,2,-0.005790401250123978,0.020735271275043488,0.04809582605957985,-0.040931127499789,0.08323655230924487,2.095174060702698,-4.0104761943757,8.679886292434569,seqgru
34100,2026Q2,4,-0.003342747688293457,0.03926030918955803,0.08436116576194763,-0.05032581835985184,0.131344236433506,4.004118069301854,-4.908045302558461,14.036026730545448,seqgru
34100,2026Q2,8,0.01088983565568924,0.08729135245084763,0.17588621377944946,-0.07861058413982391,0.2653866335749626,9.121456144509654,-7.560016968091876,30.39350233908371,seqgru
34580,2026Q2,1,-0.006716924719512463,0.011555955745279789,0.030231300741434097,-0.03329510521143675,0.05680948123335838,1.1622983743907023,-3.274692395625589,5.845413580821246,seqgru
34580,2026Q2,2,-0.003164898604154587,0.023200705647468567,0.05090395361185074,-0.03830562485381961,0.08604467986151576,2.3471935531947707,-3.7581243153362864,8.985502178875727,seqgru
34580,2026Q2,4,0.002743583172559738,0.04487285017967224,0.09060414880514145,-0.04423948749899864,0.13758721947669983,4.589486610951976,-4.327519359638188,14.750178611283694,seqgru
34580,2026Q2,8,0.021724358201026917,0.09630977362394333,0.18490445613861084,-0.06777606159448624,0.274404875934124,10.110010293802851,-6.553028619441193,31.574740887288332,seqgru
34620,2026Q2,1,0.0005056606605648994,0.018349025398492813,0.03766863793134689,-0.026072519831359386,0.06424681842327118,1.8518403151234208,-2.5735566445623137,6.635556248192032,seqgru
34620,2026Q2,2,0.012379204854369164,0.037957813590765,0.06746920198202133,-0.02276152139529586,0.10260992823168635,3.868741346192084,-2.2504432241495897,10.805910219274528,seqgru
34620,2026Q2,4,0.03543463349342346,0.07659518718719482,0.12671487033367157,-0.011548437178134918,0.17369794100522995,7.960495000485857,-1.1482009933690862,18.96961531170831,seqgru
34620,2026Q2,8,0.07726528495550156,0.15270596742630005,0.25063151121139526,-0.012235134840011597,0.3401319310069084,16.49823858092212,-1.2160589909885333,40.513295894152,seqgru
34740,2026Q2,1,-0.005775398574769497,0.012438850477337837,0.03114698827266693,-0.03235357906669378,0.05772516876459122,1.251653474477532,-3.18358010408617,5.942379294647582,seqgru
34740,2026Q2,2,-0.0011040698736906052,0.02512369491159916,0.05297432094812393,-0.03624479612335563,0.08811504719778895,2.5441954631828523,-3.5595817820409326,9.211375942863253,seqgru
34740,2026Q2,4,0.0084138885140419,0.05003746598958969,0.09602300822734833,-0.03856918215751648,0.1430060788989067,5.131048402582095,-3.783486222289756,15.373681509415738,seqgru
34740,2026Q2,8,0.03350282087922096,0.10725273936986923,0.19662803411483765,-0.05599759891629219,0.2861284539103508,11.321557233005919,-5.445859378826379,33.12634502654612,seqgru
34820,2026Q2,1,-0.007260610349476337,0.011041425168514252,0.02976449951529503,-0.03383879084140062,0.056342680007219315,1.110260667304952,-3.3272662623009652,5.796016342223265,seqgru
34820,2026Q2,2,-0.006121635437011719,0.020651226863265038,0.04832221567630768,-0.04126236168667674,0.0834629419259727,2.086593892416011,-4.042265941027101,8.704493075493346,seqgru
34820,2026Q2,4,-0.007701806724071503,0.03676401451230049,0.08352170139551163,-0.05468487739562988,0.13050477206707,3.744816923640082,-5.321654618270355,13.940337718992279,seqgru
34820,2026Q2,8,-0.005675569176673889,0.08046121895313263,0.17868727445602417,-0.09517598897218704,0.2681876942515373,8.378681543996525,-9.078709105806338,30.759254458767394,seqgru
34900,2026Q2,1,-0.01196903083473444,0.006578030064702034,0.02473054826259613,-0.038547211326658726,0.051308728754520416,0.65997128216706,-3.7813722423169605,5.26478257748213,seqgru
34900,2026Q2,2,-0.014365969225764275,0.0124875633046031,0.038885749876499176,-0.049506695475429296,0.0740264761261642,1.2565858489175241,-4.830121396070797,7.683531554647294,seqgru
34900,2026Q2,4,-0.02103215456008911,0.021618060767650604,0.06421855092048645,-0.06801522523164749,0.11120162159204483,2.1853424015855216,-6.575375064663191,11.76202205078065,seqgru
34900,2026Q2,8,-0.019274093210697174,0.05339217931032181,0.13381341099739075,-0.10877451300621033,0.2233138307929039,5.4843251709034035,-10.306735865711659,25.02128674713344,seqgru
34940,2026Q2,1,-0.011940713040530682,0.006557295098900795,0.02470364421606064,-0.03851889353245497,0.051281824707984924,0.657884122743635,-3.778647504438448,5.261950566969564,seqgru
34940,2026Q2,2,-0.014112910255789757,0.012587232515215874,0.03896094113588333,-0.04925363650545478,0.07410166738554835,1.2666785158541582,-4.806034757077193,7.691628719414001,seqgru
34940,2026Q2,4,-0.019655656069517136,0.022718088701367378,0.06533320993185043,-0.06663872674107552,0.11231628060340881,2.297810980591808,-6.446687660768024,11.886668051776251,seqgru
34940,2026Q2,8,-0.01753290742635727,0.05531997233629227,0.13735604286193848,-0.10703332722187042,0.22685646265745163,5.687873253565567,-10.15042718751621,25.464976592167666,seqgru
34980,2026Q2,1,-0.009238469414412975,0.009119972586631775,0.027560964226722717,-0.03581664990633726,0.054139144718647,0.9161686249342438,-3.5182823413444697,5.563147748130914,seqgru
34980,2026Q2,2,-0.009157281368970871,0.01746138371527195,0.04453025758266449,-0.04429800761863589,0.07967098383232951,1.7614724892049738,-4.3331179608342545,8.293070734283514,seqgru
34980,2026Q2,4,-0.010868426412343979,0.03202550858259201,0.07662799209356308,-0.05785149708390236,0.12361106276512146,3.2543843699106345,-5.620990738850573,13.157567348662091,seqgru
34980,2026Q2,8,-0.005638003349304199,0.07144691795110703,0.15971000492572784,-0.09513842314481735,0.249210424721241,7.406113582236817,-9.075293508133909,28.301198210552347,seqgru
35004,2026Q2,1,-0.004770762287080288,0.013376975432038307,0.032179929316043854,-0.031348942779004574,0.05875810980796814,1.3466847459406406,-3.0862659409296556,6.051868064441002,seqgru
35004,2026Q2,2,0.001543072983622551,0.027567574754357338,0.055697180330753326,-0.03359765326604247,0.09083790658041835,2.795107630178717,-3.3039520228275943,9.509148374796439,seqgru
35004,2026Q2,4,0.013973256573081017,0.05523919314146042,0.10179027915000916,-0.033009814098477364,0.14877334982156754,5.679336217072772,-3.247093588307759,16.040995227878916,seqgru
35004,2026Q2,8,0.04323454573750496,0.11570864915847778,0.20543722808361053,-0.046265874058008194,0.2949376478791237,12.266873399918211,-4.5211924938844845,34.3042614520048,seqgru
35084,2026Q2,1,-0.004082608036696911,0.013948052190244198,0.03275534510612488,-0.030660788528621197,0.059333525598049164,1.4045780112960315,-3.019551390598463,6.1129095443243076,seqgru
35084,2026Q2,2,0.002947075292468071,0.02878464385867119,0.05698641389608383,-0.03219365095719695,0.09212714014574885,2.9202925436426774,-3.16809519888116,9.650422292562432,seqgru
35084,2026Q2,4,0.01728288270533085,0.05823993682861328,0.10499534010887146,-0.02970018796622753,0.15197841078042984,5.996929087175951,-2.9263471582711253,16.41351033924554,seqgru
35084,2026Q2,8,0.04866447299718857,0.12055465579032898,0.21026626229286194,-0.040835946798324585,0.2997666820883751,12.812239770203426,-4.001339409350734,34.95438980764729,seqgru
35300,2026Q2,1,-0.004301738925278187,0.013716200366616249,0.032417912036180496,-0.030879919417202473,0.05899609252810478,1.381069900264409,-3.0408004742269346,6.077109579881679,seqgru
35300,2026Q2,2,0.002454269677400589,0.02834917977452278,0.056359440088272095,-0.03268645657226443,0.09150016633793712,2.875484209628021,-3.215802749045027,9.581695896845854,seqgru
35300,2026Q2,4,0.015749692916870117,0.05709701031446457,0.10345548391342163,-0.031233377754688263,0.15043855458498,5.875851591024284,-3.07506545571683,16.2343882206615,seqgru
35300,2026Q2,8,0.04219010844826698,0.11549399793148041,0.20423471927642822,-0.04731031134724617,0.2937351390719414,12.242777763963186,-4.620862062408493,34.14285645967872,seqgru
35380,2026Q2,1,-0.008557491935789585,0.009842823259532452,0.02832634747028351,-0.03513567242771387,0.054904527962207794,0.9891423166949576,-3.4525580886919593,5.643974940498397,seqgru
35380,2026Q2,2,-0.006527293473482132,0.020013397559523582,0.047436345368623734,-0.041668019723147154,0.08257707161828876,2.0215008326495587,-4.081184072749478,8.608237633979554,seqgru
35380,2026Q2,4,-0.003146972507238388,0.039054498076438904,0.08390644192695618,-0.05013004317879677,0.13088951259851456,3.9827150685562973,-4.8894268354532695,13.984183619185874,seqgru
35380,2026Q2,8,0.012460649013519287,0.08574520796537399,0.17197664082050323,-0.07703977078199387,0.2614770606160164,8.952868970494542,-7.414696902478546,29.884714647674638,seqgru
35614,2026Q2,1,-0.004435623995959759,0.013649893924593925,0.03246675431728363,-0.031013804487884045,0.059044934809207916,1.3743479050891683,-3.053780994540334,6.082290754415554,seqgru
35614,2026Q2,2,0.002239800989627838,0.02815244160592556,0.05634717643260956,-0.032900925260037184,0.09148790268227458,2.855246666084965,-3.236557703103138,9.58035203290082,seqgru
35614,2026Q2,4,0.015965702012181282,0.05686880275607109,0.10339123755693436,-0.031017368659377098,0.15037430822849274,5.851692678167986,-3.054126526874712,16.226920824598867,seqgru
35614,2026Q2,8,0.04560282453894615,0.11682933568954468,0.20549188554286957,-0.043897595256567,0.2949923053383827,12.392759899299177,-4.294804088463023,34.31160238231992,seqgru
35660,2026Q2,1,-0.0041825659573078156,0.01395442709326744,0.03284728527069092,-0.0307607464492321,0.059425465762615204,1.405224457707499,-3.029244870103265,6.122666031190027,seqgru
35660,2026Q2,2,0.0026917438954114914,0.028715599328279495,0.05705076456069946,-0.03244898235425353,0.09219149081036448,2.913186705688675,-3.1928162682467898,9.657478597148849,seqgru
35660,2026Q2,4,0.01607050932943821,0.05749250203371048,0.1044895201921463,-0.03091256134212017,0.15147259086370468,5.917732894905181,-3.0439653574837133,16.35464095704824,seqgru
35660,2026Q2,8,0.04657384380698204,0.12008507549762726,0.211610347032547,-0.04292657598853111,0.30111076682806015,12.75927780155337,-4.201827365392463,35.13590190003188,seqgru
35840,2026Q2,1,-0.013233051635324955,0.005330406129360199,0.02345624938607216,-0.03981123212724924,0.050034429877996445,0.5344638020128079,-3.9029177549955607,5.130729213471774,seqgru
35840,2026Q2,2,-0.018695583567023277,0.008490289561450481,0.034678634256124496,-0.0538363098166883,0.06981936050578952,0.8526434290525353,-5.241279546934696,7.231446141607156,seqgru
35840,2026Q2,4,-0.03387802466750145,0.010760845616459846,0.053865183144807816,-0.08086109533905983,0.1008482538163662,1.0818951752334494,-7.767820265631342,10.610878124141166,seqgru
35840,2026Q2,8,-0.05268792062997818,0.029534947127103806,0.11736813187599182,-0.14218834042549133,0.20686855167150497,2.9975429525193054,-13.2542136283483,22.98209032533758,seqgru
35980,2026Q2,1,-0.0019407263025641441,0.015919435769319534,0.03480590507388115,-0.02851890679448843,0.061384085565805435,1.6046825077834281,-2.8116081237091306,6.33072367284222,seqgru
35980,2026Q2,2,0.007214879617094994,0.03291342034935951,0.06146346777677536,-0.02792584663257003,0.09660419402644038,3.346105867035276,-2.7539524653392378,10.142433700174468,seqgru
35980,2026Q2,4,0.025418244302272797,0.06667464226484299,0.11459776759147644,-0.021564826369285583,0.16158083826303482,6.894763121002656,-2.13339679528991,17.536746898268873,seqgru
35980,2026Q2,8,0.05812571570277214,0.13254082202911377,0.22426751255989075,-0.03137470409274101,0.3137679323554039,14.172562269449962,-3.0887625338802294,36.85720983886984,seqgru
36084,2026Q2,1,-0.016167424619197845,0.002646690234541893,0.02045712247490883,-0.04274560511112213,0.047035302966833115,0.2650195811183531,-4.184489117224921,4.815901154932378,seqgru
36084,2026Q2,2,-0.023140398785471916,0.004104385152459145,0.029496217146515846,-0.05828112503513694,0.06463694339618087,0.41128196767632463,-5.661529890239148,6.677165557572162,seqgru
36084,2026Q2,4,-0.0374651737511158,0.00511203333735466,0.045067429542541504,-0.08444824442267418,0.09205050021409988,0.5125122073623256,-8.098078148377997,9.642019013710112,seqgru
36084,2026Q2,8,-0.04571419209241867,0.024913758039474487,0.09999655932188034,-0.13521461188793182,0.1894969791173935,2.522669915114939,-12.647157801380992,20.864147281991528,seqgru
36100,2026Q2,1,-0.008361692540347576,0.009959050454199314,0.028539840131998062,-0.03493987303227186,0.05511802062392235,1.000880683543759,-3.4336523071243574,5.666531561653421,seqgru
36100,2026Q2,2,-0.008482033386826515,0.01832195557653904,0.045584239065647125,-0.04362275963649154,0.08072496531531215,1.8490832412573432,-4.268497276741368,8.407269796849693,seqgru
36100,2026Q2,4,-0.011053945869207382,0.03316133841872215,0.07898268103599548,-0.05803701654076576,0.12596575170755386,3.371730410340401,-5.638498257345137,13.424332172082721,seqgru
36100,2026Q2,8,-0.008981727063655853,0.07632933557033539,0.17290185391902924,-0.098482146859169,0.2624022737145424,7.931797343161362,-9.378812880198971,30.004941296023556,seqgru
36220,2026Q2,1,-0.007758709602057934,0.01051414106041193,0.029009174555540085,-0.03433689009398222,0.05558735504746437,1.0569608869874791,-3.375406888320498,5.716136141989603,seqgru
36220,2026Q2,2,-0.0052106790244579315,0.021076343953609467,0.048351239413022995,-0.04035140527412295,0.08349196566268802,2.130001874258447,-3.9548128009002426,8.707648131865664,seqgru
36220,2026Q2,4,-0.00045661628246307373,0.04131501540541649,0.08595302700996399,-0.047439686954021454,0.13293609768152237,4.218035670826414,-4.633200998057008,14.217700823986279,seqgru
36220,2026Q2,8,0.01721811294555664,0.09102214872837067,0.17837116122245789,-0.07228230684995651,0.26787158101797104,9.529326434280861,-6.973176235793332,30.717926260561047,seqgru
36260,2026Q2,1,-0.006978754885494709,0.011324777267873287,0.03001835197210312,-0.033556935377418995,0.056596532464027405,1.1389145313063231,-3.300014683756214,5.8228763299849495,seqgru
36260,2026Q2,2,-0.003819448873400688,0.022617017850279808,0.05034797266125679,-0.03896017512306571,0.08548869891092181,2.287472176256289,-3.8210988487311637,8.92492515716885,seqgru
36260,2026Q2,4,0.0017338693141937256,0.044028762727975845,0.08990052342414856,-0.045249201357364655,0.13688359409570694,4.501241186391525,-4.4240724355124605,14.669465872235211,seqgru
36260,2026Q2,8,0.01800113171339035,0.09391157329082489,0.1841425895690918,-0.0714992880821228,0.27364300936460495,9.84626081888582,-6.9003059612008695,31.474536666782924,seqgru
36420,2026Q2,1,-0.0086715342476964,0.009688498452305794,0.028145357966423035,-0.035249714739620686,0.05472353845834732,0.9735583892991784,-3.463567954369018,5.624856220084129,seqgru
36420,2026Q2,2,-0.007488580420613289,0.019045580178499222,0.046152837574481964,-0.04262930667027831,0.08129356382414699,1.9228104157593018,-4.173345274707407,8.468927536391234,seqgru
36420,2026Q2,4,-0.0059564486145973206,0.036310650408267975,0.08061639964580536,-0.0529395192861557,0.12759947031736374,3.6977934078599617,-5.156262708296866,13.609787063662516,seqgru
36420,2026Q2,8,0.006483227014541626,0.08117204159498215,0.16767212748527527,-0.08301719278097153,0.2571725472807884,8.45574695140514,-7.9664676039543085,29.326825742965433,seqgru
36500,2026Q2,1,-0.007778936065733433,0.010564764030277729,0.029172569513320923,-0.03435711655765772,0.05575075000524521,1.062076819963953,-3.3773612423783295,5.733411036868197,seqgru
36500,2026Q2,2,-0.0056915283203125,0.020856181159615517,0.04834919795393944,-0.04083225456997752,0.08348992420360446,2.107519122718715,-4.000984959720477,8.707426209876456,seqgru
36500,2026Q2,4,-0.0033669210970401764,0.03927834331989288,0.08463650941848755,-0.050349991768598557,0.13161958009004593,4.005993710035205,-4.910343971464448,14.067430150290527,seqgru
36500,2026Q2,8,0.008984573185443878,0.08513291925191879,0.17392608523368835,-0.08051584661006927,0.2634265050292015,8.886178777435095,-7.735971725288337,30.138164642074305,seqgru
36540,2026Q2,1,-0.006983096711337566,0.011279458180069923,0.029899131506681442,-0.03356127720326185,0.05647731199860573,1.1343311118173327,-3.3004345373399913,5.810260829444491,seqgru
36540,2026Q2,2,-0.003630423918366432,0.02266828343272209,0.050273068249225616,-0.038771150168031454,0.08541379449889064,2.2927161375101646,-3.8029169179006117,8.916766505257744,seqgru
36540,2026Q2,4,0.0027635805308818817,0.0447431281208992,0.09045347571372986,-0.0442194901406765,0.13743654638528824,4.575919927390881,-4.325606143631688,14.732890149617983,seqgru
36540,2026Q2,8,0.020791679620742798,0.09613634645938873,0.18637438118457794,-0.06870874017477036,0.2758748009800911,10.090915882721152,-6.640143976411473,31.768288109440434,seqgru
36740,2026Q2,1,-0.010850251652300358,0.0075821224600076675,0.02585933916270733,-0.037428432144224644,0.052437519654631615,0.7610939535998673,-3.6736646053227684,5.383671593954031,seqgru
36740,2026Q2,2,-0.012339996173977852,0.014374110847711563,0.04109213501214981,-0.047480722423642874,0.07623286126181483,1.447791514754515,-4.637114339146908,7.9213851999055285,seqgru
36740,2026Q2,4,-0.016828011721372604,0.02602807804942131,0.0697009265422821,-0.06381108239293098,0.11668399721384048,2.636976652989187,-6.181777806965161,12.376426093889158,seqgru
36740,2026Q2,8,-0.01565176248550415,0.060255736112594604,0.14632761478424072,-0.1051521822810173,0.23582803457975388,6.21081312215086,-9.98124804282573,26.59565906901744,seqgru
36780,2026Q2,1,-0.004627441056072712,0.013432630337774754,0.0322483591735363,-0.031205621547996998,0.05882653966546059,1.3523253430888893,-3.072375149863915,6.059125426966783,seqgru
36780,2026Q2,2,0.0011303909122943878,0.027153579518198967,0.055158935487270355,-0.034010335337370634,0.09029966173693538,2.7525597532363166,-3.3438485153462594,9.450221500335276,seqgru
36780,2026Q2,4,0.012085547670722008,0.05361369997262955,0.10008172690868378,-0.03489752300083637,0.14706479758024216,5.5076947168014145,-3.429562632665639,15.842902399558167,seqgru
36780,2026Q2,8,0.03828272596001625,0.11199447512626648,0.20194754004478455,-0.0512176938354969,0.2914479598402977,11.850668101979167,-4.992817676064498,33.83639830027461,seqgru
36980,2026Q2,1,-0.00228967797011137,0.015691576525568962,0.03471942991018295,-0.028867858462035656,0.06129761040210724,1.5815335791145246,-2.8455162586264127,6.321529103663148,seqgru
36980,2026Q2,2,0.006492425687611103,0.03229313716292381,0.06097999960184097,-0.02864830056205392,0.096120725851506,3.282021892343079,-2.8241828823323933,10.08919620912392,seqgru
36980,2026Q2,4,0.024240341037511826,0.06531589478254318,0.11327195167541504,-0.022742729634046555,0.16025502234697342,6.74961876033866,-2.248606320557156,17.381018065203314,seqgru
36980,2026Q2,8,0.060032252222299576,0.13357460498809814,0.22675612568855286,-0.029468167573213577,0.316256545484066,14.290652948256355,-2.90382147807996,37.19821863151162,seqgru
37100,2026Q2,1,-0.01199111994355917,0.0065602632239460945,0.024708719924092293,-0.038569300435483456,0.05128690041601658,0.6581828883738927,-3.7834976025827194,5.262484847253424,seqgru
37100,2026Q2,2,-0.013981660827994347,0.012798521667718887,0.03924214094877243,-0.04912238707765937,0.07438286719843745,1.2880773271233048,-4.79353978364837,7.721915843426852,seqgru
37100,2026Q2,4,-0.01870580017566681,0.02359803020954132,0.06618820875883102,-0.06568887084722519,0.1131712794303894,2.387866686735074,-6.357783279162277,11.982371929236614,seqgru
37100,2026Q2,8,-0.013074249029159546,0.05863191559910774,0.1397826075553894,-0.1025746688246727,0.22928302735090256,6.038485777253788,-9.748924218062216,25.769795156043585,seqgru
37140,2026Q2,1,-0.003133331425487995,0.014910702593624592,0.033885594457387924,-0.02971151191741228,0.06046377494931221,1.5022421699020017,-2.927446409353285,6.232911394729368,seqgru
37140,2026Q2,2,0.004838498309254646,0.03074532374739647,0.05928675830364227,-0.030302227940410376,0.0944274845533073,3.1222842472010015,-2.9847717889755376,9.902946363081888,seqgru
37140,2026Q2,4,0.020746245980262756,0.06202101707458496,0.10961268842220306,-0.026236824691295624,0.15659575909376144,6.398470633897535,-2.5895629676975562,16.952274939568234,seqgru
37140,2026Q2,8,0.054565101861953735,0.12806999683380127,0.22050011157989502,-0.03493531793355942,0.3100005313754082,13.663256059306427,-3.433212436876487,36.342583862294674,seqgru
37340,2026Q2,1,-0.00953978393226862,0.008799120783805847,0.027134958654642105,-0.036117964424192905,0.05371313914656639,0.8837946841930178,-3.5473493042138093,5.518186836463257,seqgru
37340,2026Q2,2,-0.009812846779823303,0.01677599549293518,0.043606244027614594,-0.044953573029488325,0.07874697027727962,1.6917502705963372,-4.3958133069677,8.193052685139946,seqgru
37340,2026Q2,4,-0.012449514120817184,0.030360065400600433,0.07437266409397125,-0.059432584792375565,0.12135573476552963,3.0825631783820473,-5.770094326345276,12.902647490655905,seqgru
37340,2026Q2,8,-0.006090991199016571,0.07001876831054688,0.15612062811851501,-0.09559141099452972,0.24562104791402817,7.252831060972276,-9.116471968038232,27.8415023696982,seqgru
37460,2026Q2,1,-0.007479322142899036,0.010723678395152092,0.029257401823997498,-0.03405750263482332,0.05583558231592178,1.0781383118817711,-3.348407417277577,5.742381026909293,seqgru
37460,2026Q2,2,-0.0054512619972229,0.020884644240140915,0.04818999022245407,-0.04059198824688792,0.08333071647211909,2.1104254586191917,-3.977916858223529,8.690120524789968,seqgru
37460,2026Q2,4,-0.002862490713596344,0.039628397673368454,0.08492764830589294,-0.049845561385154724,0.13191071897745132,4.04240783401042,-4.862365759995956,14.10064444974617,seqgru
37460,2026Q2,8,0.009272783994674683,0.08651905506849289,0.17699044942855835,-0.08022763580083847,0.2664908692240715,9.037214463572486,-7.70937640269076,30.53756701881767,seqgru
37620,2026Q2,1,-0.004944830201566219,0.01312862429767847,0.031855180859565735,-0.031523010693490505,0.05843336135149002,1.321518307006575,-3.103134044361977,6.017433475572886,seqgru
37620,2026Q2,2,0.0012442655861377716,0.027120383456349373,0.05498511344194412,-0.03389646066352725,0.09012583969160914,2.749148829522463,-3.332841200905712,9.431198292347043,seqgru
37620,2026Q2,4,0.014570683240890503,0.055377259850502014,0.10134018957614899,-0.03241238743066788,0.14832326024770737,5.6939280225360545,-3.1892735519332582,15.988778137851911,seqgru
37620,2026Q2,8,0.04735123738646507,0.11837399005889893,0.20718979835510254,-0.04214918240904808,0.2966902181506157,12.56650201817784,-4.127325526186421,34.53984548644815,seqgru
37860,2026Q2,1,-0.007523891516029835,0.010785305872559547,0.02938002347946167,-0.03410207200795412,0.055958203971385956,1.0843676945155645,-3.3527150221767443,5.755348127730975,seqgru
37860,2026Q2,2,-0.005344919860363007,0.021150479093194008,0.048633307218551636,-0.04048564611002803,0.08377403346821666,2.1375735768643045,-3.9677051217571813,8.738315384537398,seqgru
37860,2026Q2,4,-0.003131914883852005,0.03943832218647003,0.08471468091011047,-0.050114985555410385,0.13169775158166885,4.022633802022191,-4.887994685480135,14.076347319980664,seqgru
37860,2026Q2,8,0.009643509984016418,0.08547987043857574,0.17375707626342773,-0.07985690981149673,0.2632574960589409,8.923963520724199,-7.67515552705863,30.11617198340719,seqgru
37900,2026Q2,1,-0.0031232498586177826,0.01497236080467701,0.033974431455135345,-0.02970143035054207,0.06055261194705963,1.5085008095182761,-2.926467760979856,6.242349226847788,seqgru
37900,2026Q2,2,0.005114967934787273,0.031053975224494934,0.05971206724643707,-0.03002575831487775,0.0948527934961021,3.1541180050711493,-2.9579463171178655,9.949699010464364,seqgru
37900,2026Q2,4,0.02165980264544487,0.06292413920164108,0.11061282455921173,-0.02532326802611351,0.1575958952307701,6.494604850947083,-2.500532352624474,17.06930164760565,seqgru
37900,2026Q2,8,0.056981440633535385,0.13043662905693054,0.22339916229248047,-0.03251897916197777,0.3128995820879936,13.93257374593706,-3.199592224922354,36.73842142654824,seqgru
37964,2026Q2,1,-0.006230092607438564,0.011847671121358871,0.030405737459659576,-0.03280827309936285,0.05698391795158386,1.1918132770721623,-3.227591945758068,5.863878517840182,seqgru
37964,2026Q2,2,-0.0015261955559253693,0.02434813417494297,0.05188664048910141,-0.03666692180559039,0.08702736673876643,2.4646970433209736,-3.6002831682216074,9.092653441124376,seqgru
37964,2026Q2,4,0.009914861992001534,0.05054469779133797,0.09588669240474701,-0.03706820867955685,0.1428697630763054,5.184387740243568,-3.638959348599513,15.357955323002614,seqgru
37964,2026Q2,8,0.03810594975948334,0.10853146016597748,0.19585591554641724,-0.051394470036029816,0.2853563353419304,11.463997474535459,-5.009611200387621,33.02359537616633,seqgru
38060,2026Q2,1,-0.010325613431632519,0.00810022372752428,0.026433374732732773,-0.036903793923556805,0.05301155522465706,0.8133119300254066,-3.6231148691154846,5.444182936118591,seqgru
38060,2026Q2,2,-0.011377247050404549,0.01532791182398796,0.042092036455869675,-0.04651797330006957,0.0772327627055347,1.5445986773864107,-4.545259595113249,8.02934991681803,seqgru
38060,2026Q2,4,-0.014866448938846588,0.027822479605674744,0.0714837908744812,-0.06184951961040497,0.11846686154603958,2.821313941721404,-5.997566862388181,12.57695672208692,seqgru
38060,2026Q2,8,-0.010823622345924377,0.06450915336608887,0.14993704855442047,-0.10032404214143753,0.23943746834993362,6.663534150372952,-9.545573991830281,27.053423353973983,seqgru
38240,2026Q2,1,-0.010513941757380962,0.007998641580343246,0.02639082819223404,-0.03709212224930525,0.052969008684158325,0.8030716174603825,-3.6412636575139268,5.43969674635556,seqgru
38240,2026Q2,2,-0.012592190876603127,0.014451621100306511,0.041319794952869415,-0.04773291712626815,0.07646052120253444,1.455655063448913,-4.661161321349416,7.945957373006118,seqgru
38240,2026Q2,4,-0.020319364964962006,0.023785270750522614,0.06807982921600342,-0.06730243563652039,0.1150628998875618,2.407039641204589,-6.508759225362526,12.194400550435436,seqgru
38240,2026Q2,8,-0.02426581084728241,0.05653883144259453,0.14505702257156372,-0.11376623064279556,0.23455744236707687,5.8167704180901225,-10.75334371667781,26.434909755484814,seqgru
38300,2026Q2,1,-0.007645946927368641,0.010600882582366467,0.029128901660442352,-0.03422412741929293,0.05570708215236664,1.0657271017708192,-3.364510626426187,5.728793986639769,seqgru
38300,2026Q2,2,-0.004884738475084305,0.021380243822932243,0.04871269315481186,-0.04002546472474933,0.08385341940447688,2.1610438850745872,-3.9235026774776527,8.746948020161959,seqgru
38300,2026Q2,4,0.0007012970745563507,0.04238631948828697,0.08714152872562408,-0.04628177359700203,0.13412459939718246,4.329744704437233,-4.522710550839282,14.353529457667836,seqgru
38300,2026Q2,8,0.02038741484284401,0.09333059191703796,0.17994225025177002,-0.06911300495266914,0.2694426700472832,9.78246072249831,-6.677878449998309,30.92345717184706,seqgru
38340,2026Q2,1,-0.00346184428781271,0.014627059921622276,0.033589377999305725,-0.030040024779736996,0.06016755849123001,1.4734558854210045,-2.9593307542910563,6.201448118184505,seqgru
38340,2026Q2,2,0.004333272576332092,0.03024609014391899,0.05870047211647034,-0.03080745367333293,0.09384119836613536,3.070814986298731,-3.0337739991220025,9.838530668560818,seqgru
38340,2026Q2,4,0.020717868581414223,0.06168968230485916,0.10891620814800262,-0.026265202090144157,0.155899278819561,6.363222960843173,-2.5923271833004247,16.870848346349533,seqgru
38340,2026Q2,8,0.055614255368709564,0.12812089920043945,0.21989881992340088,-0.03388616442680359,0.30939923971891403,13.66904193529579,-3.3318458878313306,36.260626846697576,seqgru
38540,2026Q2,1,-0.007389538921415806,0.010930673219263554,0.029601477086544037,-0.03396771941334009,0.05617965757846832,1.0990631289328645,-3.3397293363668146,5.778770624444585,seqgru
38540,2026Q2,2,-0.004966510459780693,0.021545566618442535,0.04924605041742325,-0.040107236709445715,0.08438677666708827,2.1779348306325996,-3.9313587221398327,8.804964465046128,seqgru
38540,2026Q2,4,-0.0020004846155643463,0.04074535146355629,0.08670559525489807,-0.048983555287122726,0.13368866592645645,4.158683320865131,-4.7803211827460945,14.303689790860341,seqgru
38540,2026Q2,8,0.009169183671474457,0.08637230843305588,0.17667490243911743,-0.0803312361240387,0.2661753222346306,9.021214793190136,-7.718937245862023,30.49638278065885,seqgru
38860,2026Q2,1,-0.00725190807133913,0.011064319871366024,0.02973894402384758,-0.033830088563263416,0.056317124515771866,1.1125755831777662,-3.3264249856231887,5.793312707578968,seqgru
38860,2026Q2,2,-0.004672253504395485,0.021882643923163414,0.04962757229804993,-0.03981297975406051,0.08476829854771495,2.212382498944687,-3.903085696686226,8.846483859485454,seqgru
38860,2026Q2,4,-0.0010832883417606354,0.04178262874484062,0.0878584086894989,-0.048066359013319016,0.13484147936105728,4.266780810565218,-4.692945984164199,14.435536602861987,seqgru
38860,2026Q2,8,0.012083455920219421,0.08966505527496338,0.180978924036026,-0.07741696387529373,0.27047934383153915,9.380785717035579,-7.4496128539061734,31.059252463189036,seqgru
38900,2026Q2,1,-0.0094081936404109,0.008998481556773186,0.027369491755962372,-0.035986374132335186,0.05394767224788666,0.9039089604133466,-3.5346562366343814,5.542937246349444,seqgru
38900,2026Q2,2,-0.008745541796088219,0.01780601590871811,0.044716667383909225,-0.04388626804575324,0.07985739363357425,1.7965488125452067,-4.293720009393176,8.313259505709247,seqgru
38900,2026Q2,4,-0.00807565450668335,0.03393400087952614,0.07761064171791077,-0.05505872517824173,0.12459371238946915,3.451632730723375,-5.357043292351838,13.268816240098214,seqgru
38900,2026Q2,8,0.004620127379894257,0.07732874155044556,0.1610923409461975,-0.0848802924156189,0.25059276074171066,8.039718946635311,-8.137775613039278,28.47867621716771,seqgru
38940,2026Q2,1,-0.010723964311182499,0.007691750302910805,0.025921031832695007,-0.037302144803106785,0.05249921232461929,0.7721407804873959,-3.6614990403838865,5.390173194576242,seqgru
38940,2026Q2,2,-0.012275075539946556,0.01441926509141922,0.04093610495328903,-0.04741580178961158,0.07607683120295405,1.4523724164789753,-4.630923119179964,7.904547533445649,seqgru
38940,2026Q2,4,-0.016865402460098267,0.02611699141561985,0.06960181891918182,-0.06384847313165665,0.1165848895907402,2.64610285779463,-6.185285674017615,12.365289285286929,seqgru
38940,2026Q2,8,-0.012300573289394379,0.06504663825035095,0.1523054540157318,-0.10180099308490753,0.24180587381124496,6.720879597455709,-9.679072132294264,27.354694000418455,seqgru
39150,2026Q2,1,-0.006553920917212963,0.011776578612625599,0.030560199171304703,-0.03313210140913725,0.05713837966322899,1.184619552916022,-3.2589245176303683,5.880231696654925,seqgru
39150,2026Q2,2,-0.003565758466720581,0.0230774637311697,0.05102085694670677,-0.0387064847163856,0.0861615831963718,2.3345808661553002,-3.7966960889418977,8.998243692279594,seqgru
39150,2026Q2,4,-0.00035058706998825073,0.04299043118953705,0.08957593888044357,-0.04733365774154663,0.13655900955200195,4.392790565455407,-4.623088795377628,14.632251975832688,seqgru
39150,2026Q2,8,0.011942580342292786,0.0915783941745758,0.1843702793121338,-0.07755783945322037,0.27387069910764694,9.590268571157567,-7.4626500248516585,31.50447547850397,seqgru
39300,2026Q2,1,-0.005854279734194279,0.012257469817996025,0.03083638846874237,-0.032432460226118565,0.057414568960666656,1.2332900482463938,-3.1912167943394687,5.909478722131545,seqgru
39300,2026Q2,2,-0.0008045602589845657,0.025133166462183,0.05274144560098648,-0.03594528650864959,0.0878821718506515,2.545166720316905,-3.53069262346396,9.185946266866441,seqgru
39300,2026Q2,4,0.009347096085548401,0.05029730871319771,0.09567207098007202,-0.03763597458600998,0.1426551416516304,5.158369489973924,-3.6936543337485306,15.333199690923127,seqgru
39300,2026Q2,8,0.03652879223227501,0.10735024511814117,0.1934223473072052,-0.052971627563238144,0.28292276710271835,11.332412253947588,-5.159307928404722,32.70026695984492,seqgru
39340,2026Q2,1,-0.006938396953046322,0.011325634084641933,0.02994871512055397,-0.03351657744497061,0.056526895612478256,1.1390011888613882,-3.296111993529338,5.815507414632481,seqgru
39340,2026Q2,2,-0.0038380511105060577,0.0225012619048357,0.050140704959630966,-0.03897877736017108,0.08528143120929599,2.275632478478351,-3.822887974813982,8.902350877822073,seqgru
39340,2026Q2,4,0.0006611384451389313,0.04303301125764847,0.08879131823778152,-0.04632193222641945,0.1357743889093399,4.397235712224679,-4.52654471093622,14.542344420891862,seqgru
39340,2026Q2,8,0.013848774135112762,0.09065475314855576,0.18139371275901794,-0.07565164566040039,0.2708941325545311,9.48909323509113,-7.286087675160213,31.113625639065035,seqgru
39380,2026Q2,1,-0.012874511070549488,0.005645778961479664,0.023621898144483566,-0.039452691562473774,0.05020007863640785,0.5661746406933288,-3.8684568754117077,5.148145430684425,seqgru
39380,2026Q2,2,-0.015795713290572166,0.010890219360589981,0.03692477196455002,-0.05093643954023719,0.07206549821421504,1.094973364444951,-4.96609273987999,7.472573437494123,seqgru
39380,2026Q2,4,-0.021397318691015244,0.020483221858739853,0.06214655190706253,-0.06838038936257362,0.10912962257862091,2.069444274398302,-6.609484158546975,11.5306909929771,seqgru
39380,2026Q2,8,-0.015414386987686157,0.054659560322761536,0.1336074322462082,-0.10491480678319931,0.22310785204172134,5.618098754878975,-9.959877260417239,24.995537670590373,seqgru
39460,2026Q2,1,-0.014910380356013775,0.0037607592530548573,0.02167554572224617,-0.04148856084793806,0.048253726214170456,0.3767839781406268,-4.0639690452832555,4.94368911969465,seqgru
39460,2026Q2,2,-0.02220826782286167,0.005131293088197708,0.03074255771934986,-0.05734899407252669,0.06588328396901488,0.5144480719461164,-5.573553084702365,6.810204525912011,seqgru
39460,2026Q2,4,-0.040287118405103683,0.0044480301439762115,0.046300504356622696,-0.08727018907666206,0.09328357502818108,0.44579373137405565,-8.357054704823385,9.777299214084078,seqgru
39460,2026Q2,8,-0.05749530345201492,0.024808309972286224,0.11097200959920883,-0.14699572324752808,0.20047242939472198,2.51185966769929,-13.670233048113356,22.197992104954167,seqgru
39540,2026Q2,1,-0.0029622307047247887,0.01510733924806118,0.03411860764026642,-0.029540411196649075,0.060696788132190704,1.5222031936902525,-2.910835804464895,6.257667947729506,seqgru
39540,2026Q2,2,0.005081816576421261,0.031047772616147995,0.059738852083683014,-0.03005890967324376,0.09487957833334804,3.1534781824620772,-2.9611633396914416,9.952644034698421,seqgru
39540,2026Q2,4,0.020487302914261818,0.06210752949118614,0.11014778912067413,-0.026495767757296562,0.1571308597922325,6.407675820890502,-2.6147834594465458,17.014872930196788,seqgru
39540,2026Q2,8,0.052242569625377655,0.12742237746715546,0.221550852060318,-0.0372578501701355,0.31105127185583115,13.589669364062807,-3.6572316673327165,36.48591982562617,seqgru
39580,2026Q2,1,-0.010363648645579815,0.008095087483525276,0.026468191295862198,-0.0369418291375041,0.053046371787786484,0.8127941295867469,-3.6267805148487597,5.447854204080516,seqgru
39580,2026Q2,2,-0.011914560571312904,0.014954112470149994,0.041806988418102264,-0.047055286820977926,0.07694771466776729,1.506648465339322,-4.596534941065633,7.998560751007089,seqgru
39580,2026Q2,4,-0.018053948879241943,0.02557075023651123,0.06983080506324768,-0.06503701955080032,0.11681387573480606,2.5900486404933476,-6.29672257970676,12.391022325749624,seqgru
39580,2026Q2,8,-0.020192794501781464,0.059208884835243225,0.1475122570991516,-0.10969321429729462,0.23701267689466476,6.099684374549907,-10.389099343763597,26.74571850946692,seqgru
39660,2026Q2,1,-0.00881295558065176,0.00950420368462801,0.027944687753915787,-0.035391136072576046,0.05452286824584007,0.9549512054702003,-3.4772192999491636,5.603662584277225,seqgru
39660,2026Q2,2,-0.007769877091050148,0.018681256100535393,0.04586934298276901,-0.04291060334071517,0.08101006923243403,1.8856842452206646,-4.20029720269921,8.438181540433455,seqgru
39660,2026Q2,4,-0.006124339997768402,0.03608660399913788,0.08082954585552216,-0.05310741066932678,0.12781261652708054,3.674562892066202,-5.17218481790599,13.634005140065764,seqgru
39660,2026Q2,8,0.005324810743331909,0.07986021786928177,0.16735704243183136,-0.08417560905218124,0.2568574622273445,8.313565408316315,-8.073019018017547,29.286083212182778,seqgru
39740,2026Q2,1,-0.005391084589064121,0.012770596891641617,0.031491801142692566,-0.03196926508098841,0.05806998163461685,1.2852489197361372,-3.1463650491992623,5.978915889291536,seqgru
39740,2026Q2,2,9.613484144210815e-05,0.02614596113562584,0.054028525948524475,-0.035044591408222914,0.0891692521981895,2.6490765297271457,-3.443764048774456,9.326567828745702,seqgru
39740,2026Q2,4,0.011846113950014114,0.052958618849515915,0.09886325895786285,-0.035136956721544266,0.14584632962942123,5.438601251032638,-3.452682083896319,15.701837494639893,seqgru
39740,2026Q2,8,0.04097890108823776,0.11309118568897247,0.20184636116027832,-0.04852151870727539,0.2913467809557915,11.973403201270338,-4.736316042801869,33.82285756781791,seqgru
39820,2026Q2,1,-0.009113953448832035,0.009356607683002949,0.027844756841659546,-0.03569213394075632,0.05442293733358383,0.9400517579045031,-3.506268079141095,5.593110041208971,seqgru
39820,2026Q2,2,-0.008364073932170868,0.018399642780423164,0.04564041644334793,-0.04350480018183589,0.08078114269301295,1.856995919105442,-4.257204174835783,8.413360004054905,seqgru
39820,2026Q2,4,-0.009423162788152695,0.03344230726361275,0.07803014665842056,-0.056406233459711075,0.12501321732997894,3.4007787266729705,-5.484489573553941,13.316343036282529,seqgru
39820,2026Q2,8,5.955994129180908e-05,0.07485869526863098,0.15981610119342804,-0.08944085985422134,0.2493165209889412,7.773185151480799,-8.555765622130373,28.314811210955448,seqgru
39900,2026Q2,1,-0.007655319757759571,0.010630540549755096,0.029179424047470093,-0.03423350024968386,0.05575760453939438,1.0687245502582154,-3.365416370233132,5.734135792628803,seqgru
39900,2026Q2,2,-0.0053070317953825,0.02110104449093342,0.04849754646420479,-0.04044775804504752,0.08363827271386981,2.132524571337502,-3.9640665750002912,8.723553990846034,seqgru
39900,2026Q2,4,-0.0018413998186588287,0.040423568338155746,0.08559125661849976,-0.04882447049021721,0.13257432729005814,4.125172206153294,-4.7651719745076315,14.176387715027406,seqgru
39900,2026Q2,8,0.013445518910884857,0.08847104012966156,0.17666570842266083,-0.0760549008846283,0.266166128218174,9.250261341831912,-7.323467507350956,30.495183000283443,seqgru
40060,2026Q2,1,-0.006787923164665699,0.011458526365458965,0.03011748567223549,-0.033366103656589985,0.056695666164159775,1.1524426745239902,-3.2815594982927743,5.8333674632780275,seqgru
40060,2026Q2,2,-0.003606898710131645,0.02275945246219635,0.0504244863986969,-0.03874762495979667,0.08556521264836192,2.30204249029351,-3.8006538348698715,8.933259729143561,seqgru
40060,2026Q2,4,0.0016187094151973724,0.04393036291003227,0.08978081494569778,-0.04536436125636101,0.13676388561725616,4.490958789185218,-4.435078315947072,14.655739786531674,seqgru
40060,2026Q2,8,0.017770938575267792,0.09385746717453003,0.18417783081531525,-0.07172948122024536,0.2736782506108284,9.84031762510642,-6.9217344054948615,31.47917007494476,seqgru
40140,2026Q2,1,-0.009939768351614475,0.008537511341273785,0.026904169470071793,-0.03651794884353876,0.05348234996199608,0.857405982822379,-3.5859211471143904,5.493837190091511,seqgru
40140,2026Q2,2,-0.010128192603588104,0.016605714336037636,0.04353564232587814,-0.045268918853253126,0.07867636857554317,1.6744355559399793,-4.425956934892383,8.185414341147524,seqgru
40140,2026Q2,4,-0.011937323957681656,0.030569279566407204,0.07441724836826324,-0.058920394629240036,0.12140031903982162,3.1041317669951107,-5.721818333397078,12.907681285473128,seqgru
40140,2026Q2,8,-0.003823421895503998,0.07002429664134979,0.1539541482925415,-0.09332384169101715,0.24345456808805466,7.253423991740893,-8.910153437299762,27.564836138011017,seqgru
40220,2026Q2,1,-0.006480584852397442,0.011844842694699764,0.030557814985513687,-0.03305876534432173,0.05713599547743797,1.1915270638545694,-3.2518296476967246,5.879979258811896,seqgru
40220,2026Q2,2,-0.0025723986327648163,0.023804672062397003,0.051576681435108185,-0.03771312488242984,0.0867174076847732,2.4090264913924964,-3.7010841102553815,9.058844425442093,seqgru
40220,2026Q2,4,0.004210673272609711,0.04606194794178009,0.09156019240617752,-0.04277239739894867,0.1385432630777359,4.713927707072685,-4.187056199581585,14.859937243921827,seqgru
40220,2026Q2,8,0.02516048401594162,0.09872400760650635,0.18637868762016296,-0.06433993577957153,0.2758791074156761,10.376162770378228,-6.2313807739958875,31.768855562307174,seqgru
40340,2026Q2,1,-0.007257881574332714,0.011008928529918194,0.029569897800683975,-0.033836062066257,0.05614807829260826,1.1069749770929338,-3.3270024637881535,5.7754302591525475,seqgru
40340,2026Q2,2,-0.003975642845034599,0.02228345349431038,0.049761757254600525,-0.03911636909469962,0.08490248350426555,2.2533584113603844,-3.836120240133434,8.86109040015992,seqgru
40340,2026Q2,4,0.0021611861884593964,0.043829500675201416,0.08891274034976959,-0.044821884483098984,0.13589581102132797,4.480420129047458,-4.38322250157912,14.556253238665429,seqgru
40340,2026Q2,8,0.022084131836891174,0.09501899778842926,0.18207114934921265,-0.06741628795862198,0.2715715691447258,9.967974641082055,-6.519402814310727,31.20247689869524,seqgru
40380,2026Q2,1,-0.004404522478580475,0.013740559108555317,0.03262097388505936,-0.03098270297050476,0.05919915437698364,1.3835394456610084,-3.0507657731363436,6.098651981022574,seqgru
40380,2026Q2,2,0.0021098777651786804,0.028169406577944756,0.05638813227415085,-0.03303084848448634,0.09152885852381587,2.8569916172681786,-3.2491287048849293,9.584840080339973,seqgru
40380,2026Q2,4,0.014719471335411072,0.05610404536128044,0.10284647345542908,-0.03226359933614731,0.14982954412698746,5.770772759438225,-3.174868196769809,16.163621813584996,seqgru
40380,2026Q2,8,0.04355939105153084,0.11663000285625458,0.20670360326766968,-0.045941028743982315,0.29620402306318283,12.370358564762075,-4.490171612456151,34.47444877357715,seqgru
40420,2026Q2,1,-0.001276378519833088,0.016636187210679054,0.03573322296142578,-0.027854559011757374,0.06231140345335007,1.6775339154766478,-2.747019778872628,6.429371786910876,seqgru
40420,2026Q2,2,0.008995686657726765,0.03460998088121414,0.06355760991573334,-0.026145039591938257,0.09869833616539836,3.5215876069761842,-2.580621730726218,10.373329291585831,seqgru
40420,2026Q2,4,0.030023671686649323,0.07078556716442108,0.1193697452545166,-0.016959398984909058,0.16635281592607498,7.335103948251187,-1.681639792317513,18.098970020242746,seqgru
40420,2026Q2,8,0.07132125645875931,0.1443481594324112,0.2386581301689148,-0.018179163336753845,0.32815854996442795,15.528626232339526,-1.8014919126987938,38.84090870507209,seqgru
40484,2026Q2,1,-0.0060906680300831795,0.012198388576507568,0.03098996728658676,-0.032668848522007465,0.05756814777851105,1.2273092364690097,-3.2140985530320076,5.925745423750639,seqgru
40484,2026Q2,2,-0.0017416533082723618,0.024635907262563705,0.05258192867040634,-0.036882379557937384,0.08772265492007136,2.494187868690667,-3.6210509971618565,9.168530648935347,seqgru
40484,2026Q2,4,0.0063933879137039185,0.04857722669839859,0.09496471285820007,-0.04058968275785446,0.14194778352975845,4.977643945846788,-3.9776954801086895,15.251646662399288,seqgru
40484,2026Q2,8,0.028893664479255676,0.10485441982746124,0.19602251052856445,-0.06060675531625748,0.2855229303240776,11.054892468280864,-5.880671373196778,33.04575828572669,seqgru
40580,2026Q2,1,-0.011479652486741543,0.007036658935248852,0.02523062564432621,-0.03805783297866583,0.051808806136250496,0.7061474391554468,-3.734273405583277,5.3174362787071106,seqgru
40580,2026Q2,2,-0.01371627114713192,0.013122469186782837,0.03960338979959488,-0.04885699739679694,0.0747441160492599,1.320894663744565,-4.76826961848329,7.760837291474609,seqgru
40580,2026Q2,4,-0.01934773102402687,0.02331795170903206,0.06618307530879974,-0.06633080169558525,0.11316614598035812,2.3591940620434126,-6.417875817093721,11.981797074801426,seqgru
40580,2026Q2,8,-0.01605100929737091,0.05789231136441231,0.1400754451751709,-0.10555142909288406,0.22957586497068405,5.960088259274099,-10.01718056910228,25.806630676647345,seqgru
40660,2026Q2,1,-0.010718296281993389,0.007674547843635082,0.0258789025247097,-0.037296476773917675,0.05245708301663399,0.770407266749884,-3.6609529894009007,5.385733273037174,seqgru
40660,2026Q2,2,-0.011304406449198723,0.015163173899054527,0.04162506014108658,-0.046445132698863745,0.0767657863907516,1.5278718087247345,-4.538306361198408,7.978914546083771,seqgru
40660,2026Q2,4,-0.012046132236719131,0.029620599001646042,0.07244416326284409,-0.05902920290827751,0.11942723393440247,3.006365262964761,-5.732076022024168,12.685124455227115,seqgru
40660,2026Q2,8,0.00029622018337249756,0.07160390168428421,0.1544272005558014,-0.08920419961214066,0.24392762035131454,7.422975918434616,-8.53412184647605,27.625195247839642,seqgru
40900,2026Q2,1,-0.010948031209409237,0.007550138980150223,0.02581065148115158,-0.03752621170133352,0.05238883197307587,0.7578713147168514,-3.683082891270162,5.378540832213741,seqgru
40900,2026Q2,2,-0.012289682403206825,0.014490591362118721,0.041128870099782944,-0.04743040865287185,0.07626959634944797,1.459608893929465,-4.63231615207127,7.925349774267398,seqgru
40900,2026Q2,4,-0.01664615049958229,0.026007629930973053,0.06923734396696091,-0.06362922117114067,0.11622041463851929,2.6348779413908563,-6.164714358908219,12.324342414351076,seqgru
40900,2026Q2,8,-0.012484744191169739,0.061498530209064484,0.14449593424797058,-0.10198516398668289,0.23399635404348373,6.342893350944401,-9.695705087328665,26.363988502330592,seqgru
40980,2026Q2,1,-0.003207329660654068,0.014788612723350525,0.03372263163328171,-0.029785510152578354,0.060300812125205994,1.4898505307851417,-2.9346293412366387,6.215600790006293,seqgru
40980,2026Q2,2,0.004726758226752281,0.03054165467619896,0.058960847556591034,-0.03041396802291274,0.09410157380625606,3.1012835660158222,-2.9956116729437765,9.867133647920934,seqgru
40980,2026Q2,4,0.021326905116438866,0.0623391754925251,0.10977071523666382,-0.025656165555119514,0.1567537859082222,6.432327588637654,-2.532984282600337,16.97075799539163,seqgru
40980,2026Q2,8,0.05653318762779236,0.12942135334014893,0.2215997278690338,-0.032967232167720795,0.31110014766454697,13.81695947057664,-3.2429735750280075,36.49259084836045,seqgru
41060,2026Q2,1,-0.006535287015140057,0.011634997092187405,0.030243635177612305,-0.03311346750706434,0.05682181566953659,1.1702946947262705,-3.257121837107968,5.846719132371403,seqgru
41060,2026Q2,2,-0.002539264038205147,0.023561887443065643,0.0511222779750824,-0.03767999028787017,0.08626300422474742,2.384166172853286,-3.697893231856897,9.009298966855184,seqgru
41060,2026Q2,4,0.005378715693950653,0.04670137166976929,0.09192170202732086,-0.04160435497760773,0.13890477269887924,4.7809056884727585,-4.0750772313478345,14.901467722700957,seqgru
41060,2026Q2,8,0.027768075466156006,0.09978485852479935,0.18680664896965027,-0.06173234432935715,0.2763070687651634,10.493317554903992,-5.9865514555120125,31.825259608068922,seqgru
41100,2026Q2,1,-0.009514891542494297,0.008880183100700378,0.02731722965836525,-0.03609307203441858,0.053895410150289536,0.8919728897949009,-3.544948337355147,5.537421495196004,seqgru
41100,2026Q2,2,-0.010495627298951149,0.016339141875505447,0.043364301323890686,-0.04563635354861617,0.07850502757355571,1.6473355636968945,-4.461067703438337,8.166879331802757,seqgru
41100,2026Q2,4,-0.01644541323184967,0.027572570368647575,0.07248260080814362,-0.06342848390340805,0.119465671479702,2.7956211561700473,-6.14587622935765,12.689455878047063,seqgru
41100,2026Q2,8,-0.019028127193450928,0.0625600591301918,0.15341004729270935,-0.10852854698896408,0.2429104670882225,6.4558393449063,-10.284671657347245,27.495446862223936,seqgru
41140,2026Q2,1,-0.006616243161261082,0.011550351046025753,0.030085556209087372,-0.03319442365318537,0.05666373670101166,1.1617313917213545,-3.2649534506757893,5.829988314619272,seqgru
41140,2026Q2,2,-0.002455156296491623,0.023575300350785255,0.05100654810667038,-0.037595882546156645,0.0861472743563354,2.385539451435914,-3.689793138498876,8.996684065004601,seqgru
41140,2026Q2,4,0.0069606490433216095,0.04780350252985954,0.09267565608024597,-0.04002242162823677,0.13965872675180435,4.8964516198525265,-3.9232103069788526,14.988130815867407,seqgru
41140,2026Q2,8,0.0338188037276268,0.10408689826726913,0.18934586644172668,-0.05568161606788635,0.27884628623723984,10.96968814620649,-5.415977171260444,32.16041795040485,seqgru
41180,2026Q2,1,-0.006478865630924702,0.011719674803316593,0.03034290298819542,-0.03305704612284899,0.056921083480119705,1.1788619264369693,-3.2516633160218245,5.857226825966322,seqgru
41180,2026Q2,2,-0.0023128241300582886,0.02382340095937252,0.051435500383377075,-0.03745355037972331,0.0865762266330421,2.410944517460223,-3.6760841225128016,9.04344846991969,seqgru
41180,2026Q2,4,0.006228335201740265,0.04759259149432182,0.09287287294864655,-0.040754735469818115,0.13985594362020493,4.874330133531957,-3.9935429140117495,15.010810651279694,seqgru
41180,2026Q2,8,0.03014945611357689,0.10245717316865921,0.18979491293430328,-0.059350963681936264,0.27929533272981644,10.788985348187975,-5.7624028629189805,32.21977744913285,seqgru
41304,2026Q2,1,-0.013092047534883022,0.005473405122756958,0.023535173386335373,-0.03967022802680731,0.05011335387825966,0.5488411570873319,-3.889366717004994,5.139026878610031,seqgru
41304,2026Q2,2,-0.01690981350839138,0.00996585562825203,0.036061301827430725,-0.0520505397580564,0.07120202807709575,1.0015680144549899,-5.071911079595726,7.379814132979456,seqgru
41304,2026Q2,4,-0.02595346048474312,0.016483725979924202,0.05829959362745285,-0.0729365311563015,0.10528266429901123,1.6620332151737083,-7.034016741203198,11.10246129683592,seqgru
41304,2026Q2,8,-0.02940775454044342,0.04206852987408638,0.12093201279640198,-0.11890817433595657,0.21043243259191513,4.296595062702879,-11.211067195411085,23.42116579220597,seqgru
41420,2026Q2,1,-0.00966192688792944,0.008698908612132072,0.02702721208333969,-0.036240107379853725,0.05360539257526398,0.8736854065858113,-3.5591295965965997,5.506818226096977,seqgru
41420,2026Q2,2,-0.00910540297627449,0.01730700209736824,0.04414787515997887,-0.04424612922593951,0.07928860140964389,1.745763601054806,-4.328154788020189,8.251669283634055,seqgru
41420,2026Q2,4,-0.008442569524049759,0.03341592848300934,0.07713810354471207,-0.05542564019560814,0.12412117421627045,3.3980511761916077,-5.391762844503778,13.215305044628733,seqgru
41420,2026Q2,8,0.004231929779052734,0.0767190158367157,0.1610933393239975,-0.08526849001646042,0.25059375911951065,7.9738644305255235,-8.173429387351682,28.47880448748983,seqgru
41500,2026Q2,1,-0.0080008739605546,0.01033461932092905,0.028866130858659744,-0.034579054452478886,0.05544431135058403,1.0388205939193984,-3.3988030879492204,5.7010151965597,seqgru
41500,2026Q2,2,-0.005767831578850746,0.020682651549577713,0.04808039963245392,-0.04090855782851577,0.08322112588211894,2.0898019820121405,-4.008309717929492,8.678209763020096,seqgru
41500,2026Q2,4,-0.0024738609790802,0.039500705897808075,0.08424706757068634,-0.04945693165063858,0.13123013824224472,4.029123322399997,-4.8253852610634755,14.023016168411772,seqgru
41500,2026Q2,8,0.012378811836242676,0.08489927649497986,0.1694628894329071,-0.07712160795927048,0.25896330922842026,8.860741282191963,-7.4222735123129375,29.558626789615317,seqgru
41540,2026Q2,1,-0.008367856033146381,0.010047484189271927,0.028550773859024048,-0.03494603652507067,0.055128954350948334,1.0098129636198383,-3.4342474912787524,5.667686896981361,seqgru
41540,2026Q2,2,-0.006225522607564926,0.020289186388254166,0.04760975390672684,-0.04136624885722995,0.08275048015639186,2.049641103077282,-4.052234200715077,8.627072862741159,seqgru
41540,2026Q2,4,-0.003394845873117447,0.03871578723192215,0.08340995013713837,-0.05037791654467583,0.13039302080869675,3.947500959357275,-4.9129992917415155,13.927605454309266,seqgru
41540,2026Q2,8,0.012603744864463806,0.08567925542593002,0.17131564021110535,-0.07689667493104935,0.2608160600066185,8.94568348905922,-7.401447381793735,29.798889140622208,seqgru
41620,2026Q2,1,-0.00818283949047327,0.01011907309293747,0.0286150723695755,-0.034761019982397556,0.055193252861499786,1.0170444042317373,-3.416379576730044,5.674481390297803,seqgru
41620,2026Q2,2,-0.0062539465725421906,0.020120836794376373,0.047414734959602356,-0.04139467282220721,0.08255546120926738,2.0324625334853907,-4.05496137789102,8.605890590901556,seqgru
41620,2026Q2,4,-0.0028083622455596924,0.039070188999176025,0.08377395570278168,-0.04979143291711807,0.13075702637434006,3.984346666105032,-4.857215966227956,13.969083285397744,seqgru
41620,2026Q2,8,0.010868661105632782,0.08432145416736603,0.17088311910629272,-0.07863175868988037,0.2603835389018059,8.797857284916999,-7.561974322416686,29.74276052096898,seqgru
41660,2026Q2,1,-0.00962801743298769,0.008795945905148983,0.027166426181793213,-0.036206197924911976,0.0537446066737175,0.8834743908948894,-3.555859283800167,5.521507285115335,seqgru
41660,2026Q2,2,-0.00925314612686634,0.017359549179673195,0.04430072754621506,-0.04439387237653136,0.07944145379588008,1.7511101845413934,-4.342288603741795,8.268217074250517,seqgru
41660,2026Q2,4,-0.009359359741210938,0.03285178914666176,0.0766279399394989,-0.05634243041276932,0.12361101061105728,3.3397367185077353,-5.4784590036231595,13.157561447035215,seqgru
41660,2026Q2,8,0.0018474683165550232,0.07488428801298141,0.1588420420885086,-0.08765295147895813,0.24834246188402176,7.775943398351615,-8.392125466405398,28.18988585301789,seqgru
41700,2026Q2,1,-0.011044557206332684,0.007313684560358524,0.02543318271636963,-0.03762273769825697,0.052011363208293915,0.7340494872148717,-3.692379529023837,5.338771230934625,seqgru
41700,2026Q2,2,-0.012155788019299507,0.014295853674411774,0.0406126007437706,-0.04729651426896453,0.07575332699343562,1.439852807987485,-4.619546099897731,7.869645603857367,seqgru
41700,2026Q2,4,-0.014923937618732452,0.02706393226981163,0.06965737044811249,-0.06190700829029083,0.11664044111967087,2.743348681869451,-6.00297078284171,12.37153152228676,seqgru
41700,2026Q2,8,-0.005427174270153046,0.06693602353334427,0.14929938316345215,-0.0949275940656662,0.2387998029589653,6.92270706163558,-9.056121915098492,26.972431608657963,seqgru
41740,2026Q2,1,-0.008807423524558544,0.009598850272595882,0.028086427599191666,-0.03538560401648283,0.05466460809111595,0.9645066993305695,-3.4766853290350785,5.618631891921089,seqgru
41740,2026Q2,2,-0.0074132755398750305,0.019155126065015793,0.04648146405816078,-0.04255400178954005,0.0816221903078258,1.9339762519571035,-4.166128788186862,8.504579156348324,seqgru
41740,2026Q2,4,-0.00547323003411293,0.0367589071393013,0.0814988985657692,-0.05245630070567131,0.12848196923732758,3.744287061516416,-5.110421377395513,13.710091830958104,seqgru
41740,2026Q2,8,0.007064692676067352,0.08063389360904694,0.16667811572551727,-0.0824357271194458,0.2561785355210304,8.397397411372065,-7.912937703765888,29.198337227451976,seqgru
41780,2026Q2,1,-0.00451746117323637,0.01359349861741066,0.032414816319942474,-0.031095641665160656,0.05899299681186676,1.3686310288025583,-3.061714474820143,6.076781195759362,seqgru
41780,2026Q2,2,0.001895429566502571,0.027916379272937775,0.056113310158252716,-0.03324529668316245,0.09125403640791774,2.830969282197615,-3.269874530422545,9.554727880657477,seqgru
41780,2026Q2,4,0.015057375654578209,0.056413743644952774,0.1032649353146553,-0.03192569501698017,0.15024800598621368,5.803534859145687,-3.142145038192612,16.212242030887314,seqgru
41780,2026Q2,8,0.04484746232628822,0.11811240017414093,0.209310382604599,-0.04465295746922493,0.29881080240011215,12.537059610973134,-4.367068880526981,34.825451282264616,seqgru
41884,2026Q2,1,-0.012552435509860516,0.005983200389891863,0.02402336150407791,-0.0391306160017848,0.0506015419960022,0.6001135485259379,-3.8374902682339673,5.190367033050225,seqgru
41884,2026Q2,2,-0.015189191326498985,0.011523555964231491,0.03763453662395477,-0.05032991757616401,0.0727752628736198,1.159020791169807,-4.9084351042513745,7.548880748888354,seqgru
41884,2026Q2,4,-0.020817000418901443,0.02116234228014946,0.06298375874757767,-0.06780007109045982,0.10996682941913605,2.13878526118203,-6.555272207190487,11.624104348097507,seqgru
41884,2026Q2,8,-0.015525862574577332,0.05514366552233696,0.13431307673454285,-0.10502628237009048,0.223813496530056,5.66924140386782,-9.969913976508582,25.083771209908214,seqgru
41940,2026Q2,1,-0.01257381308823824,0.005945874378085136,0.02400887943804264,-0.039151993580162525,0.05058705992996693,0.5963586175785851,-3.8395459678497335,5.188843670239329,seqgru
41940,2026Q2,2,-0.015291901305317879,0.011422498151659966,0.037584107369184494,-0.0504326275549829,0.07272483361884952,1.1487983983417882,-4.918201455308225,7.543457275732801,seqgru
41940,2026Q2,4,-0.021291617304086685,0.020743809640407562,0.0626082718372345,-0.06827468797564507,0.10959134250879288,2.0960457903223206,-6.599612129762178,11.582198826015876,seqgru
41940,2026Q2,8,-0.018533974885940552,0.05216466635465622,0.13107021152973175,-0.1080343946814537,0.2205706313252449,5.3549212338897645,-10.240327665387039,24.67879839159275,seqgru
42020,2026Q2,1,-0.008047563023865223,0.010283371433615685,0.02887546643614769,-0.03462574351578951,0.055453646928071976,1.0336427005064985,-3.4033132020603984,5.702001981183713,seqgru
42020,2026Q2,2,-0.006260130554437637,0.020293083041906357,0.047672394663095474,-0.04140085680410266,0.0828131209127605,2.0500387559587496,-4.0555546984382795,8.633877557870795,seqgru
42020,2026Q2,4,-0.003247968852519989,0.03903144970536232,0.08402390778064728,-0.05023103952407837,0.13100697845220566,3.980318463972865,-4.899032170680484,13.997573655042572,seqgru
42020,2026Q2,8,0.011366032063961029,0.08555813878774643,0.17255693674087524,-0.07813438773155212,0.2620573565363884,8.932489153173329,-7.515986897542682,29.96010809084144,seqgru
42034,2026Q2,1,-0.00913433637470007,0.009233206510543823,0.02764883264899254,-0.035712516866624355,0.054227013140916824,0.9275964056878472,-3.508234883680883,5.572423822904438,seqgru
42034,2026Q2,2,-0.008039480075240135,0.018480995669960976,0.04556456208229065,-0.04318020632490516,0.08070528833195567,1.865282617111963,-4.226121607133204,8.40513668979279,seqgru
42034,2026Q2,4,-0.005753368139266968,0.03602728247642517,0.0802142545580864,-0.05273643881082535,0.12719732522964478,3.668412941542898,-5.136999841155654,13.564108631172278,seqgru
42034,2026Q2,8,0.007987245917320251,0.07919605076313019,0.16273856163024902,-0.0815131738781929,0.2522389814257622,8.241650985262815,-7.8279432860575255,28.690354658325255,seqgru
42100,2026Q2,1,-0.007877807132899761,0.01047994289547205,0.029027245938777924,-0.03445598762482405,0.05560542643070221,1.05350498346386,-3.3869139535335657,5.718046596062476,seqgru
42100,2026Q2,2,-0.005417449399828911,0.021029628813266754,0.04847273230552673,-0.04055817564949393,0.08361345855519176,2.125230968325331,-3.974670047294082,8.72085614079785,seqgru
42100,2026Q2,4,-0.0017706826329231262,0.040000881999731064,0.08476103097200394,-0.048753753304481506,0.13174410164356232,4.081169218761604,-4.758436997349136,14.081634888278138,seqgru
42100,2026Q2,8,0.01339402049779892,0.08476762473583221,0.16815580427646637,-0.07610639929771423,0.2576562240719795,8.846410517455938,-7.328240078813653,29.38939325706318,seqgru
42140,2026Q2,1,-0.00676556583493948,0.011496247723698616,0.030191130936145782,-0.033343746326863766,0.05676931142807007,1.1562583540167815,-3.2793971080553264,5.841161876562673,seqgru
42140,2026Q2,2,-0.003371814265847206,0.023021841421723366,0.05076855048537254,-0.03851254051551223,0.08590927673503757,2.3288889387318434,-3.7780362066139994,8.97074620016529,seqgru
42140,2026Q2,4,0.003269810229539871,0.04536689817905426,0.09133511781692505,-0.04371326044201851,0.13831818848848343,4.641171603950922,-4.2771606628245085,14.834088099826959,seqgru
42140,2026Q2,8,0.02147996425628662,0.09634289145469666,0.1858046054840088,-0.06802045553922653,0.27530502527952194,10.113656958872475,-6.575863702909201,31.693231125623413,seqgru
42200,2026Q2,1,-0.008370217867195606,0.00998649187386036,0.028482694178819656,-0.03494839835911989,0.05506087467074394,1.0036523291254928,-3.4344755632916835,5.6604933195204765,seqgru
42200,2026Q2,2,-0.006549088284373283,0.019942445680499077,0.047267332673072815,-0.041689814534038305,0.08240805892273784,2.014262472255246,-4.083274582422303,8.589883014103572,seqgru
42200,2026Q2,4,-0.003639739006757736,0.03831292688846588,0.08296424150466919,-0.050622809678316116,0.12994731217622757,3.9056330674422712,-4.936282594236607,13.876838251612412,seqgru
42200,2026Q2,8,0.01006084680557251,0.08249837160110474,0.1672622263431549,-0.07943957298994064,0.25676264613866806,8.599690500145641,-7.636616928686912,29.273825392580743,seqgru
42220,2026Q2,1,-0.01047081034630537,0.008003560826182365,0.026327144354581833,-0.037048990838229656,0.05290532484650612,0.8035674937706849,-3.637107479615753,5.432982155633592,seqgru
42220,2026Q2,2,-0.011245520785450935,0.01551282498985529,0.042316049337387085,-0.04638624703511596,0.0774567755870521,1.5633773467626622,-4.532684870495018,8.053552593535818,seqgru
42220,2026Q2,4,-0.014634158462285995,0.028100669384002686,0.07169884443283081,-0.061617229133844376,0.11868191510438919,2.849921759270968,-5.975728456068086,12.601169400636202,seqgru
42220,2026Q2,8,-0.009020745754241943,0.06526366621255875,0.14897441864013672,-0.0985211655497551,0.23847483843564987,6.744043525998955,-9.382348731277157,26.931176776487533,seqgru
42340,2026Q2,1,-0.008525577373802662,0.009823514148592949,0.02836044505238533,-0.03510375786572695,0.054938625544309616,0.9871923249686443,-3.449476770203197,5.647577206021426,seqgru
42340,2026Q2,2,-0.007765587419271469,0.018872767686843872,0.04631047695875168,-0.04290631366893649,0.0814512032084167,1.9051984027665947,-4.1998862525363005,8.486027859147228,seqgru
42340,2026Q2,4,-0.009318895637989044,0.034014612436294556,0.0796719640493393,-0.056301966309547424,0.12665503472089767,3.4599724640229423,-5.474634196848427,13.502540588318723,seqgru
42340,2026Q2,8,-0.007046528160572052,0.07197675108909607,0.16261519491672516,-0.0965469479560852,0.2521156147122383,7.463035978789678,-9.203273060838612,28.674479531460094,seqgru
42540,2026Q2,1,-0.00398397259414196,0.014094920828938484,0.032968927174806595,-0.030562153086066246,0.05954710766673088,1.4194722573479757,-3.009985209356192,6.1355757795231725,seqgru
42540,2026Q2,2,0.003084000200033188,0.029019556939601898,0.057269394397735596,-0.032056726049631834,0.09241012064740062,2.944472706661494,-3.1548355915023807,9.68145561477456,seqgru
42540,2026Q2,4,0.01801798865199089,0.059133417904376984,0.10606837272644043,-0.02896508201956749,0.1530514433979988,6.091677659129191,-2.854961504008302,16.538492876142552,seqgru
42540,2026Q2,8,0.051254235208034515,0.12429279088973999,0.21577319502830505,-0.03824618458747864,0.3052736148238182,13.234736345986287,-3.7524035025908065,35.69962465039549,seqgru
42644,2026Q2,1,-0.01063132006675005,0.0077646654099226,0.02598736062645912,-0.037209500558674335,0.05256554111838341,0.7794888598059435,-3.652573419305405,5.397163829476459,seqgru
42644,2026Q2,2,-0.011174792423844337,0.01530887559056282,0.04192712903022766,-0.04631551867350936,0.07706785527989268,1.5426656691015728,-4.52593238491562,8.011536543648589,seqgru
42644,2026Q2,4,-0.012651726603507996,0.029214542359113693,0.07238491624593735,-0.059634797275066376,0.11936798691749573,2.9645473349249274,-5.789146863119965,12.678448395523656,seqgru
42644,2026Q2,8,-0.0033759772777557373,0.06838211417198181,0.15121644735336304,-0.09287639707326889,0.2407168671488762,7.077438838497918,-8.869386655965473,27.216079379989644,seqgru
42680,2026Q2,1,-0.008893338032066822,0.00944923609495163,0.027868200093507767,-0.03547151852399111,0.05444638058543205,0.9494021076482007,-3.48497772585441,5.595585516097579,seqgru
42680,2026Q2,2,-0.0077538806945085526,0.018721098080277443,0.045756202191114426,-0.042894606944173574,0.08089692844077945,1.889743653455267,-4.1987647404078015,8.425913452752054,seqgru
42680,2026Q2,4,-0.00557297095656395,0.03665371984243393,0.0808505266904831,-0.05255604162812233,0.12783359736204147,3.7333750543073307,-5.1198852795213075,13.636389301384334,seqgru
42680,2026Q2,8,0.011257730424404144,0.08596992492675781,0.17301762104034424,-0.07824268937110901,0.2625180408358574,8.97735527928505,-7.526002525430231,30.01999246503255,seqgru
42700,2026Q2,1,-0.0062619904056191444,0.0119998874142766,0.03074953332543373,-0.03284017089754343,0.05732771381735802,1.207217492119339,-3.230678723268665,5.900280338648645,seqgru
42700,2026Q2,2,-0.002804253250360489,0.023660434409976006,0.05142191797494888,-0.03794497950002551,0.0865626442246139,2.3942563190577637,-3.723408870424505,9.04196740732437,seqgru
42700,2026Q2,4,0.0025470033288002014,0.045250777155160904,0.09135231375694275,-0.04443606734275818,0.13833538442850113,4.629021269431166,-4.346324792489476,14.836062796896243,seqgru
42700,2026Q2,8,0.019193895161151886,0.09734979271888733,0.18952319025993347,-0.07030652463436127,0.2790236100554466,10.22458637738275,-6.789193797062742,32.183855218263126,seqgru
43100,2026Q2,1,-0.0037469742819666862,0.014378877356648445,0.03334711119532585,-0.030325154773890972,0.05992529168725014,1.448275067711835,-2.9869960154604747,6.175722149170837,seqgru
43100,2026Q2,2,0.0032849889248609543,0.02940145507454872,0.057953156530857086,-0.03185573732480407,0.09309388278052211,2.983794516776328,-3.1353688491698506,9.756477286395793,seqgru
43100,2026Q2,4,0.016746588051319122,0.05857699364423752,0.1064206212759018,-0.030236482620239258,0.15340369194746017,6.032662096248864,-2.978393282059133,16.579550622055784,seqgru
43100,2026Q2,8,0.04447498545050621,0.11983079463243484,0.21305549144744873,-0.04502543434500694,0.3025559112429619,12.730608919964004,-4.402683302746125,35.331333973687904,seqgru
43300,2026Q2,1,-0.012468318454921246,0.006003224290907383,0.024121474474668503,-0.03904649894684553,0.05069965496659279,0.6021279754100384,-3.8294010209027007,5.2006880787432985,seqgru
43300,2026Q2,2,-0.01663900725543499,0.010270427912473679,0.03641127794981003,-0.05177973350510001,0.07155200419947505,1.0323349778794455,-5.046200478396223,7.417401080835018,seqgru
43300,2026Q2,4,-0.026117976754903793,0.01721198484301567,0.05990048870444298,-0.07310104742646217,0.10688355937600136,1.7360964572354476,-7.049309899999545,11.28046712647861,seqgru
43300,2026Q2,8,-0.03150343894958496,0.04658595472574234,0.13278767466545105,-0.12100385874509811,0.2222880944609642,4.768812894415908,-11.396945937972625,24.893113618206563,seqgru
43340,2026Q2,1,-0.0061698174104094505,0.0120786027982831,0.03076871857047081,-0.032747997902333736,0.057346899062395096,1.2151843706623033,-3.2217587940001957,5.902312080966099,seqgru
43340,2026Q2,2,-0.0016603898257017136,0.024586524814367294,0.052392102777957916,-0.036801116075366735,0.08753282902762294,2.4891265797382545,-3.6132185898793523,9.147809601935464,seqgru
43340,2026Q2,4,0.006832834333181381,0.04848684370517731,0.09423357993364334,-0.040150236338377,0.14121665060520172,4.968156180938399,-3.9354895492540565,15.167413185601418,seqgru
43340,2026Q2,8,0.029559943825006485,0.10267030447721481,0.1906583607196808,-0.05994047597050667,0.28015878051519394,10.81260046607988,-5.817940712745761,32.33399162504706,seqgru
43420,2026Q2,1,-0.009267681278288364,0.009189966134727001,0.027666296809911728,-0.03584586177021265,0.054244477301836014,0.9232323528412856,-3.5211007109820613,5.574267572802438,seqgru
43420,2026Q2,2,-0.008591149002313614,0.01806148700416088,0.04516048729419708,-0.043731875251978636,0.0803012135438621,1.8225582105658722,-4.2789425087031985,8.361341755966812,seqgru
43420,2026Q2,4,-0.007243700325489044,0.035219259560108185,0.07965695858001709,-0.054226770997047424,0.12664002925157547,3.5846803216815326,-5.278271926258082,13.500837442206226,seqgru
43420,2026Q2,8,0.00690682977437973,0.08294336497783661,0.17169994115829468,-0.08259359002113342,0.26120036095380783,8.648027397135195,-7.927473687251407,29.848780562709432,seqgru
43580,2026Q2,1,-0.010354728437960148,0.007952788844704628,0.026134401559829712,-0.036932908929884434,0.052712582051754,0.7984496268322205,-3.625920841887753,5.412662666274359,seqgru
43580,2026Q2,2,-0.010460471734404564,0.015836194157600403,0.042350977659225464,-0.045601197984069586,0.07749170390889049,1.596225122261341,-4.457708919297643,8.057326788709362,seqgru
43580,2026Q2,4,-0.009438484907150269,0.03176071494817734,0.07459462434053421,-0.05642155557870865,0.12157769501209259,3.227046885759699,-5.4859377403572935,12.92771017148706,seqgru
43580,2026Q2,8,0.004361748695373535,0.07426144927740097,0.15622830390930176,-0.08513867110013962,0.2457287237048149,7.70883726635796,-8.161507787657463,27.85526854568987,seqgru
43620,2026Q2,1,-0.009125850163400173,0.009197458624839783,0.027600951492786407,-0.03570403065532446,0.05417913198471069,0.9239885219946453,-3.507416030698929,5.567369014204315,seqgru
43620,2026Q2,2,-0.00854497030377388,0.017937064170837402,0.044967494904994965,-0.0436856965534389,0.08010822115465999,1.8098899475039953,-4.274522132782588,8.340430859611004,seqgru
43620,2026Q2,4,-0.007979150861501694,0.03447854891419411,0.07912345230579376,-0.054962221533060074,0.12610652297735214,3.507982455183467,-5.347909461321876,13.44030018324085,seqgru
43620,2026Q2,8,0.001536831259727478,0.07777075469493866,0.1665535867214203,-0.08796358853578568,0.25605400651693344,8.087484478255803,-8.420577847521981,29.18224928891433,seqgru
43640,2026Q2,1,-0.0075729163363575935,0.010760894045233727,0.02935119718313217,-0.03415109682828188,0.05592937767505646,1.0819000705058146,-3.357453021817214,5.7522996366659696,seqgru
43640,2026Q2,2,-0.0049242787063121796,0.021564943715929985,0.04906437546014786,-0.0400650049559772,0.08420510170981288,2.1799147616194725,-3.9273014892938996,8.785199123263766,seqgru
43640,2026Q2,4,-0.0007858015596866608,0.0415567047894001,0.08680109679698944,-0.04776887223124504,0.13378416746854782,4.243227107796477,-4.664589177677647,14.31460649077465,seqgru
43640,2026Q2,8,0.015385501086711884,0.09043678641319275,0.17866653203964233,-0.07411491870880127,0.2681669518351555,9.465230855577778,-7.143502177874128,30.756542223994888,seqgru
43780,2026Q2,1,-0.004306224174797535,0.013792380690574646,0.03263966366648674,-0.03088440466672182,0.059217844158411026,1.388793437199709,-3.0412353594547192,6.100634960168505,seqgru
43780,2026Q2,2,0.0024804025888442993,0.028469257056713104,0.05681261420249939,-0.03266032366082072,0.09195334045216441,2.8878379598634707,-3.2132734631404536,9.631366738739256,seqgru
43780,2026Q2,4,0.016394510865211487,0.05782098323106766,0.10499019920825958,-0.030588559806346893,0.15197326987981796,5.952530593509819,-3.0125463637307837,16.41291187049736,seqgru
43780,2026Q2,8,0.047405291348695755,0.12112294882535934,0.21351537108421326,-0.0420951284468174,0.3030157908797264,12.876368400532101,-4.1221430881970615,35.393584411155764,seqgru
43900,2026Q2,1,-0.005879645235836506,0.012269304133951664,0.030999761074781418,-0.03245782572776079,0.057577941566705704,1.2344880820750026,-3.193672366545308,5.926782843145806,seqgru
43900,2026Q2,2,-0.0021774545311927795,0.024075835943222046,0.05188628286123276,-0.0373181807808578,0.08702700911089778,2.436799885847951,-3.663043910055064,9.092614426558221,seqgru
43900,2026Q2,4,0.0028784312307834625,0.04575389623641968,0.0925622433423996,-0.04410463944077492,0.13954531401395798,4.6816753710161585,-4.314617241505159,14.975090436618267,seqgru
43900,2026Q2,8,0.01706942915916443,0.09743469953536987,0.1927150934934616,-0.07243099063634872,0.28221551328897476,10.233945593435156,-6.987006787971728,32.60644737099454,seqgru
44060,2026Q2,1,-0.00985726434737444,0.008553399704396725,0.026934027671813965,-0.036435444839298725,0.05351220816373825,0.8590084546425736,-3.577966271393873,5.496987093389882,seqgru
44060,2026Q2,2,-0.010157784447073936,0.01652403734624386,0.043452128767967224,-0.04529851069673896,0.07859285501763225,1.6661314332372834,-4.428785105170485,8.176379769541686,seqgru
44060,2026Q2,4,-0.011622212827205658,0.03103998675942421,0.07515682280063629,-0.05860528349876404,0.12213989347219467,3.1526750473869436,-5.692105547824033,12.99121580596061,seqgru
44060,2026Q2,8,-0.00442977249622345,0.07109154015779495,0.15729908645153046,-0.0939301922917366,0.2467995062470436,7.367950616140728,-8.96536907877209,27.992247059192987,seqgru
44100,2026Q2,1,-0.0035004448145627975,0.014551112428307533,0.03350943699479103,-0.030078625306487083,0.06008761748671532,1.4657495234516649,-2.9630765029457273,6.1929586070755605,seqgru
44100,2026Q2,2,0.0036892518401145935,0.029703889042139053,0.0581478551030159,-0.03145147440955043,0.09328858135268092,3.014945024597937,-3.0962021547082164,9.777848796242349,seqgru
44100,2026Q2,4,0.017926475033164024,0.05938202887773514,0.10677005350589752,-0.029056595638394356,0.1537531241774559,6.11805649327517,-2.863851191262212,16.62029439258026,seqgru
44100,2026Q2,8,0.04870562627911568,0.12228646874427795,0.21346405148506165,-0.040794793516397476,0.3029644712805748,13.007778737988861,-3.997388668114399,35.38663624496616,seqgru
44140,2026Q2,1,-0.006078328005969524,0.01206088438630104,0.030660249292850494,-0.03265650849789381,0.05723842978477478,1.2133910142145377,-3.212904205305167,5.8908255566551215,seqgru
44140,2026Q2,2,-0.001166224479675293,0.02481524832546711,0.05241253972053528,-0.036306950729340315,0.0875532659702003,2.512570933654379,-3.5655758119560566,9.150040272246706,seqgru
44140,2026Q2,4,0.009474474936723709,0.050398875027894974,0.09564631432294846,-0.03750859573483467,0.14262938499450684,5.16905058043291,-3.681386160740374,15.330229131499728,seqgru
44140,2026Q2,8,0.038136862218379974,0.10897449404001236,0.19573956727981567,-0.05136355757713318,0.2852399870753288,11.513390741789387,-5.006674768512342,33.008119211757105,seqgru
44180,2026Q2,1,-0.006753896363079548,0.01149261835962534,0.0301503986120224,-0.033332076855003834,0.056728579103946686,1.1558912217931594,-3.2782684231160375,5.836850807852034,seqgru
44180,2026Q2,2,-0.003418413922190666,0.02295224368572235,0.0506320521235466,-0.03855914017185569,0.08577277837321162,2.321767327561086,-3.782520012586743,8.955872886936556,seqgru
44180,2026Q2,4,0.00243266299366951,0.044734612107276917,0.0905894935131073,-0.04455040767788887,0.13757256418466568,4.575029361224248,-4.357261240518707,14.748496926227993,seqgru
44180,2026Q2,8,0.02101336419582367,0.0969315692782402,0.1868002563714981,-0.06848705559968948,0.27630067616701126,10.178497510018225,-6.619445242188993,31.82441690485147,seqgru
44220,2026Q2,1,-0.0066651469096541405,0.01158130168914795,0.030171751976013184,-0.033243327401578426,0.05674993246793747,1.1648624608213254,-3.269684041380272,5.839110804780168,seqgru
44220,2026Q2,2,-0.0022311806678771973,0.023881105706095695,0.05150466412305832,-0.03737190691754222,0.08664539037272334,2.416854285584469,-3.6682195834899955,9.050990583421004,seqgru
44220,2026Q2,4,0.006593663245439529,0.04774836450815201,0.09304266422986984,-0.04038940742611885,0.14002573490142822,4.890667996476306,-3.9584626553510582,15.030340142096431,seqgru
44220,2026Q2,8,0.030700720846652985,0.1017523854970932,0.18845446407794952,-0.05879969894886017,0.2779548838734627,10.710930146572162,-5.710438677392005,32.04266233306128,seqgru
44300,2026Q2,1,-0.008332575671374798,0.009941663593053818,0.02836228907108307,-0.034910756163299084,0.054940469563007355,0.999124610522073,-3.430840556496906,5.647772022308795,seqgru
44300,2026Q2,2,-0.005917321890592575,0.020301302894949913,0.047482505440711975,-0.0410580481402576,0.082623231690377,2.0508775957279735,-4.022658473107721,8.613251113768516,seqgru
44300,2026Q2,4,-0.0002452582120895386,0.04089608043432236,0.085132896900177,-0.04722832888364792,0.13211596757173538,4.174384235260042,-4.613042325168204,14.124065850148915,seqgru
44300,2026Q2,8,0.019603833556175232,0.08964206278324127,0.17371192574501038,-0.06989658623933792,0.26321234554052353,9.378270809137534,-6.750975275684635,30.11029730341106,seqgru
44420,2026Q2,1,-0.00285477377474308,0.015211107209324837,0.03426137566566467,-0.029432954266667366,0.06083955615758896,1.5327384923424336,-2.90040234038198,6.272839228126914,seqgru
44420,2026Q2,2,0.004658365622162819,0.030724575743079185,0.05945248901844025,-0.030482360627502203,0.09459321526810527,3.12014468779811,-3.0022458288518905,9.92116216635841,seqgru
44420,2026Q2,4,0.018356122076511383,0.06057349592447281,0.10907761752605438,-0.028626948595046997,0.15606068819761276,6.2445680128378145,-2.8221079653397263,16.88971391979277,seqgru
44420,2026Q2,8,0.04499206691980362,0.12353086471557617,0.22067543864250183,-0.044508352875709534,0.310175858438015,13.148492696359003,-4.3532389194819165,36.36649050271077,seqgru
44700,2026Q2,1,-0.012684675864875317,0.005920010153204203,0.024009965360164642,-0.0392628563567996,0.05058814585208893,0.5937568043841823,-3.850205991875577,5.188957897193669,seqgru
44700,2026Q2,2,-0.016014760360121727,0.010927884839475155,0.03713269159197807,-0.05115548660978675,0.0722734178416431,1.0987812267416297,-4.986907358999282,7.494921418133371,seqgru
44700,2026Q2,4,-0.025865595787763596,0.017001796513795853,0.05899778753519058,-0.07284866645932198,0.10598085820674896,1.7147149642485982,-7.025847954386033,11.180059444572787,seqgru
44700,2026Q2,8,-0.028414659202098846,0.04413354769349098,0.1225900650024414,-0.117915078997612,0.21209048479795456,4.512191919071573,-11.12284752212358,23.62597427307591,seqgru
44940,2026Q2,1,-0.0010346323251724243,0.016955461353063583,0.03619767352938652,-0.02761281281709671,0.0627758540213108,1.7100021057682824,-2.723506398964215,6.4788144500327105,seqgru
44940,2026Q2,2,0.00881242286413908,0.034725043922662735,0.06398005038499832,-0.026328303385525942,0.09912077663466334,3.5334998010153162,-2.598473539711721,10.419965302381717,seqgru
44940,2026Q2,4,0.02719789743423462,0.06894265860319138,0.11836463212966919,-0.01978517323732376,0.16534770280122757,7.137477326094888,-1.959073116551091,17.980326830346407,seqgru
44940,2026Q2,8,0.06133028864860535,0.13759870827198029,0.23395293951034546,-0.028170131146907806,0.3234533593058586,14.751496960167266,-2.7777052674935243,38.18917023767292,seqgru
45060,2026Q2,1,-0.003690357320010662,0.014435011893510818,0.03340576961636543,-0.030268537811934948,0.05998395010828972,1.4539699794873684,-2.9815032784150763,6.1819504320536955,seqgru
45060,2026Q2,2,0.003410954028367996,0.02950356714427471,0.05804698169231415,-0.031729772221297026,0.09318770794197917,2.9943109421004976,-3.1231665173629075,9.766775688715224,seqgru
45060,2026Q2,4,0.016673007979989052,0.058347344398498535,0.10591983795166016,-0.03031006269156933,0.15290290862321854,6.008314571177142,-2.9855318761696448,16.521184142856193,seqgru
45060,2026Q2,8,0.04448838159441948,0.11874401569366455,0.2104758322238922,-0.045012038201093674,0.29997625201940536,12.608162216735842,-4.401402658756092,34.982675153586996,seqgru
45104,2026Q2,1,-0.008940150029957294,0.00947235245257616,0.02796030417084694,-0.03551833052188158,0.054538484662771225,0.9517357171014762,-3.4894956811254207,5.605311747978559,seqgru
45104,2026Q2,2,-0.007869277149438858,0.018708262592554092,0.045848116278648376,-0.04301000339910388,0.0809888425283134,1.8884358572945903,-4.209819225498235,8.435879779668,seqgru
45104,2026Q2,4,-0.006605152040719986,0.03561191260814667,0.07991400361061096,-0.053588222712278366,0.12689707428216934,3.625361148342554,-5.217768214051244,13.53001601838233,seqgru
45104,2026Q2,8,0.005603760480880737,0.07958550751209259,0.16555505990982056,-0.08389665931463242,0.2550554797053337,8.283814636684216,-8.047372433911315,29.05332172894162,seqgru
45220,2026Q2,1,-0.006924689747393131,0.011421703733503819,0.030160922557115555,-0.03350287023931742,0.05673910304903984,1.1487180439317957,-3.294786444364195,5.837964634919701,seqgru
45220,2026Q2,2,-0.004373406991362572,0.02229900471866131,0.05022087320685387,-0.039514133241027594,0.08536159945651889,2.254948588642236,-3.8743631773348497,8.911081738374627,seqgru
45220,2026Q2,4,-0.0006655305624008179,0.042266666889190674,0.0888131707906723,-0.0476486012339592,0.13579624146223068,4.317262126121668,-4.65312240319501,14.544847490880674,seqgru
45220,2026Q2,8,0.009983733296394348,0.08780086040496826,0.17901690304279327,-0.0795166864991188,0.2685173228383064,9.177068560661628,-7.643739118663051,30.802363551625955,seqgru
45294,2026Q2,1,-0.01088778581470251,0.0075550139881670475,0.025785980746150017,-0.0374659663066268,0.0523641612380743,0.7583625113445791,-3.677280065787003,5.375941098226833,seqgru
45294,2026Q2,2,-0.012259667739272118,0.014409631490707397,0.04097875952720642,-0.04740039398893714,0.07611948577687144,1.4513950695395295,-4.629453680132489,7.9091502541073,seqgru
45294,2026Q2,4,-0.01656045764684677,0.025962339714169502,0.069122813642025,-0.06354352831840515,0.11610588431358337,2.6302296907782186,-6.156673001055857,12.311478607578197,seqgru
45294,2026Q2,8,-0.012593276798725128,0.06152911111712456,0.1451030671596527,-0.10209369659423828,0.23460348695516586,6.3461454629148095,-9.705505516086333,26.440731532854223,seqgru
45460,2026Q2,1,-0.0049304477870464325,0.013233025558292866,0.0319957509636879,-0.03150862827897072,0.05857393145561218,1.3320969534475813,-3.1017404234483514,6.0323374047342115,seqgru
45460,2026Q2,2,0.001141345128417015,0.027153654024004936,0.055129274725914,-0.03399938112124801,0.09027000097557902,2.752567408898865,-3.342789717174177,9.446975171579485,seqgru
45460,2026Q2,4,0.012515101581811905,0.05377672240138054,0.09985266625881195,-0.034467969089746475,0.14683573693037033,5.52489623952499,-3.388071512900437,15.816370387887414,seqgru
45460,2026Q2,8,0.04115748405456543,0.11364392936229706,0.20206254720687866,-0.04834293574094772,0.2915629670023918,12.035312899991357,-4.719302052378271,33.85179132976537,seqgru
45500,2026Q2,1,-0.008041956461966038,0.01025044359266758,0.028740856796503067,-0.034620136953890324,0.05531903728842735,1.0303159355611546,-3.402771625238421,5.687774430391546,seqgru
45500,2026Q2,2,-0.00584779679775238,0.02051292359828949,0.047753121703863144,-0.0409885230474174,0.08289384795352817,2.072475959471065,-4.015985407557443,8.642647603318299,seqgru
45500,2026Q2,4,-0.0016504712402820587,0.04014688730239868,0.08470702171325684,-0.04863354191184044,0.13169009238481522,4.096366730807066,-4.746987188238316,14.075473590126219,seqgru
45500,2026Q2,8,0.01618657261133194,0.08901360630989075,0.1747824102640152,-0.07331384718418121,0.26428283005952835,9.309552922165821,-7.069087679904618,30.249652938154558,seqgru
45780,2026Q2,1,-0.007605762220919132,0.010678041726350784,0.029206153005361557,-0.03418394271284342,0.05578433349728584,1.0735255476169714,-3.360627279628048,5.736961993662626,seqgru
45780,2026Q2,2,-0.004538675770163536,0.02173755131661892,0.04913152754306793,-0.03967940201982856,0.08427225379273295,2.19755331377538,-3.8902484312395735,8.79250452125937,seqgru
45780,2026Q2,4,0.0019814632833003998,0.0435035340487957,0.08832057565450668,-0.04500160738825798,0.13530364632606506,4.446368549113355,-4.400405482479208,14.48843715100403,seqgru
45780,2026Q2,8,0.024225957691669464,0.09634026885032654,0.18276163935661316,-0.06527446210384369,0.2722620591521263,10.113368174693216,-6.318969083888071,31.293102182265685,seqgru
45820,2026Q2,1,-0.006139635108411312,0.011994327418506145,0.030654750764369965,-0.0327178156003356,0.05723293125629425,1.2066547819824747,-3.218837759815718,5.890243314535715,seqgru
45820,2026Q2,2,-0.0018082298338413239,0.02428898960351944,0.05193182826042175,-0.036948956083506346,0.08707255451008677,2.4586369919396445,-3.6274673591325413,9.09758320638252,seqgru
45820,2026Q2,4,0.006593037396669388,0.04806028679013252,0.09362369775772095,-0.04039003327488899,0.14060676842927933,4.923390836222352,-3.958522762810268,15.09719604731945,seqgru
45820,2026Q2,8,0.030279185622930527,0.10277678072452545,0.19047680497169495,-0.059221234172582626,0.2799772247672081,10.82440000410636,-5.750176672648033,32.30996780911055,seqgru
45900,2026Q2,1,-0.007492891512811184,0.010903004556894302,0.029550813138484955,-0.03407107200473547,0.05612899363040924,1.0962658917873735,-3.349718909591848,5.773411590059974,seqgru
45900,2026Q2,2,-0.004823382943868637,0.021764365956187248,0.049422651529312134,-0.03996410919353366,0.08456337777897716,2.2002937410738665,-3.9176076721033404,8.82418123955162,seqgru
45900,2026Q2,4,-0.0014530457556247711,0.04130898043513298,0.087029367685318,-0.04843611642718315,0.13401243835687637,4.217406719975969,-4.728179959566859,14.340704166103668,seqgru
45900,2026Q2,8,0.013142392039299011,0.09009619802236557,0.18008682131767273,-0.07635802775621414,0.2695872411131859,9.427954617036537,-7.351555997311754,30.94238628387005,seqgru
45940,2026Q2,1,-0.006418854929506779,0.01182454265654087,0.030513007193803787,-0.032997035421431065,0.05709118768572807,1.1894728928437681,-3.2458572062637914,5.875235117043065,seqgru
45940,2026Q2,2,-0.0021950118243694305,0.02406623587012291,0.05177781730890274,-0.03733573807403445,0.08691854355856776,2.435816489801357,-3.6647353113886227,9.0807822775812,seqgru
45940,2026Q2,4,0.0064958930015563965,0.04802648350596428,0.09356658905744553,-0.040487177670001984,0.1405496597290039,4.91984414097133,-3.9678522008635975,15.090623183733488,seqgru
45940,2026Q2,8,0.02882680669426918,0.101638562977314,0.18978165090084076,-0.06067361310124397,0.2792820706963539,10.698329466669954,-5.886963772682896,32.21802395764737,seqgru
46060,2026Q2,1,-0.010295330546796322,0.00805571861565113,0.026283569633960724,-0.03687351103872061,0.05286175012588501,0.8088253221388841,-3.6201962548103817,5.428388042986221,seqgru
46060,2026Q2,2,-0.010423649102449417,0.01596306823194027,0.042531292885541916,-0.04556437535211444,0.07767201913520694,1.6091158670135108,-4.45419073590304,8.076812926815325,seqgru
46060,2026Q2,4,-0.01040768250823021,0.031210947781801224,0.0742311030626297,-0.05739075317978859,0.12121417373418808,3.170311641716106,-5.577496166497098,12.8866660066403,seqgru
46060,2026Q2,8,0.0019996166229248047,0.07352593541145325,0.15667420625686646,-0.08750080317258835,0.2461746260523796,7.629645050120137,-8.378186423070954,27.912292222633784,seqgru
46140,2026Q2,1,-0.006093231029808521,0.012110935524106026,0.030804738402366638,-0.03267141152173281,0.057382918894290924,1.2184569863736838,-3.2143466149529454,5.906126733145789,seqgru
46140,2026Q2,2,-0.0018576644361019135,0.024374213069677353,0.05216324329376221,-0.036998390685766935,0.08730396954342723,2.4673692442130246,-3.6322313791977923,9.122832948709881,seqgru
46140,2026Q2,4,0.0052887797355651855,0.047273632138967514,0.09320791065692902,-0.041694290935993195,0.1401909813284874,4.8408848189308795,-4.083703943278472,15.049350065426005,seqgru
46140,2026Q2,8,0.025481287389993668,0.10017268359661102,0.18949031829833984,-0.06401913240551949,0.278990738093853,10.536177944349024,-6.201294658962409,32.17951014706699,seqgru
46220,2026Q2,1,-0.012342593632638454,0.006150206085294485,0.02418232522904873,-0.03892077412456274,0.050760505720973015,0.6169157434387618,-3.817309229333976,5.207089814747468,seqgru
46220,2026Q2,2,-0.014695843681693077,0.011919653043150902,0.038015563040971756,-0.0498365699313581,0.07315628929063678,1.1990975204252408,-4.861510330507601,7.58986752159998,seqgru
46220,2026Q2,4,-0.01924891024827957,0.02247590385377407,0.06424976140260696,-0.06623198091983795,0.11123283207416534,2.273039000650523,-6.408627502030583,11.765510251805544,seqgru
46220,2026Q2,8,-0.012437164783477783,0.057683899998664856,0.13686810433864594,-0.10193758457899094,0.2263685241341591,5.93800727360938,-9.691408360247634,25.403772329937336,seqgru
46300,2026Q2,1,-0.01114881131798029,0.007330663036555052,0.025570962578058243,-0.037726991809904575,0.05214914306998253,0.7357598123955977,-3.7024194710792213,5.35328579214942,seqgru
46300,2026Q2,2,-0.01281394250690937,0.013937720097601414,0.04051624983549118,-0.04795466875657439,0.0756569760851562,1.4035302952141837,-4.682300520345361,7.859252766215374,seqgru
46300,2026Q2,4,-0.01773500069975853,0.024991990998387337,0.06818893551826477,-0.06471807137131691,0.11517200618982315,2.530690880685893,-6.26683132333442,12.206642334429674,seqgru
46300,2026Q2,8,-0.013858988881111145,0.060757942497730255,0.14468634128570557,-0.1033594086766243,0.23418676108121872,6.264166266694815,-9.81972005212054,26.38805138585618,seqgru
46340,2026Q2,1,-0.008057964034378529,0.010176897048950195,0.028583738952875137,-0.034636144526302814,0.05516191944479942,1.0228857782479617,-3.4043178999903945,5.671170299611972,seqgru
46340,2026Q2,2,-0.005658915266394615,0.020506443455815315,0.04750151187181473,-0.04079964151605964,0.08264223812147975,2.071814517427284,-3.9978540876135282,8.615315483660746,seqgru
46340,2026Q2,4,3.8467347621917725e-05,0.04128599911928177,0.08527133613824844,-0.04694460332393646,0.13225440680980682,4.215011694355475,-4.585974767515344,14.139866192539262,seqgru
46340,2026Q2,8,0.022419102489948273,0.09433535486459732,0.17998573184013367,-0.06708131730556488,0.2694861516356468,9.892821505252304,-6.48808431252661,30.929150055485866,seqgru
46520,2026Q2,1,-0.004370764829218388,0.013768250122666359,0.03262518718838692,-0.030948945321142673,0.0592033676803112,1.386346897552837,-3.0474929396401174,6.09909900776775,seqgru
46520,2026Q2,2,0.0022048354148864746,0.028307052329182625,0.056661754846572876,-0.03293589083477855,0.0918024810962379,2.871150419576529,-3.239941033326621,9.61482906882618,seqgru
46520,2026Q2,4,0.014501547440886497,0.05610714480280876,0.10314959287643433,-0.03248152323067188,0.1501326635479927,5.771100590271838,-3.195966407594586,16.198838600547383,seqgru
46520,2026Q2,8,0.042213309556245804,0.1153329536318779,0.20515599846839905,-0.04728711023926735,0.2946564182639122,12.224703159877803,-4.618649135059183,34.26649642680606,seqgru
46540,2026Q2,1,-0.002230493351817131,0.015819482505321503,0.03490738198161125,-0.028808673843741417,0.06148556247353554,1.5945272956610301,-2.8397660374299583,6.341514333369425,seqgru
46540,2026Q2,2,0.006945956498384476,0.03282306715846062,0.06169763207435608,-0.028194769751280546,0.0968383583240211,3.3367686384337736,-2.7801006596399613,10.168228145746937,seqgru
46540,2026Q2,4,0.02496505342423916,0.06617380678653717,0.11448545753955841,-0.02201801724731922,0.1614685282111168,6.841239835485502,-2.177738998626466,17.52354708137238,seqgru
46540,2026Q2,8,0.06165511906147003,0.13507899641990662,0.22843289375305176,-0.02784530073404312,0.3179333135485649,14.46272022310271,-2.7461193796051386,37.42846120076779,seqgru
46660,2026Q2,1,-0.0027554845437407494,0.015282995998859406,0.034338586032390594,-0.029333665035665035,0.06091676652431488,1.5400378203775489,-2.8907609173629,6.281044909794509,seqgru
46660,2026Q2,2,0.005242839455604553,0.0312252976000309,0.05998104810714722,-0.02989788679406047,0.09512177435681224,3.1717921275571825,-2.945536608722965,9.979277352964711,seqgru
46660,2026Q2,4,0.02023935317993164,0.062007416039705276,0.11037878692150116,-0.02674371749162674,0.15736185759305954,6.397023514428479,-2.6389271046865503,17.041906230703987,seqgru
46660,2026Q2,8,0.0490015372633934,0.12485162913799286,0.21976879239082336,-0.04049888253211975,0.3092692121863365,13.298033932596143,-3.9689762373340987,36.24291036544136,seqgru
46700,2026Q2,1,-0.011942158453166485,0.0066039287485182285,0.024755705147981644,-0.03852033894509077,0.05133388563990593,0.6625782766949584,-3.778786583896665,5.267430744862245,seqgru
46700,2026Q2,2,-0.014163082465529442,0.012647945433855057,0.03904104232788086,-0.049303808715194464,0.07418176857754588,1.2728268981089697,-4.8108107288557855,7.700255292737368,seqgru
46700,2026Q2,4,-0.02023620903491974,0.022221408784389496,0.06474417448043823,-0.06721927970647812,0.11172724515199661,2.247014328209751,-6.50098455103445,11.82078224419656,seqgru
46700,2026Q2,8,-0.017120718955993652,0.054856106638908386,0.1349184513092041,-0.1066211387515068,0.22441887110471725,5.638859643278904,-10.11338459579566,25.159516669575876,seqgru
47020,2026Q2,1,-0.007795953191816807,0.010449563153088093,0.028883863240480423,-0.03437413368374109,0.05546204373240471,1.0504350506475912,-3.37900546801454,5.702889543938272,seqgru
47020,2026Q2,2,-0.004653416574001312,0.021442949771881104,0.04860605299472809,-0.039794142823666334,0.08374677924439311,2.167450191131648,-3.9012755087512563,8.735351846536377,seqgru
47020,2026Q2,4,0.0029066652059555054,0.04390018805861473,0.08820237219333649,-0.044076405465602875,0.13518544286489487,4.487805837599423,-4.311915624645513,14.474905021256856,seqgru
47020,2026Q2,8,0.02711617946624756,0.09820421040058136,0.18421706557273865,-0.062384240329265594,0.2737174853682518,10.31880445800617,-6.047818474523736,31.484328729487498,seqgru
47220,2026Q2,1,-0.005215764977037907,0.01291113905608654,0.03160989284515381,-0.03179394546896219,0.058188073337078094,1.2994847681907062,-3.1293832189159043,5.991431858895435,seqgru
47220,2026Q2,2,0.0006196126341819763,0.02656782791018486,0.05441752076148987,-0.034521113615483046,0.08955824701115489,2.6923899001477736,-3.393205771590302,9.369103569105208,seqgru
47220,2026Q2,4,0.013312971219420433,0.054175667464733124,0.10008151084184647,-0.03367009945213795,0.14706458151340485,5.567003274578952,-3.310957028967998,15.84287736975134,seqgru
47220,2026Q2,8,0.044754330068826675,0.11612585186958313,0.20469588041305542,-0.04474608972668648,0.2941963002085686,12.313721215706352,-4.375974976560948,34.20473219808042,seqgru
47260,2026Q2,1,-0.007296212948858738,0.010888557881116867,0.029432982206344604,-0.033874393440783024,0.05601116269826889,1.094805397361398,-3.330708001643634,5.760948944633637,seqgru
47260,2026Q2,2,-0.004248242825269699,0.021938107907772064,0.049367278814315796,-0.03938896907493472,0.08450800506398082,2.2180517621729345,-3.862330939174974,8.818155516010995,seqgru
47260,2026Q2,4,0.002561599016189575,0.04407455399632454,0.08939659595489502,-0.044421471655368805,0.1363796666264534,4.506026540332342,-4.344928651159707,14.611695335800201,seqgru
47260,2026Q2,8,0.022837776690721512,0.09545472264289856,0.1830245852470398,-0.06666264310479164,0.27252500504255295,10.015900861393234,-6.4489250890571,31.327629703161808,seqgru
47300,2026Q2,1,-0.005440416745841503,0.012868191115558147,0.03177575767040253,-0.03201859723776579,0.05835393816232681,1.2951342573667368,-3.1511429300505545,6.00901356727177,seqgru
47300,2026Q2,2,-0.0009714607149362564,0.025639088824391365,0.05398872494697571,-0.03611218696460128,0.08912945119664073,2.597059739109553,-3.546792051312153,9.322216608442258,seqgru
47300,2026Q2,4,0.004553891718387604,0.04756863787770271,0.09474852681159973,-0.042429178953170776,0.1417315974831581,4.87181804412169,-4.154165785949548,15.226733557573002,seqgru
47300,2026Q2,8,0.018784373998641968,0.09559522569179535,0.18563899397850037,-0.07071604579687119,0.2751394137740135,10.031359516860071,-6.827357779764808,31.67142301723811,seqgru
47380,2026Q2,1,-0.010485685430467129,0.007893683388829231,0.026133716106414795,-0.037063865922391415,0.05271189659833908,0.7924920645794531,-3.6385408750910897,5.41259041082951,seqgru
47380,2026Q2,2,-0.011187182739377022,0.015317789278924465,0.04190749675035477,-0.046327908989042044,0.07704822300001979,1.543570792812754,-4.527115331410014,8.009416051748786,seqgru
47380,2026Q2,4,-0.013043731451034546,0.028978079557418823,0.07220067083835602,-0.060026802122592926,0.1191837415099144,2.940202927973634,-5.8260707365977105,12.657689821268093,seqgru
47380,2026Q2,8,-0.004516623914241791,0.06824707239866257,0.15165844559669495,-0.09401704370975494,0.2411588653922081,7.062979887577825,-8.973275222221522,27.272321092052508,seqgru
47460,2026Q2,1,-0.00822377111762762,0.010060485452413559,0.028536636382341385,-0.03480195160955191,0.05511481687426567,1.0111262273150956,-3.420332820563532,5.66619303308149,seqgru
47460,2026Q2,2,-0.006220376119017601,0.02011827379465103,0.04726535454392433,-0.04136110236868262,0.08240608079358935,2.032201024647051,-4.051740405366589,8.58966820950322,seqgru
47460,2026Q2,4,-0.0021777041256427765,0.039575446397066116,0.08397699892520905,-0.04916077479720116,0.13096006959676743,4.036898801582467,-4.797194472393684,13.992226284760179,seqgru
47460,2026Q2,8,0.01609223335981369,0.08899220079183578,0.1752513349056244,-0.07340818643569946,0.26475175470113754,9.307213119599588,-7.0778542990911575,30.31074453253586,seqgru
47580,2026Q2,1,-0.004797874949872494,0.013348185457289219,0.03222661465406418,-0.03137605544179678,0.058804795145988464,1.34376701944674,-3.088893494700984,6.05681924732222,seqgru
47580,2026Q2,2,0.0004380587488412857,0.02669467404484749,0.054904766380786896,-0.034702667500823736,0.09004549263045192,2.7054168590580963,-3.4107435183615697,9.422406170380636,seqgru
47580,2026Q2,4,0.009394511580467224,0.051988616585731506,0.09926420450210571,-0.037588559091091156,0.1462472751736641,5.3363751569156515,-3.6890878124438697,15.748236932046321,seqgru
47580,2026Q2,8,0.0305306576192379,0.10934382677078247,0.2042398601770401,-0.05896976217627525,0.29374027997255325,11.554583893430825,-5.7264725010815365,34.1435460765442,seqgru
47664,2026Q2,1,-0.005818297155201435,0.012359311804175377,0.031071342527866364,-0.03239647764712572,0.05764952301979065,1.2436003725754263,-3.1877333019784238,5.934365507568162,seqgru
47664,2026Q2,2,-0.0009446311742067337,0.0251912921667099,0.05303506553173065,-0.036085357423871756,0.08817579178139567,2.551127403611142,-3.5442042213260083,9.218010143913858,seqgru
47664,2026Q2,4,0.009016163647174835,0.05050951614975929,0.09636729210615158,-0.037966907024383545,0.14335036277770996,5.180687245909543,-3.7255199545760953,15.413409646483744,seqgru
47664,2026Q2,8,0.03517812862992287,0.1083107590675354,0.19747711718082428,-0.054322291165590286,0.28697753697633743,11.439399962304918,-5.287319329576734,33.23942835351996,seqgru
47764,2026Q2,1,-0.009883551858365536,0.008476653136312962,0.026754647493362427,-0.03646173235028982,0.05333282798528671,0.8512681689073265,-3.5805009333501725,5.478064722218878,seqgru
47764,2026Q2,2,-0.00965101458132267,0.016785182058811188,0.04350946843624115,-0.04479174083098769,0.07865019468590617,1.692684472850292,-4.38034021926117,8.182582745109324,seqgru
47764,2026Q2,4,-0.009371716529130936,0.032301194965839386,0.07555893063545227,-0.056354787200689316,0.12254200130701065,3.282854121873169,-5.479626979042895,13.036659595141087,seqgru
47764,2026Q2,8,0.0026387497782707214,0.07381564378738403,0.15615317225456238,-0.08686167001724243,0.24565359205007553,7.66083077695463,-8.31960916692176,27.845662928644344,seqgru
47930,2026Q2,1,-0.0053040506318211555,0.012675799429416656,0.031213071197271347,-0.03188223112374544,0.05779125168919563,1.2756477902662766,-3.137935127236713,5.949380508238722,seqgru
47930,2026Q2,2,0.00022657960653305054,0.026115814223885536,0.053687311708927155,-0.03491414664313197,0.08882803795859218,2.6459820237219267,-3.431167971729432,9.28927041060319,seqgru
47930,2026Q2,4,0.01093721017241478,0.05234811082482338,0.09794428944587708,-0.0360458604991436,0.14492736011743546,5.374249784398666,-3.5403944387837005,15.595559873927535,seqgru
47930,2026Q2,8,0.034861281514167786,0.10770287364721298,0.19416268169879913,-0.05463913828134537,0.2836631014943123,11.371678161451438,-5.317324015572467,32.79854590640217,seqgru
47940,2026Q2,1,-0.007634510286152363,0.010550929233431816,0.028983019292354584,-0.03421269077807665,0.05556119978427887,1.060678656333991,-3.363405434685629,5.713371144785628,seqgru
47940,2026Q2,2,-0.004562593996524811,0.02146158181130886,0.048552606254816055,-0.03970332024618983,0.08369333250448108,2.1693537968258125,-3.8925471785420385,8.729540451768415,seqgru
47940,2026Q2,4,0.00283205509185791,0.04356232285499573,0.0876162126660347,-0.04415101557970047,0.13459928333759308,4.45250900692562,-4.319054657213206,14.407824127014957,seqgru
47940,2026Q2,8,0.025993112474679947,0.09583517163991928,0.18010219931602478,-0.0635073073208332,0.26960261911153793,10.057764263472002,-6.153273840576368,30.944399931153434,seqgru
48060,2026Q2,1,-0.004481970332562923,0.013584550470113754,0.03235897794365883,-0.03106015082448721,0.058937158435583115,1.367723971419088,-3.0582739925209657,6.070858205902607,seqgru
48060,2026Q2,2,0.0023783762007951736,0.02820783108472824,0.05639827251434326,-0.03276235004886985,0.09153899876400828,2.8609439223725053,-3.2231477595321523,9.585951302573847,seqgru
48060,2026Q2,4,0.01687186397612095,0.05747070908546448,0.10394276678562164,-0.03011120669543743,0.15092583745718002,5.915424660385593,-2.966238049188663,16.291041049057565,seqgru
48060,2026Q2,8,0.04711546376347542,0.11700144410133362,0.20473650097846985,-0.042384956032037735,0.294236920773983,12.41210530340766,-4.149927109459528,34.210183780906036,seqgru
48140,2026Q2,1,-0.003989148885011673,0.01400558277964592,0.03286464139819145,-0.03056732937693596,0.05944282189011574,1.4104120442531398,-3.010487256584826,6.1245079256963875,seqgru
48140,2026Q2,2,0.0026073772460222244,0.02849232219159603,0.05667369067668915,-0.0325333490036428,0.09181441692635417,2.8902111090922222,-3.2009832214609624,9.616137420612292,seqgru
48140,2026Q2,4,0.016147430986166,0.0573144406080246,0.1041143387556076,-0.03083563968539238,0.15109740942716599,5.898874711387858,-3.036507051820314,16.310995043786214,seqgru
48140,2026Q2,8,0.045999884605407715,0.1188022643327713,0.20916715264320374,-0.04350053519010544,0.2986675724387169,12.614721679975327,-4.256795831732552,34.80614162097639,seqgru
48260,2026Q2,1,-0.0017582643777132034,0.016299907118082047,0.03541722148656845,-0.02833644486963749,0.06199540197849274,1.6433475333785363,-2.7938733247406478,6.3957452617536825,seqgru
48260,2026Q2,2,0.007991825230419636,0.03387341648340225,0.06284992396831512,-0.027148901019245386,0.09799065021798015,3.445365365880515,-2.6783682166709677,10.295247269510055,seqgru
48260,2026Q2,4,0.02689085528254509,0.06817165017127991,0.1166568249464035,-0.02009221538901329,0.16363989561796188,7.054905263671385,-1.9891711927695122,17.779011133827673,seqgru
48260,2026Q2,8,0.0649707242846489,0.13893413543701172,0.23252823948860168,-0.024529695510864258,0.32202865928411484,14.904841593941542,-2.423128746222891,37.992432303377925,seqgru
48300,2026Q2,1,-0.00911004189401865,0.009213168174028397,0.027621760964393616,-0.035688222385942936,0.0541999414563179,0.9255740048102146,-3.505890637881348,5.569565838229762,seqgru
48300,2026Q2,2,-0.008790697902441025,0.017716635018587112,0.044691622257232666,-0.04393142415210605,0.07983234850689769,1.7874505530113938,-4.298041634776439,8.31054682037411,seqgru
48300,2026Q2,4,-0.009150456637144089,0.033254530280828476,0.07750342786312103,-0.05613352730870247,0.12448649853467941,3.381364263277864,-5.458711097680224,13.25667290466017,seqgru
48300,2026Q2,8,-0.0012904852628707886,0.07430683076381683,0.16126465797424316,-0.09079090505838394,0.2507650777697563,7.713725364406976,-8.679136175550383,28.500817188399076,seqgru
48424,2026Q2,1,-0.009026315994560719,0.009362067095935345,0.02777193859219551,-0.035604496486485004,0.0543501190841198,0.9406028328327487,-3.497811243560045,5.5854212157271155,seqgru
48424,2026Q2,2,-0.007530827075242996,0.018894672393798828,0.0460360124707222,-0.04267155332490802,0.08117673872038722,1.9074306307228506,-4.177393544780372,8.456256382845906,seqgru
48424,2026Q2,4,-0.004334632307291031,0.03737206757068634,0.08162178099155426,-0.05131770297884941,0.12860485166311264,3.807918459458892,-5.0023187878741044,13.724065661430052,seqgru
48424,2026Q2,8,0.010944940149784088,0.08330730348825455,0.1687539666891098,-0.07855547964572906,0.25825438648462296,8.687575794541868,-7.554922969242939,29.466812280970988,seqgru
48540,2026Q2,1,-0.007660071365535259,0.010576185770332813,0.02906641736626625,-0.034238251857459545,0.055644597858190536,1.063231131326936,-3.3658755387812156,5.722187803966894,seqgru
48540,2026Q2,2,-0.004763493314385414,0.02143513225018978,0.04867307096719742,-0.039904219564050436,0.08381379721686244,2.166651497995531,-3.9118531609109053,8.742639313545775,seqgru
48540,2026Q2,4,0.0014258548617362976,0.042677659541368484,0.08713225275278091,-0.04555721580982208,0.1341153234243393,4.360144565931012,-4.453506669191953,14.352468722353763,seqgru
48540,2026Q2,8,0.02394874021410942,0.09457428753376007,0.17902781069278717,-0.06555167958140373,0.2685282304883003,9.919081627491998,-6.344935503634874,30.803790305807222,seqgru
48620,2026Q2,1,-0.005800013430416584,0.012328746728599072,0.03103267401456833,-0.03237819392234087,0.057610854506492615,1.2405059015700326,-3.1859631969563207,5.930269262345189,seqgru
48620,2026Q2,2,-0.0013228263705968857,0.02480376698076725,0.05257154256105423,-0.03646355262026191,0.08771226881071925,2.511393958248065,-3.5806764427093074,9.167396818526274,seqgru
48620,2026Q2,4,0.007467895746231079,0.04908962920308113,0.0950026735663414,-0.0395151749253273,0.14198574423789978,5.0314485371667494,-3.874463309849374,15.25602177956178,seqgru
48620,2026Q2,8,0.03016490489244461,0.10392702370882034,0.1933576613664627,-0.05933551490306854,0.28285808116197586,10.95194833442299,-5.760946995874128,32.69168339586077,seqgru
48660,2026Q2,1,-0.011266733519732952,0.007174764759838581,0.025320615619421005,-0.03784491401165724,0.05189879611134529,0.720056505128186,-3.7137744242849435,5.326914218628276,seqgru
48660,2026Q2,2,-0.012292144820094109,0.014235143549740314,0.04061751440167427,-0.04743287106975913,0.07575824065133929,1.4336945688124825,-4.632550986777351,7.870175639696253,seqgru
48660,2026Q2,4,-0.01343388482928276,0.02819983661174774,0.07076287269592285,-0.06041695550084114,0.11774594336748123,2.8601216066225676,-5.8628058466131066,12.49582719488842,seqgru
48660,2026Q2,8,-0.0008664429187774658,0.06996884942054749,0.1517905592918396,-0.09036686271429062,0.24129097908735275,7.247477252325618,-8.640404050939555,27.289136619437905,seqgru
48680,2026Q2,1,-0.005930992774665356,0.012363310903310776,0.03134714439511299,-0.03250917326658964,0.05792532488703728,1.2440052565797277,-3.1986430055962134,5.963586432788381,seqgru
48680,2026Q2,2,-0.004448123276233673,0.02255869470536709,0.05082079768180847,-0.039588849525898695,0.0859615239314735,2.281506623160401,-3.881545059493985,8.97643976488287,seqgru
48680,2026Q2,4,-0.008014075458049774,0.037775494158267975,0.0863325446844101,-0.054997146129608154,0.13331561535596848,3.849805782428728,-5.351215089672168,14.261056686821295,seqgru
48680,2026Q2,8,-0.016262337565422058,0.07568316161632538,0.17878086864948273,-0.10576275736093521,0.2682812884449959,7.8620771550194535,-10.036194473328486,30.771493338460807,seqgru
48700,2026Q2,1,-0.005519325844943523,0.012599754147231579,0.031243667006492615,-0.03209750633686781,0.0578218474984169,1.2679465478768748,-3.1587848845971656,5.952622164862165,seqgru
48700,2026Q2,2,0.00046963803470134735,0.02632683888077736,0.05401361733675003,-0.034671088214963675,0.08915434358641505,2.6676451425055037,-3.407693250457733,9.32493793353908,seqgru
48700,2026Q2,4,0.012819057330489159,0.05350153148174286,0.09898321330547333,-0.03416401334106922,0.1459662839770317,5.495860741620073,-3.3587012984493514,15.715717265526674,seqgru
48700,2026Q2,8,0.04505675658583641,0.11497890949249268,0.20210212469100952,-0.04444366320967674,0.2916025444865227,12.184977694128918,-4.347051362317156,33.8570889517452,seqgru
48864,2026Q2,1,-0.00602200161665678,0.012200501747429371,0.030897904187440872,-0.032600182108581066,0.05747608467936516,1.2275231473014125,-3.207452384127729,5.915994020226689,seqgru
48864,2026Q2,2,-0.0014806687831878662,0.024763796478509903,0.052574507892131805,-0.03662139503285289,0.08771523414179683,2.5072966082315684,-3.5958943003167043,9.167720536480672,seqgru
48864,2026Q2,4,0.006868619471788406,0.04860645532608032,0.09442372620105743,-0.040114451199769974,0.14140679687261581,4.9807123431588884,-3.932051805922665,15.189313921451998,seqgru
48864,2026Q2,8,0.02988295629620552,0.10317570716142654,0.1911870837211609,-0.05961746349930763,0.28068750351667404,10.86861960671952,-5.78751381916428,32.40397815040941,seqgru
48900,2026Q2,1,-0.006494893692433834,0.011830057948827744,0.03066783770918846,-0.03307307418435812,0.05724601820111275,1.1900309839021572,-3.253213991885906,5.89162910337464,seqgru
48900,2026Q2,2,-0.0042387936264276505,0.02254149131476879,0.050584305077791214,-0.03937951987609267,0.08572503132745624,2.2797470495863337,-3.8614225109318556,8.950670690084262,seqgru
48900,2026Q2,4,-0.0038098767399787903,0.040664881467819214,0.088338702917099,-0.05079294741153717,0.13532177358865738,4.150302009288898,-4.95245514380811,14.490512531778489,seqgru
48900,2026Q2,8,-0.0003918558359146118,0.08585430681705475,0.18553055822849274,-0.08989227563142776,0.2750309780240059,8.964756251819118,-8.59703567658543,31.65714590181752,seqgru
49020,2026Q2,1,-0.004714819602668285,0.013431308791041374,0.03226446732878685,-0.03129300009459257,0.058842647820711136,1.352191401342906,-3.0808441748373494,6.060833857584691,seqgru
49020,2026Q2,2,0.0007092338055372238,0.0268850140273571,0.05506265163421631,-0.0344314924441278,0.09020337788388133,2.7249676668978706,-3.3845473695484074,9.43968371860886,seqgru
49020,2026Q2,4,0.009465482085943222,0.05177285522222519,0.09862740337848663,-0.03751758858561516,0.145610474050045,5.3136500886689975,-3.682252335767311,15.674551788592183,seqgru
49020,2026Q2,8,0.0320439450442791,0.10906267166137695,0.2016763687133789,-0.057456474751234055,0.29117678850889206,11.52322416087268,-5.58370155791258,33.800110626267774,seqgru
49180,2026Q2,1,-0.00713725108653307,0.011180789209902287,0.029825210571289062,-0.033715431578457355,0.05640339106321335,1.1243527838016965,-3.3153400495310903,5.802439525072511,seqgru
49180,2026Q2,2,-0.004270490258932114,0.022197874262928963,0.04985740780830383,-0.039411216508597136,0.08499813405796885,2.244608021972505,-3.8644697317984478,8.871503521735914,seqgru
49180,2026Q2,4,-0.0003802776336669922,0.042244069278240204,0.08810650557279587,-0.04736334830522537,0.13508957624435425,4.314904831851418,-4.625920547594853,14.463931224994543,seqgru
49180,2026Q2,8,0.013511858880519867,0.09059005975723267,0.181112140417099,-0.07598856091499329,0.27061256021261215,9.4820102434507,-7.317319145060697,31.076712865488297,seqgru
49340,2026Q2,1,-0.007731451652944088,0.010416828095912933,0.028793450444936752,-0.034309632144868374,0.05537163093686104,1.0471272130200493,-3.372773064182155,5.693333082217289,seqgru
49340,2026Q2,2,-0.004951221868395805,0.021098898723721504,0.04819254204630852,-0.04009194811806083,0.08333326829597354,2.132305418950131,-3.929889956710786,8.69039788318615,seqgru
49340,2026Q2,4,0.000884033739566803,0.04198082536458969,0.0861336886882782,-0.04609903693199158,0.13311675935983658,4.2874481821079335,-4.505261755162293,14.238337449577898,seqgru
49340,2026Q2,8,0.02247503027319908,0.09272072464227676,0.1763504147529602,-0.06702538952231407,0.26585083454847336,9.715528404350682,-6.482854252123193,30.45404518074486,seqgru
49420,2026Q2,1,-0.007426350377500057,0.010809849016368389,0.02931680902838707,-0.03400453086942434,0.055894989520311356,1.086848653133865,-3.3432874761848863,5.7486630727491494,seqgru
49420,2026Q2,2,-0.004134560003876686,0.022028479725122452,0.04938872903585434,-0.03927528625354171,0.08452945528551936,2.2272898107000394,-3.851401116459219,8.820489714588685,seqgru
49420,2026Q2,4,0.00277593731880188,0.04397358000278473,0.08870276808738708,-0.0442071333527565,0.13568583875894547,4.4954746822241765,-4.324423908133124,14.53220212812425,seqgru
49420,2026Q2,8,0.024516377598047256,0.09537940472364426,0.18092095851898193,-0.0649840421974659,0.2704213783144951,10.007615004696135,-6.291758296574146,31.05165576603197,seqgru
49620,2026Q2,1,-0.005330000072717667,0.012773611582815647,0.031457699835300446,-0.03190818056464195,0.05803588032722473,1.28555426394239,-3.140448611052349,5.975301931324406,seqgru
49620,2026Q2,2,-8.970685303211212e-05,0.02593601867556572,0.053798191249370575,-0.035230433102697134,0.0889389174990356,2.6275283920912607,-3.461706555991073,9.301389026522578,seqgru
49620,2026Q2,4,0.010431203991174698,0.05188312381505966,0.09809164702892303,-0.03655186668038368,0.14507471770048141,5.325263516956968,-3.5891912486527677,15.612595011338914,seqgru
49620,2026Q2,8,0.037095434963703156,0.11062538623809814,0.20050755143165588,-0.05240498483181,0.29000797122716904,11.6976393740152,-5.105551910808758,33.643814103503274,seqgru
49660,2026Q2,1,-0.004378096200525761,0.01370189618319273,0.03251204267144203,-0.030956276692450047,0.05909022316336632,1.3796197372166086,-3.0482037318630195,6.087095155560052,seqgru
49660,2026Q2,2,0.0022661611437797546,0.028218034654855728,0.05632607638835907,-0.03287456510588527,0.09146680263802409,2.861993476581781,-3.2340069702292196,9.578039907017,seqgru
49660,2026Q2,4,0.014957334846258163,0.05623390153050423,0.10274766385555267,-0.03202573582530022,0.14973073452711105,5.784508638629626,-3.1518342916266873,16.15214429964702,seqgru
49660,2026Q2,8,0.04536494240164757,0.11766128987073898,0.20666225254535675,-0.044135477393865585,0.2961626723408699,12.486304432820706,-4.317567937353184,34.46888827295389,seqgru
49700,2026Q2,1,-0.009453817270696163,0.009006808511912823,0.027447495609521866,-0.03603199776262045,0.05402567610144615,0.90474918623491,-3.5390572354180416,5.551170323272325,seqgru
49700,2026Q2,2,-0.009221313521265984,0.017534669488668442,0.04465561360120773,-0.044362039770931005,0.07979633985087276,1.7689304306954812,-4.339243521076086,8.30664677336792,seqgru
49700,2026Q2,4,-0.01157253235578537,0.03130319342017174,0.07567912340164185,-0.05855560302734375,0.12266219407320023,3.179829091939257,-5.687420170784085,13.050246600452176,seqgru
49700,2026Q2,8,-0.0056445300579071045,0.06919388473033905,0.1539449840784073,-0.09514494985342026,0.24344540387392044,7.1643964408467875,-9.07588694526138,27.563667111893263,seqgru
49740,2026Q2,1,-0.004338616505265236,0.013656498864293098,0.0324399434030056,-0.030916796997189522,0.059018123894929886,1.3750174787553693,-3.0443760289336153,6.079446629338681,seqgru
49740,2026Q2,2,0.0022566188126802444,0.028048332780599594,0.05602863430976868,-0.03288410743698478,0.0911693605594337,2.844539084562503,-3.2349303389683226,9.545451633861312,seqgru
49740,2026Q2,4,0.015671085566282272,0.05682196468114853,0.10330461710691452,-0.03131198510527611,0.1502876877784729,5.846734904762818,-3.082684168579919,16.21685363243128,seqgru
49740,2026Q2,8,0.04582090303301811,0.11959265917539597,0.2114933431148529,-0.04367951676249504,0.30099376291036606,12.70376696102451,-4.273930567513496,35.120091395052015,seqgru
