cbsa_code,metric,period,value
10180,hpi_forecast_4q,2026-06,5.698
10180,hpi_forecast_4q_hi,2026-06,16.1856
10180,hpi_forecast_4q_lo,2026-06,-3.3277
10180,hpi_forecast_8q,2026-06,12.1316
10180,hpi_forecast_8q_hi,2026-06,34.7649
10180,hpi_forecast_8q_lo,2026-06,-5.0942
10180,hpi_surprise_4q,2026-06,4.986
10180,hpi_trend_5y,2026-06,7.9106
10180,hpi_yoy_latest,2026-06,8.9516
10420,hpi_forecast_4q,2026-06,4.743
10420,hpi_forecast_4q_hi,2026-06,14.8412
10420,hpi_forecast_4q_lo,2026-06,-4.1139
10420,hpi_forecast_8q,2026-06,10.5763
10420,hpi_forecast_8q_hi,2026-06,31.7746
10420,hpi_forecast_8q_lo,2026-06,-5.8834
10420,hpi_surprise_4q,2026-06,-2.2516
10420,hpi_trend_5y,2026-06,7.8998
10420,hpi_yoy_latest,2026-06,3.2297
10500,hpi_forecast_4q,2026-06,4.3378
10500,hpi_forecast_4q_hi,2026-06,14.3356
10500,hpi_forecast_4q_lo,2026-06,-4.4851
10500,hpi_forecast_8q,2026-06,9.7591
10500,hpi_forecast_8q_hi,2026-06,30.645
10500,hpi_forecast_8q_lo,2026-06,-6.5275
10500,hpi_surprise_4q,2026-06,-5.5039
10500,hpi_trend_5y,2026-06,8.1822
10500,hpi_yoy_latest,2026-06,0.5512
10540,hpi_forecast_4q,2026-06,3.2792
10540,hpi_forecast_4q_hi,2026-06,13.0387
10540,hpi_forecast_4q_lo,2026-06,-5.498
10540,hpi_forecast_8q,2026-06,7.938
10540,hpi_forecast_8q_hi,2026-06,28.273
10540,hpi_forecast_8q_lo,2026-06,-8.1491
10540,hpi_surprise_4q,2026-06,-5.3512
10540,hpi_trend_5y,2026-06,5.2423
10540,hpi_yoy_latest,2026-06,-0.8086
10580,hpi_forecast_4q,2026-06,5.792
10580,hpi_forecast_4q_hi,2026-06,16.2493
10580,hpi_forecast_4q_lo,2026-06,-3.2025
10580,hpi_forecast_8q,2026-06,12.4524
10580,hpi_forecast_8q_hi,2026-06,34.8227
10580,hpi_forecast_8q_lo,2026-06,-4.617
10580,hpi_surprise_4q,2026-06,1.4957
10580,hpi_trend_5y,2026-06,8.5983
10580,hpi_yoy_latest,2026-06,6.9633
10740,hpi_forecast_4q,2026-06,4.1743
10740,hpi_forecast_4q_hi,2026-06,14.2223
10740,hpi_forecast_4q_lo,2026-06,-4.6956
10740,hpi_forecast_8q,2026-06,9.2505
10740,hpi_forecast_8q_hi,2026-06,30.3093
10740,hpi_forecast_8q_lo,2026-06,-7.1897
10740,hpi_surprise_4q,2026-06,-2.4506
10740,hpi_trend_5y,2026-06,7.6623
10740,hpi_yoy_latest,2026-06,2.1774
10780,hpi_forecast_4q,2026-06,4.719
10780,hpi_forecast_4q_hi,2026-06,14.8486
10780,hpi_forecast_4q_lo,2026-06,-4.1513
10780,hpi_forecast_8q,2026-06,10.4193
10780,hpi_forecast_8q_hi,2026-06,31.7181
10780,hpi_forecast_8q_lo,2026-06,-6.0832
10780,hpi_surprise_4q,2026-06,1.703
10780,hpi_trend_5y,2026-06,5.0071
10780,hpi_yoy_latest,2026-06,4.8313
10900,hpi_forecast_4q,2026-06,5.4838
10900,hpi_forecast_4q_hi,2026-06,15.7709
10900,hpi_forecast_4q_lo,2026-06,-3.4213
10900,hpi_forecast_8q,2026-06,12.022
10900,hpi_forecast_8q_hi,2026-06,33.9696
10900,hpi_forecast_8q_lo,2026-06,-4.7622
10900,hpi_surprise_4q,2026-06,-0.6761
10900,hpi_trend_5y,2026-06,8.9551
10900,hpi_yoy_latest,2026-06,4.9478
11020,hpi_forecast_4q,2026-06,6.0052
11020,hpi_forecast_4q_hi,2026-06,16.3787
11020,hpi_forecast_4q_lo,2026-06,-2.9024
11020,hpi_forecast_8q,2026-06,12.9013
11020,hpi_forecast_8q_hi,2026-06,34.8909
11020,hpi_forecast_8q_lo,2026-06,-3.8641
11020,hpi_surprise_4q,2026-06,3.4459
11020,hpi_trend_5y,2026-06,6.6543
11020,hpi_yoy_latest,2026-06,8.0701
11100,hpi_forecast_4q,2026-06,4.3806
11100,hpi_forecast_4q_hi,2026-06,14.4556
11100,hpi_forecast_4q_lo,2026-06,-4.4933
11100,hpi_forecast_8q,2026-06,9.9087
11100,hpi_forecast_8q_hi,2026-06,31.3318
11100,hpi_forecast_8q_lo,2026-06,-6.6704
11100,hpi_surprise_4q,2026-06,-0.3287
11100,hpi_trend_5y,2026-06,6.0237
11100,hpi_yoy_latest,2026-06,3.1042
11180,hpi_forecast_4q,2026-06,4.6712
11180,hpi_forecast_4q_hi,2026-06,14.7142
11180,hpi_forecast_4q_lo,2026-06,-4.136
11180,hpi_forecast_8q,2026-06,10.3841
11180,hpi_forecast_8q_hi,2026-06,31.4781
11180,hpi_forecast_8q_lo,2026-06,-5.9419
11180,hpi_surprise_4q,2026-06,2.1954
11180,hpi_trend_5y,2026-06,6.5658
11180,hpi_yoy_latest,2026-06,5.5783
11200,hpi_forecast_4q,2026-06,4.6196
11200,hpi_forecast_4q_hi,2026-06,14.6861
11200,hpi_forecast_4q_lo,2026-06,-4.214
11200,hpi_forecast_8q,2026-06,10.2927
11200,hpi_forecast_8q_hi,2026-06,31.451
11200,hpi_forecast_8q_lo,2026-06,-6.0794
11200,hpi_surprise_4q,2026-06,-3.3286
11200,hpi_trend_5y,2026-06,7.8071
11200,hpi_yoy_latest,2026-06,2.3919
11244,hpi_forecast_4q,2026-06,4.1077
11244,hpi_forecast_4q_hi,2026-06,14.0756
11244,hpi_forecast_4q_lo,2026-06,-4.7047
11244,hpi_forecast_8q,2026-06,9.1525
11244,hpi_forecast_8q_hi,2026-06,29.8379
11244,hpi_forecast_8q_lo,2026-06,-7.0273
11244,hpi_surprise_4q,2026-06,-1.2899
11244,hpi_trend_5y,2026-06,7.7856
11244,hpi_yoy_latest,2026-06,3.3451
11260,hpi_forecast_4q,2026-06,5.4572
11260,hpi_forecast_4q_hi,2026-06,15.7332
11260,hpi_forecast_4q_lo,2026-06,-3.4371
11260,hpi_forecast_8q,2026-06,11.7304
11260,hpi_forecast_8q_hi,2026-06,33.3311
11260,hpi_forecast_8q_lo,2026-06,-4.8636
11260,hpi_surprise_4q,2026-06,-0.4512
11260,hpi_trend_5y,2026-06,6.6658
11260,hpi_yoy_latest,2026-06,4.5273
11460,hpi_forecast_4q,2026-06,4.7146
11460,hpi_forecast_4q_hi,2026-06,14.8048
11460,hpi_forecast_4q_lo,2026-06,-4.1213
11460,hpi_forecast_8q,2026-06,10.4362
11460,hpi_forecast_8q_hi,2026-06,31.7568
11460,hpi_forecast_8q_lo,2026-06,-5.9592
11460,hpi_surprise_4q,2026-06,-1.2451
11460,hpi_trend_5y,2026-06,7.0109
11460,hpi_yoy_latest,2026-06,3.3501
11500,hpi_forecast_4q,2026-06,6.2943
11500,hpi_forecast_4q_hi,2026-06,16.8752
11500,hpi_forecast_4q_lo,2026-06,-2.7239
11500,hpi_forecast_8q,2026-06,13.3935
11500,hpi_forecast_8q_hi,2026-06,36.1103
11500,hpi_forecast_8q_lo,2026-06,-3.7616
11500,hpi_surprise_4q,2026-06,9.2742
11500,hpi_trend_5y,2026-06,8.6509
11500,hpi_yoy_latest,2026-06,12.0001
11540,hpi_forecast_4q,2026-06,5.55
11540,hpi_forecast_4q_hi,2026-06,15.9269
11540,hpi_forecast_4q_lo,2026-06,-3.4068
11540,hpi_forecast_8q,2026-06,11.7666
11540,hpi_forecast_8q_hi,2026-06,33.8586
11540,hpi_forecast_8q_lo,2026-06,-5.1418
11540,hpi_surprise_4q,2026-06,-0.732
11540,hpi_trend_5y,2026-06,9.4121
11540,hpi_yoy_latest,2026-06,5.0746
11694,hpi_forecast_4q,2026-06,4.0786
11694,hpi_forecast_4q_hi,2026-06,14.0778
11694,hpi_forecast_4q_lo,2026-06,-4.764
11694,hpi_forecast_8q,2026-06,9.2377
11694,hpi_forecast_8q_hi,2026-06,30.3205
11694,hpi_forecast_8q_lo,2026-06,-7.163
11694,hpi_surprise_4q,2026-06,-2.2751
11694,hpi_trend_5y,2026-06,6.0115
11694,hpi_yoy_latest,2026-06,2.6268
11700,hpi_forecast_4q,2026-06,2.5142
11700,hpi_forecast_4q_hi,2026-06,12.2463
11700,hpi_forecast_4q_lo,2026-06,-6.3134
11700,hpi_forecast_8q,2026-06,5.9207
11700,hpi_forecast_8q_hi,2026-06,26.1384
11700,hpi_forecast_8q_lo,2026-06,-10.2199
11700,hpi_surprise_4q,2026-06,-2.8896
11700,hpi_trend_5y,2026-06,7.7547
11700,hpi_yoy_latest,2026-06,1.3603
12020,hpi_forecast_4q,2026-06,3.3291
12020,hpi_forecast_4q_hi,2026-06,13.2157
12020,hpi_forecast_4q_lo,2026-06,-5.5088
12020,hpi_forecast_8q,2026-06,7.3944
12020,hpi_forecast_8q_hi,2026-06,27.8757
12020,hpi_forecast_8q_lo,2026-06,-8.7826
12020,hpi_surprise_4q,2026-06,-4.657
12020,hpi_trend_5y,2026-06,9.1388
12020,hpi_yoy_latest,2026-06,1.012
12054,hpi_forecast_4q,2026-06,2.5565
12054,hpi_forecast_4q_hi,2026-06,12.1933
12054,hpi_forecast_4q_lo,2026-06,-6.2047
12054,hpi_forecast_8q,2026-06,6.2583
12054,hpi_forecast_8q_hi,2026-06,26.1847
12054,hpi_forecast_8q_lo,2026-06,-9.6848
12054,hpi_surprise_4q,2026-06,-2.2305
12054,hpi_trend_5y,2026-06,7.3649
12054,hpi_yoy_latest,2026-06,1.0387
12100,hpi_forecast_4q,2026-06,6.6759
12100,hpi_forecast_4q_hi,2026-06,17.3659
12100,hpi_forecast_4q_lo,2026-06,-2.3644
12100,hpi_forecast_8q,2026-06,13.8301
12100,hpi_forecast_8q_hi,2026-06,36.7708
12100,hpi_forecast_8q_lo,2026-06,-3.4367
12100,hpi_surprise_4q,2026-06,-0.3072
12100,hpi_trend_5y,2026-06,11.0535
12100,hpi_yoy_latest,2026-06,6.1596
12220,hpi_forecast_4q,2026-06,4.0384
12220,hpi_forecast_4q_hi,2026-06,14.1037
12220,hpi_forecast_4q_lo,2026-06,-4.8661
12220,hpi_forecast_8q,2026-06,8.8623
12220,hpi_forecast_8q_hi,2026-06,30.1297
12220,hpi_forecast_8q_lo,2026-06,-7.7374
12220,hpi_surprise_4q,2026-06,-5.5074
12220,hpi_trend_5y,2026-06,7.7888
12220,hpi_yoy_latest,2026-06,1.2545
12260,hpi_forecast_4q,2026-06,4.6188
12260,hpi_forecast_4q_hi,2026-06,14.7995
12260,hpi_forecast_4q_lo,2026-06,-4.3052
12260,hpi_forecast_8q,2026-06,10.1161
12260,hpi_forecast_8q_hi,2026-06,31.815
12260,hpi_forecast_8q_lo,2026-06,-6.6587
12260,hpi_surprise_4q,2026-06,0.4287
12260,hpi_trend_5y,2026-06,8.3274
12260,hpi_yoy_latest,2026-06,5.01
12420,hpi_forecast_4q,2026-06,1.6978
12420,hpi_forecast_4q_hi,2026-06,11.1905
12420,hpi_forecast_4q_lo,2026-06,-7.0563
12420,hpi_forecast_8q,2026-06,4.4345
12420,hpi_forecast_8q_hi,2026-06,23.9871
12420,hpi_forecast_8q_lo,2026-06,-11.435
12420,hpi_surprise_4q,2026-06,-1.1784
12420,hpi_trend_5y,2026-06,2.8786
12420,hpi_yoy_latest,2026-06,0.3369
12540,hpi_forecast_4q,2026-06,3.9363
12540,hpi_forecast_4q_hi,2026-06,13.9151
12540,hpi_forecast_4q_lo,2026-06,-4.9194
12540,hpi_forecast_8q,2026-06,8.5783
12540,hpi_forecast_8q_hi,2026-06,29.2356
12540,hpi_forecast_8q_lo,2026-06,-7.6936
12540,hpi_surprise_4q,2026-06,-3.7767
12540,hpi_trend_5y,2026-06,6.309
12540,hpi_yoy_latest,2026-06,0.4684
12580,hpi_forecast_4q,2026-06,3.7477
12580,hpi_forecast_4q_hi,2026-06,13.6351
12580,hpi_forecast_4q_lo,2026-06,-5.0686
12580,hpi_forecast_8q,2026-06,8.605
12580,hpi_forecast_8q_hi,2026-06,29.2441
12580,hpi_forecast_8q_lo,2026-06,-7.6041
12580,hpi_surprise_4q,2026-06,-1.4482
12580,hpi_trend_5y,2026-06,5.6722
12580,hpi_yoy_latest,2026-06,2.7251
12620,hpi_forecast_4q,2026-06,3.1474
12620,hpi_forecast_4q_hi,2026-06,12.9453
12620,hpi_forecast_4q_lo,2026-06,-5.6991
12620,hpi_forecast_8q,2026-06,7.5387
12620,hpi_forecast_8q_hi,2026-06,28.0826
12620,hpi_forecast_8q_lo,2026-06,-8.7769
12620,hpi_surprise_4q,2026-06,-6.8157
12620,hpi_trend_5y,2026-06,9.2483
12620,hpi_yoy_latest,2026-06,-0.5402
12700,hpi_forecast_4q,2026-06,5.0041
12700,hpi_forecast_4q_hi,2026-06,15.2737
12700,hpi_forecast_4q_lo,2026-06,-3.9469
12700,hpi_forecast_8q,2026-06,10.8924
12700,hpi_forecast_8q_hi,2026-06,32.6725
12700,hpi_forecast_8q_lo,2026-06,-5.8856
12700,hpi_surprise_4q,2026-06,-0.0142
12700,hpi_trend_5y,2026-06,8.9123
12700,hpi_yoy_latest,2026-06,4.326
12940,hpi_forecast_4q,2026-06,4.0696
12940,hpi_forecast_4q_hi,2026-06,14.1377
12940,hpi_forecast_4q_lo,2026-06,-4.8497
12940,hpi_forecast_8q,2026-06,8.9732
12940,hpi_forecast_8q_hi,2026-06,30.1869
12940,hpi_forecast_8q_lo,2026-06,-7.6252
12940,hpi_surprise_4q,2026-06,-0.9562
12940,hpi_trend_5y,2026-06,4.4648
12940,hpi_yoy_latest,2026-06,2.8196
12980,hpi_forecast_4q,2026-06,6.5497
12980,hpi_forecast_4q_hi,2026-06,17.1124
12980,hpi_forecast_4q_lo,2026-06,-2.4253
12980,hpi_forecast_8q,2026-06,13.9038
12980,hpi_forecast_8q_hi,2026-06,36.4325
12980,hpi_forecast_8q_lo,2026-06,-3.1142
12980,hpi_surprise_4q,2026-06,4.5138
12980,hpi_trend_5y,2026-06,8.2528
12980,hpi_yoy_latest,2026-06,8.8812
13020,hpi_forecast_4q,2026-06,5.8364
13020,hpi_forecast_4q_hi,2026-06,16.2112
13020,hpi_forecast_4q_lo,2026-06,-3.1067
13020,hpi_forecast_8q,2026-06,12.5537
13020,hpi_forecast_8q_hi,2026-06,34.526
13020,hpi_forecast_8q_lo,2026-06,-4.295
13020,hpi_surprise_4q,2026-06,0.6701
13020,hpi_trend_5y,2026-06,8.5898
13020,hpi_yoy_latest,2026-06,5.1374
13140,hpi_forecast_4q,2026-06,4.6954
13140,hpi_forecast_4q_hi,2026-06,14.8142
13140,hpi_forecast_4q_lo,2026-06,-4.1621
13140,hpi_forecast_8q,2026-06,10.1592
13140,hpi_forecast_8q_hi,2026-06,31.2137
13140,hpi_forecast_8q_lo,2026-06,-6.2217
13140,hpi_surprise_4q,2026-06,-1.0104
13140,hpi_trend_5y,2026-06,5.9129
13140,hpi_yoy_latest,2026-06,3.3584
13220,hpi_forecast_4q,2026-06,5.4271
13220,hpi_forecast_4q_hi,2026-06,15.718
13220,hpi_forecast_4q_lo,2026-06,-3.4749
13220,hpi_forecast_8q,2026-06,11.7742
13220,hpi_forecast_8q_hi,2026-06,33.4467
13220,hpi_forecast_8q_lo,2026-06,-4.8735
13220,hpi_surprise_4q,2026-06,5.9551
13220,hpi_trend_5y,2026-06,8.8521
13220,hpi_yoy_latest,2026-06,9.9882
13380,hpi_forecast_4q,2026-06,3.638
13380,hpi_forecast_4q_hi,2026-06,13.57
13380,hpi_forecast_4q_lo,2026-06,-5.2205
13380,hpi_forecast_8q,2026-06,8.427
13380,hpi_forecast_8q_hi,2026-06,29.3993
13380,hpi_forecast_8q_lo,2026-06,-8.031
13380,hpi_surprise_4q,2026-06,-4.435
13380,hpi_trend_5y,2026-06,6.0837
13380,hpi_yoy_latest,2026-06,0.4857
13460,hpi_forecast_4q,2026-06,2.5797
13460,hpi_forecast_4q_hi,2026-06,12.4768
13460,hpi_forecast_4q_lo,2026-06,-6.3704
13460,hpi_forecast_8q,2026-06,5.823
13460,hpi_forecast_8q_hi,2026-06,26.6882
13460,hpi_forecast_8q_lo,2026-06,-10.7907
13460,hpi_surprise_4q,2026-06,-2.6599
13460,hpi_trend_5y,2026-06,5.2639
13460,hpi_yoy_latest,2026-06,0.6511
13740,hpi_forecast_4q,2026-06,4.4947
13740,hpi_forecast_4q_hi,2026-06,14.6736
13740,hpi_forecast_4q_lo,2026-06,-4.44
13740,hpi_forecast_8q,2026-06,9.9473
13740,hpi_forecast_8q_hi,2026-06,31.734
13740,hpi_forecast_8q_lo,2026-06,-6.85
13740,hpi_surprise_4q,2026-06,1.0906
13740,hpi_trend_5y,2026-06,7.0947
13740,hpi_yoy_latest,2026-06,4.4085
13780,hpi_forecast_4q,2026-06,4.2189
13780,hpi_forecast_4q_hi,2026-06,14.2262
13780,hpi_forecast_4q_lo,2026-06,-4.6464
13780,hpi_forecast_8q,2026-06,9.4831
13780,hpi_forecast_8q_hi,2026-06,30.465
13780,hpi_forecast_8q_lo,2026-06,-6.9369
13780,hpi_surprise_4q,2026-06,-4.8631
13780,hpi_trend_5y,2026-06,8.5792
13780,hpi_yoy_latest,2026-06,1.7879
13820,hpi_forecast_4q,2026-06,4.0801
13820,hpi_forecast_4q_hi,2026-06,14.0473
13820,hpi_forecast_4q_lo,2026-06,-4.7587
13820,hpi_forecast_8q,2026-06,9.1694
13820,hpi_forecast_8q_hi,2026-06,30.0117
13820,hpi_forecast_8q_lo,2026-06,-7.1659
13820,hpi_surprise_4q,2026-06,-0.5987
13820,hpi_trend_5y,2026-06,6.7867
13820,hpi_yoy_latest,2026-06,3.4135
13900,hpi_forecast_4q,2026-06,4.9633
13900,hpi_forecast_4q_hi,2026-06,15.1036
13900,hpi_forecast_4q_lo,2026-06,-3.8956
13900,hpi_forecast_8q,2026-06,11.0598
13900,hpi_forecast_8q_hi,2026-06,32.6811
13900,hpi_forecast_8q_lo,2026-06,-5.5292
13900,hpi_surprise_4q,2026-06,1.9958
13900,hpi_trend_5y,2026-06,5.9957
13900,hpi_yoy_latest,2026-06,6.1511
13980,hpi_forecast_4q,2026-06,5.2901
13980,hpi_forecast_4q_hi,2026-06,15.5692
13980,hpi_forecast_4q_lo,2026-06,-3.6232
13980,hpi_forecast_8q,2026-06,11.4685
13980,hpi_forecast_8q_hi,2026-06,33.2766
13980,hpi_forecast_8q_lo,2026-06,-5.2624
13980,hpi_surprise_4q,2026-06,1.5815
13980,hpi_trend_5y,2026-06,7.8044
13980,hpi_yoy_latest,2026-06,5.6536
14010,hpi_forecast_4q,2026-06,6.4307
14010,hpi_forecast_4q_hi,2026-06,16.9198
14010,hpi_forecast_4q_lo,2026-06,-2.4964
14010,hpi_forecast_8q,2026-06,13.5613
14010,hpi_forecast_8q_hi,2026-06,35.8071
14010,hpi_forecast_8q_lo,2026-06,-3.268
14010,hpi_surprise_4q,2026-06,4.4483
14010,hpi_trend_5y,2026-06,8.7564
14010,hpi_yoy_latest,2026-06,8.7138
14020,hpi_forecast_4q,2026-06,3.3838
14020,hpi_forecast_4q_hi,2026-06,13.2978
14020,hpi_forecast_4q_lo,2026-06,-5.4782
14020,hpi_forecast_8q,2026-06,7.6401
14020,hpi_forecast_8q_hi,2026-06,28.4379
14020,hpi_forecast_8q_lo,2026-06,-8.7139
14020,hpi_surprise_4q,2026-06,-4.4091
14020,hpi_trend_5y,2026-06,6.0016
14020,hpi_yoy_latest,2026-06,0.4009
14260,hpi_forecast_4q,2026-06,3.6911
14260,hpi_forecast_4q_hi,2026-06,13.8106
14260,hpi_forecast_4q_lo,2026-06,-5.3122
14260,hpi_forecast_8q,2026-06,8.0487
14260,hpi_forecast_8q_hi,2026-06,29.6309
14260,hpi_forecast_8q_lo,2026-06,-8.9287
14260,hpi_surprise_4q,2026-06,-0.5828
14260,hpi_trend_5y,2026-06,4.6774
14260,hpi_yoy_latest,2026-06,3.6516
14454,hpi_forecast_4q,2026-06,4.4763
14454,hpi_forecast_4q_hi,2026-06,14.4671
14454,hpi_forecast_4q_lo,2026-06,-4.3389
14454,hpi_forecast_8q,2026-06,9.962
14454,hpi_forecast_8q_hi,2026-06,30.8055
14454,hpi_forecast_8q_lo,2026-06,-6.2888
14454,hpi_surprise_4q,2026-06,-1.6372
14454,hpi_trend_5y,2026-06,6.9208
14454,hpi_yoy_latest,2026-06,3.2043
14500,hpi_forecast_4q,2026-06,1.7352
14500,hpi_forecast_4q_hi,2026-06,11.1866
14500,hpi_forecast_4q_lo,2026-06,-6.9572
14500,hpi_forecast_8q,2026-06,4.7622
14500,hpi_forecast_8q_hi,2026-06,24.2979
14500,hpi_forecast_8q_lo,2026-06,-10.9053
14500,hpi_surprise_4q,2026-06,-5.3076
14500,hpi_trend_5y,2026-06,4.1441
14500,hpi_yoy_latest,2026-06,-2.2589
14540,hpi_forecast_4q,2026-06,4.1613
14540,hpi_forecast_4q_hi,2026-06,14.2098
14540,hpi_forecast_4q_lo,2026-06,-4.7237
14540,hpi_forecast_8q,2026-06,9.2537
14540,hpi_forecast_8q_hi,2026-06,30.6239
14540,hpi_forecast_8q_lo,2026-06,-7.3939
14540,hpi_surprise_4q,2026-06,-1.8154
14540,hpi_trend_5y,2026-06,7.735
14540,hpi_yoy_latest,2026-06,2.8287
14580,hpi_forecast_4q,2026-06,4.1764
14580,hpi_forecast_4q_hi,2026-06,14.356
14580,hpi_forecast_4q_lo,2026-06,-4.7945
14580,hpi_forecast_8q,2026-06,8.7115
14580,hpi_forecast_8q_hi,2026-06,30.2524
14580,hpi_forecast_8q_lo,2026-06,-8.1053
14580,hpi_surprise_4q,2026-06,1.055
14580,hpi_trend_5y,2026-06,7.3128
14580,hpi_yoy_latest,2026-06,4.1267
14740,hpi_forecast_4q,2026-06,3.3689
14740,hpi_forecast_4q_hi,2026-06,13.2823
14740,hpi_forecast_4q_lo,2026-06,-5.5036
14740,hpi_forecast_8q,2026-06,7.7146
14740,hpi_forecast_8q_hi,2026-06,28.5767
14740,hpi_forecast_8q_lo,2026-06,-8.7318
14740,hpi_surprise_4q,2026-06,-4.3608
14740,hpi_trend_5y,2026-06,4.6886
14740,hpi_yoy_latest,2026-06,0.1262
14860,hpi_forecast_4q,2026-06,6.4467
14860,hpi_forecast_4q_hi,2026-06,16.9957
14860,hpi_forecast_4q_lo,2026-06,-2.5564
14860,hpi_forecast_8q,2026-06,13.0497
14860,hpi_forecast_8q_hi,2026-06,35.3612
14860,hpi_forecast_8q_lo,2026-06,-4.0322
14860,hpi_surprise_4q,2026-06,-1.1383
14860,hpi_trend_5y,2026-06,8.9173
14860,hpi_yoy_latest,2026-06,5.1482
15180,hpi_forecast_4q,2026-06,4.4747
15180,hpi_forecast_4q_hi,2026-06,14.5712
15180,hpi_forecast_4q_lo,2026-06,-4.3916
15180,hpi_forecast_8q,2026-06,9.7749
15180,hpi_forecast_8q_hi,2026-06,31.132
15180,hpi_forecast_8q_lo,2026-06,-6.7406
15180,hpi_surprise_4q,2026-06,2.2698
15180,hpi_trend_5y,2026-06,8.1126
15180,hpi_yoy_latest,2026-06,4.3653
15260,hpi_forecast_4q,2026-06,0.5938
15260,hpi_forecast_4q_hi,2026-06,9.7755
15260,hpi_forecast_4q_lo,2026-06,-8.0582
15260,hpi_forecast_8q,2026-06,2.7785
15260,hpi_forecast_8q_hi,2026-06,21.534
15260,hpi_forecast_8q_lo,2026-06,-12.6594
15260,hpi_surprise_4q,2026-06,-11.2493
15260,hpi_trend_5y,2026-06,8.2131
15260,hpi_yoy_latest,2026-06,-4.9023
15380,hpi_forecast_4q,2026-06,5.3559
15380,hpi_forecast_4q_hi,2026-06,15.5902
15380,hpi_forecast_4q_lo,2026-06,-3.5308
15380,hpi_forecast_8q,2026-06,11.6708
15380,hpi_forecast_8q_hi,2026-06,33.2315
15380,hpi_forecast_8q_lo,2026-06,-4.9205
15380,hpi_surprise_4q,2026-06,-1.3811
15380,hpi_trend_5y,2026-06,8.5585
15380,hpi_yoy_latest,2026-06,4.3613
15500,hpi_forecast_4q,2026-06,4.3074
15500,hpi_forecast_4q_hi,2026-06,14.5474
15500,hpi_forecast_4q_lo,2026-06,-4.6981
15500,hpi_forecast_8q,2026-06,9.1559
15500,hpi_forecast_8q_hi,2026-06,31.0882
15500,hpi_forecast_8q_lo,2026-06,-7.9404
15500,hpi_surprise_4q,2026-06,1.5081
15500,hpi_trend_5y,2026-06,9.5611
15500,hpi_yoy_latest,2026-06,5.4011
15540,hpi_forecast_4q,2026-06,2.7538
15540,hpi_forecast_4q_hi,2026-06,12.4404
15540,hpi_forecast_4q_lo,2026-06,-6.0174
15540,hpi_forecast_8q,2026-06,6.5702
15540,hpi_forecast_8q_hi,2026-06,26.6571
15540,hpi_forecast_8q_lo,2026-06,-9.441
15540,hpi_surprise_4q,2026-06,-3.4789
15540,hpi_trend_5y,2026-06,8.2855
15540,hpi_yoy_latest,2026-06,0.8423
15764,hpi_forecast_4q,2026-06,4.43
15764,hpi_forecast_4q_hi,2026-06,14.4329
15764,hpi_forecast_4q_lo,2026-06,-4.3693
15764,hpi_forecast_8q,2026-06,9.7912
15764,hpi_forecast_8q_hi,2026-06,30.6405
15764,hpi_forecast_8q_lo,2026-06,-6.4604
15764,hpi_surprise_4q,2026-06,-2.0123
15764,hpi_trend_5y,2026-06,6.9084
15764,hpi_yoy_latest,2026-06,2.8464
15804,hpi_forecast_4q,2026-06,5.2771
15804,hpi_forecast_4q_hi,2026-06,15.5155
15804,hpi_forecast_4q_lo,2026-06,-3.6154
15804,hpi_forecast_8q,2026-06,11.5373
15804,hpi_forecast_8q_hi,2026-06,33.222
15804,hpi_forecast_8q_lo,2026-06,-5.1278
15804,hpi_surprise_4q,2026-06,-1.3872
15804,hpi_trend_5y,2026-06,10.31
15804,hpi_yoy_latest,2026-06,4.6534
15940,hpi_forecast_4q,2026-06,5.9057
15940,hpi_forecast_4q_hi,2026-06,16.3455
15940,hpi_forecast_4q_lo,2026-06,-3.0616
15940,hpi_forecast_8q,2026-06,12.7067
15940,hpi_forecast_8q_hi,2026-06,35.0004
15940,hpi_forecast_8q_lo,2026-06,-4.2569
15940,hpi_surprise_4q,2026-06,1.3834
15940,hpi_trend_5y,2026-06,8.3101
15940,hpi_yoy_latest,2026-06,6.8387
15980,hpi_forecast_4q,2026-06,0.3247
15980,hpi_forecast_4q_hi,2026-06,9.6015
15980,hpi_forecast_4q_lo,2026-06,-8.4096
15980,hpi_forecast_8q,2026-06,1.8252
15980,hpi_forecast_8q_hi,2026-06,21.0179
15980,hpi_forecast_8q_lo,2026-06,-13.9299
15980,hpi_surprise_4q,2026-06,0.1871
15980,hpi_trend_5y,2026-06,5.0325
15980,hpi_yoy_latest,2026-06,-0.8971
16020,hpi_forecast_4q,2026-06,5.0391
16020,hpi_forecast_4q_hi,2026-06,15.1279
16020,hpi_forecast_4q_lo,2026-06,-3.7777
16020,hpi_forecast_8q,2026-06,11.4638
16020,hpi_forecast_8q_hi,2026-06,32.9089
16020,hpi_forecast_8q_lo,2026-06,-5.0242
16020,hpi_surprise_4q,2026-06,-0.1411
16020,hpi_trend_5y,2026-06,6.8031
16020,hpi_yoy_latest,2026-06,4.7053
16180,hpi_forecast_4q,2026-06,3.4439
16180,hpi_forecast_4q_hi,2026-06,13.4438
16180,hpi_forecast_4q_lo,2026-06,-5.4906
16180,hpi_forecast_8q,2026-06,7.5681
16180,hpi_forecast_8q_hi,2026-06,28.6373
16180,hpi_forecast_8q_lo,2026-06,-9.0952
16180,hpi_surprise_4q,2026-06,-1.1885
16180,hpi_trend_5y,2026-06,5.0154
16180,hpi_yoy_latest,2026-06,2.2402
16220,hpi_forecast_4q,2026-06,3.889
16220,hpi_forecast_4q_hi,2026-06,13.8242
16220,hpi_forecast_4q_lo,2026-06,-4.9387
16220,hpi_forecast_8q,2026-06,9.0766
16220,hpi_forecast_8q_hi,2026-06,30.0955
16220,hpi_forecast_8q_lo,2026-06,-7.3253
16220,hpi_surprise_4q,2026-06,-4.8957
16220,hpi_trend_5y,2026-06,6.8849
16220,hpi_yoy_latest,2026-06,0.9819
16300,hpi_forecast_4q,2026-06,5.3138
16300,hpi_forecast_4q_hi,2026-06,15.5713
16300,hpi_forecast_4q_lo,2026-06,-3.5833
16300,hpi_forecast_8q,2026-06,11.606
16300,hpi_forecast_8q_hi,2026-06,33.4032
16300,hpi_forecast_8q_lo,2026-06,-5.1066
16300,hpi_surprise_4q,2026-06,0.664
16300,hpi_trend_5y,2026-06,6.202
16300,hpi_yoy_latest,2026-06,4.8526
16540,hpi_forecast_4q,2026-06,4.1022
16540,hpi_forecast_4q_hi,2026-06,14.1638
16540,hpi_forecast_4q_lo,2026-06,-4.8025
16540,hpi_forecast_8q,2026-06,9.0747
16540,hpi_forecast_8q_hi,2026-06,30.2749
16540,hpi_forecast_8q_lo,2026-06,-7.5318
16540,hpi_surprise_4q,2026-06,-1.4684
16540,hpi_trend_5y,2026-06,7.5585
16540,hpi_yoy_latest,2026-06,3.3577
16580,hpi_forecast_4q,2026-06,6.0412
16580,hpi_forecast_4q_hi,2026-06,16.4535
16580,hpi_forecast_4q_lo,2026-06,-2.8721
16580,hpi_forecast_8q,2026-06,12.8632
16580,hpi_forecast_8q_hi,2026-06,35.1127
16580,hpi_forecast_8q_lo,2026-06,-3.951
16580,hpi_surprise_4q,2026-06,-0.1464
16580,hpi_trend_5y,2026-06,8.0786
16580,hpi_yoy_latest,2026-06,5.3864
16620,hpi_forecast_4q,2026-06,5.8069
16620,hpi_forecast_4q_hi,2026-06,16.2206
16620,hpi_forecast_4q_lo,2026-06,-3.1549
16620,hpi_forecast_8q,2026-06,12.5913
16620,hpi_forecast_8q_hi,2026-06,34.7977
16620,hpi_forecast_8q_lo,2026-06,-4.3473
16620,hpi_surprise_4q,2026-06,6.5802
16620,hpi_trend_5y,2026-06,6.9823
16620,hpi_yoy_latest,2026-06,10.5361
16700,hpi_forecast_4q,2026-06,4.612
16700,hpi_forecast_4q_hi,2026-06,14.8814
16700,hpi_forecast_4q_lo,2026-06,-4.3709
16700,hpi_forecast_8q,2026-06,9.9342
16700,hpi_forecast_8q_hi,2026-06,31.9291
16700,hpi_forecast_8q_lo,2026-06,-7.0786
16700,hpi_surprise_4q,2026-06,-0.5792
16700,hpi_trend_5y,2026-06,10.0797
16700,hpi_yoy_latest,2026-06,4.7309
16740,hpi_forecast_4q,2026-06,3.2788
16740,hpi_forecast_4q_hi,2026-06,13.1962
16740,hpi_forecast_4q_lo,2026-06,-5.6219
16740,hpi_forecast_8q,2026-06,7.5929
16740,hpi_forecast_8q_hi,2026-06,28.6277
16740,hpi_forecast_8q_lo,2026-06,-8.9858
16740,hpi_surprise_4q,2026-06,-3.0083
16740,hpi_trend_5y,2026-06,8.4382
16740,hpi_yoy_latest,2026-06,1.4513
16820,hpi_forecast_4q,2026-06,4.3133
16820,hpi_forecast_4q_hi,2026-06,14.5154
16820,hpi_forecast_4q_lo,2026-06,-4.6352
16820,hpi_forecast_8q,2026-06,9.1877
16820,hpi_forecast_8q_hi,2026-06,30.8516
16820,hpi_forecast_8q_lo,2026-06,-7.6092
16820,hpi_surprise_4q,2026-06,-2.3901
16820,hpi_trend_5y,2026-06,8.0008
16820,hpi_yoy_latest,2026-06,3.0499
16860,hpi_forecast_4q,2026-06,3.4283
16860,hpi_forecast_4q_hi,2026-06,13.2822
16860,hpi_forecast_4q_lo,2026-06,-5.4058
16860,hpi_forecast_8q,2026-06,8.0364
16860,hpi_forecast_8q_hi,2026-06,28.7539
16860,hpi_forecast_8q_lo,2026-06,-8.3059
16860,hpi_surprise_4q,2026-06,-2.3589
16860,hpi_trend_5y,2026-06,8.6645
16860,hpi_yoy_latest,2026-06,1.9167
16940,hpi_forecast_4q,2026-06,5.6584
16940,hpi_forecast_4q_hi,2026-06,16.1137
16940,hpi_forecast_4q_lo,2026-06,-3.3366
16940,hpi_forecast_8q,2026-06,12.2318
16940,hpi_forecast_8q_hi,2026-06,34.8709
16940,hpi_forecast_8q_lo,2026-06,-4.9777
16940,hpi_surprise_4q,2026-06,-0.1054
16940,hpi_trend_5y,2026-06,6.6014
16940,hpi_yoy_latest,2026-06,5.1567
16984,hpi_forecast_4q,2026-06,6.3261
16984,hpi_forecast_4q_hi,2026-06,16.8361
16984,hpi_forecast_4q_lo,2026-06,-2.6288
16984,hpi_forecast_8q,2026-06,13.4862
16984,hpi_forecast_8q_hi,2026-06,35.9923
16984,hpi_forecast_8q_lo,2026-06,-3.5032
16984,hpi_surprise_4q,2026-06,0.4491
16984,hpi_trend_5y,2026-06,7.7865
16984,hpi_yoy_latest,2026-06,6.2027
17020,hpi_forecast_4q,2026-06,2.7933
17020,hpi_forecast_4q_hi,2026-06,12.629
17020,hpi_forecast_4q_lo,2026-06,-6.0679
17020,hpi_forecast_8q,2026-06,6.5089
17020,hpi_forecast_8q_hi,2026-06,27.0133
17020,hpi_forecast_8q_lo,2026-06,-9.7914
17020,hpi_surprise_4q,2026-06,-5.7529
17020,hpi_trend_5y,2026-06,2.4941
17020,hpi_yoy_latest,2026-06,-2.0926
17140,hpi_forecast_4q,2026-06,4.9284
17140,hpi_forecast_4q_hi,2026-06,15.0739
17140,hpi_forecast_4q_lo,2026-06,-3.9419
17140,hpi_forecast_8q,2026-06,10.8479
17140,hpi_forecast_8q_hi,2026-06,32.25
17140,hpi_forecast_8q_lo,2026-06,-5.7115
17140,hpi_surprise_4q,2026-06,-1.3184
17140,hpi_trend_5y,2026-06,8.4332
17140,hpi_yoy_latest,2026-06,3.768
17300,hpi_forecast_4q,2026-06,3.6303
17300,hpi_forecast_4q_hi,2026-06,13.5723
17300,hpi_forecast_4q_lo,2026-06,-5.2202
17300,hpi_forecast_8q,2026-06,8.0237
17300,hpi_forecast_8q_hi,2026-06,28.8822
17300,hpi_forecast_8q_lo,2026-06,-8.3459
17300,hpi_surprise_4q,2026-06,-2.721
17300,hpi_trend_5y,2026-06,8.3531
17300,hpi_yoy_latest,2026-06,2.1333
17410,hpi_forecast_4q,2026-06,5.1538
17410,hpi_forecast_4q_hi,2026-06,15.389
17410,hpi_forecast_4q_lo,2026-06,-3.7487
17410,hpi_forecast_8q,2026-06,11.2637
17410,hpi_forecast_8q_hi,2026-06,32.9126
17410,hpi_forecast_8q_lo,2026-06,-5.3923
17410,hpi_surprise_4q,2026-06,-1.6886
17410,hpi_trend_5y,2026-06,8.1655
17410,hpi_yoy_latest,2026-06,4.3502
17420,hpi_forecast_4q,2026-06,4.4378
17420,hpi_forecast_4q_hi,2026-06,14.6342
17420,hpi_forecast_4q_lo,2026-06,-4.5265
17420,hpi_forecast_8q,2026-06,9.7354
17420,hpi_forecast_8q_hi,2026-06,31.5141
17420,hpi_forecast_8q_lo,2026-06,-7.1833
17420,hpi_surprise_4q,2026-06,1.6226
17420,hpi_trend_5y,2026-06,9.1679
17420,hpi_yoy_latest,2026-06,5.3209
17660,hpi_forecast_4q,2026-06,4.8315
17660,hpi_forecast_4q_hi,2026-06,15.1793
17660,hpi_forecast_4q_lo,2026-06,-4.2043
17660,hpi_forecast_8q,2026-06,10.4546
17660,hpi_forecast_8q_hi,2026-06,32.8967
17660,hpi_forecast_8q_lo,2026-06,-6.8132
17660,hpi_surprise_4q,2026-06,-1.6747
17660,hpi_trend_5y,2026-06,5.92
17660,hpi_yoy_latest,2026-06,3.4508
17780,hpi_forecast_4q,2026-06,2.9884
17780,hpi_forecast_4q_hi,2026-06,12.807
17780,hpi_forecast_4q_lo,2026-06,-5.8534
17780,hpi_forecast_8q,2026-06,6.7757
17780,hpi_forecast_8q_hi,2026-06,27.2638
17780,hpi_forecast_8q_lo,2026-06,-9.4491
17780,hpi_surprise_4q,2026-06,-8.293
17780,hpi_trend_5y,2026-06,7.3205
17780,hpi_yoy_latest,2026-06,-2.229
17820,hpi_forecast_4q,2026-06,2.6466
17820,hpi_forecast_4q_hi,2026-06,12.3389
17820,hpi_forecast_4q_lo,2026-06,-6.1046
17820,hpi_forecast_8q,2026-06,6.2901
17820,hpi_forecast_8q_hi,2026-06,26.3887
17820,hpi_forecast_8q_lo,2026-06,-9.6673
17820,hpi_surprise_4q,2026-06,-2.8576
17820,hpi_trend_5y,2026-06,4.1938
17820,hpi_yoy_latest,2026-06,0.1175
17860,hpi_forecast_4q,2026-06,4.1859
17860,hpi_forecast_4q_hi,2026-06,14.1935
17860,hpi_forecast_4q_lo,2026-06,-4.6525
17860,hpi_forecast_8q,2026-06,9.3266
17860,hpi_forecast_8q_hi,2026-06,30.276
17860,hpi_forecast_8q_lo,2026-06,-7.005
17860,hpi_surprise_4q,2026-06,-1.6981
17860,hpi_trend_5y,2026-06,7.8553
17860,hpi_yoy_latest,2026-06,3.2642
17900,hpi_forecast_4q,2026-06,4.4128
17900,hpi_forecast_4q_hi,2026-06,14.6164
17900,hpi_forecast_4q_lo,2026-06,-4.5526
17900,hpi_forecast_8q,2026-06,9.4878
17900,hpi_forecast_8q_hi,2026-06,31.0675
17900,hpi_forecast_8q_lo,2026-06,-7.3027
17900,hpi_surprise_4q,2026-06,-1.6578
17900,hpi_trend_5y,2026-06,8.6804
17900,hpi_yoy_latest,2026-06,3.5699
17980,hpi_forecast_4q,2026-06,3.9253
17980,hpi_forecast_4q_hi,2026-06,13.8308
17980,hpi_forecast_4q_lo,2026-06,-4.8916
17980,hpi_forecast_8q,2026-06,8.8547
17980,hpi_forecast_8q_hi,2026-06,29.388
17980,hpi_forecast_8q_lo,2026-06,-7.3378
17980,hpi_surprise_4q,2026-06,-3.833
17980,hpi_trend_5y,2026-06,7.334
17980,hpi_yoy_latest,2026-06,1.4323
18020,hpi_forecast_4q,2026-06,5.4575
18020,hpi_forecast_4q_hi,2026-06,15.8158
18020,hpi_forecast_4q_lo,2026-06,-3.4992
18020,hpi_forecast_8q,2026-06,11.8442
18020,hpi_forecast_8q_hi,2026-06,33.9865
18020,hpi_forecast_8q_lo,2026-06,-5.0347
18020,hpi_surprise_4q,2026-06,-1.8209
18020,hpi_trend_5y,2026-06,7.3978
18020,hpi_yoy_latest,2026-06,3.6227
18140,hpi_forecast_4q,2026-06,4.3268
18140,hpi_forecast_4q_hi,2026-06,14.448
18140,hpi_forecast_4q_lo,2026-06,-4.5839
18140,hpi_forecast_8q,2026-06,9.4508
18140,hpi_forecast_8q_hi,2026-06,30.8944
18140,hpi_forecast_8q_lo,2026-06,-7.1916
18140,hpi_surprise_4q,2026-06,-1.6748
18140,hpi_trend_5y,2026-06,7.8802
18140,hpi_yoy_latest,2026-06,3.3433
18580,hpi_forecast_4q,2026-06,2.5383
18580,hpi_forecast_4q_hi,2026-06,12.1316
18580,hpi_forecast_4q_lo,2026-06,-6.1846
18580,hpi_forecast_8q,2026-06,6.3352
18580,hpi_forecast_8q_hi,2026-06,26.2059
18580,hpi_forecast_8q_lo,2026-06,-9.5087
18580,hpi_surprise_4q,2026-06,-0.5827
18580,hpi_trend_5y,2026-06,5.0881
18580,hpi_yoy_latest,2026-06,1.397
18700,hpi_forecast_4q,2026-06,4.2589
18700,hpi_forecast_4q_hi,2026-06,14.3496
18700,hpi_forecast_4q_lo,2026-06,-4.634
18700,hpi_forecast_8q,2026-06,9.3167
18700,hpi_forecast_8q_hi,2026-06,30.5264
18700,hpi_forecast_8q_lo,2026-06,-7.2129
18700,hpi_surprise_4q,2026-06,2.2042
18700,hpi_trend_5y,2026-06,6.357
18700,hpi_yoy_latest,2026-06,5.077
18880,hpi_forecast_4q,2026-06,4.8241
18880,hpi_forecast_4q_hi,2026-06,15.1703
18880,hpi_forecast_4q_lo,2026-06,-4.1953
18880,hpi_forecast_8q,2026-06,10.1877
18880,hpi_forecast_8q_hi,2026-06,32.4916
18880,hpi_forecast_8q_lo,2026-06,-6.9849
18880,hpi_surprise_4q,2026-06,3.1369
18880,hpi_trend_5y,2026-06,7.196
18880,hpi_yoy_latest,2026-06,5.9435
19124,hpi_forecast_4q,2026-06,2.5659
19124,hpi_forecast_4q_hi,2026-06,12.2221
19124,hpi_forecast_4q_lo,2026-06,-6.1911
19124,hpi_forecast_8q,2026-06,6.3684
19124,hpi_forecast_8q_hi,2026-06,26.5975
19124,hpi_forecast_8q_lo,2026-06,-9.6867
19124,hpi_surprise_4q,2026-06,-2.341
19124,hpi_trend_5y,2026-06,6.2525
19124,hpi_yoy_latest,2026-06,0.5257
19140,hpi_forecast_4q,2026-06,4.3663
19140,hpi_forecast_4q_hi,2026-06,14.4433
19140,hpi_forecast_4q_lo,2026-06,-4.5046
19140,hpi_forecast_8q,2026-06,9.7569
19140,hpi_forecast_8q_hi,2026-06,31.058
19140,hpi_forecast_8q_lo,2026-06,-6.7831
19140,hpi_surprise_4q,2026-06,-0.0793
19140,hpi_trend_5y,2026-06,8.9219
19140,hpi_yoy_latest,2026-06,4.1645
19300,hpi_forecast_4q,2026-06,5.0539
19300,hpi_forecast_4q_hi,2026-06,15.4718
19300,hpi_forecast_4q_lo,2026-06,-4.0092
19300,hpi_forecast_8q,2026-06,10.9586
19300,hpi_forecast_8q_hi,2026-06,33.7426
19300,hpi_forecast_8q_lo,2026-06,-6.5059
19300,hpi_surprise_4q,2026-06,1.6864
19300,hpi_trend_5y,2026-06,8.8798
19300,hpi_yoy_latest,2026-06,6.8221
19340,hpi_forecast_4q,2026-06,5.3892
19340,hpi_forecast_4q_hi,2026-06,15.6678
19340,hpi_forecast_4q_lo,2026-06,-3.528
19340,hpi_forecast_8q,2026-06,11.7472
19340,hpi_forecast_8q_hi,2026-06,33.5616
19340,hpi_forecast_8q_lo,2026-06,-4.997
19340,hpi_surprise_4q,2026-06,-0.4057
19340,hpi_trend_5y,2026-06,6.3436
19340,hpi_yoy_latest,2026-06,4.1281
19430,hpi_forecast_4q,2026-06,6.1016
19430,hpi_forecast_4q_hi,2026-06,16.5964
19430,hpi_forecast_4q_lo,2026-06,-2.8834
19430,hpi_forecast_8q,2026-06,13.1085
19430,hpi_forecast_8q_hi,2026-06,35.6625
19430,hpi_forecast_8q_lo,2026-06,-3.9934
19430,hpi_surprise_4q,2026-06,-0.5293
19430,hpi_trend_5y,2026-06,8.3999
19430,hpi_yoy_latest,2026-06,5.2601
19460,hpi_forecast_4q,2026-06,4.2068
19460,hpi_forecast_4q_hi,2026-06,14.2197
19460,hpi_forecast_4q_lo,2026-06,-4.6461
19460,hpi_forecast_8q,2026-06,9.446
19460,hpi_forecast_8q_hi,2026-06,30.4297
19460,hpi_forecast_8q_lo,2026-06,-6.9543
19460,hpi_surprise_4q,2026-06,-2.7438
19460,hpi_trend_5y,2026-06,8.2606
19460,hpi_yoy_latest,2026-06,1.9582
19500,hpi_forecast_4q,2026-06,6.5727
19500,hpi_forecast_4q_hi,2026-06,17.0457
19500,hpi_forecast_4q_lo,2026-06,-2.3455
19500,hpi_forecast_8q,2026-06,14.2534
19500,hpi_forecast_8q_hi,2026-06,36.7019
19500,hpi_forecast_8q_lo,2026-06,-2.6221
19500,hpi_surprise_4q,2026-06,-2.0213
19500,hpi_trend_5y,2026-06,7.6525
19500,hpi_yoy_latest,2026-06,3.5069
19660,hpi_forecast_4q,2026-06,2.6661
19660,hpi_forecast_4q_hi,2026-06,12.409
19660,hpi_forecast_4q_lo,2026-06,-6.1775
19660,hpi_forecast_8q,2026-06,6.622
19660,hpi_forecast_8q_hi,2026-06,27.1955
19660,hpi_forecast_8q_lo,2026-06,-9.7565
19660,hpi_surprise_4q,2026-06,-3.1727
19660,hpi_trend_5y,2026-06,6.753
19660,hpi_yoy_latest,2026-06,-0.1654
19740,hpi_forecast_4q,2026-06,2.2954
19740,hpi_forecast_4q_hi,2026-06,11.8174
19740,hpi_forecast_4q_lo,2026-06,-6.3957
19740,hpi_forecast_8q,2026-06,5.9345
19740,hpi_forecast_8q_hi,2026-06,25.6304
19740,hpi_forecast_8q_lo,2026-06,-9.7895
19740,hpi_surprise_4q,2026-06,-3.0977
19740,hpi_trend_5y,2026-06,3.9609
19740,hpi_yoy_latest,2026-06,-0.4588
19780,hpi_forecast_4q,2026-06,4.0446
19780,hpi_forecast_4q_hi,2026-06,14.0714
19780,hpi_forecast_4q_lo,2026-06,-4.825
19780,hpi_forecast_8q,2026-06,8.9122
19780,hpi_forecast_8q_hi,2026-06,30.0966
19780,hpi_forecast_8q_lo,2026-06,-7.6105
19780,hpi_surprise_4q,2026-06,-2.0238
19780,hpi_trend_5y,2026-06,6.214
19780,hpi_yoy_latest,2026-06,2.3315
19804,hpi_forecast_4q,2026-06,5.9286
19804,hpi_forecast_4q_hi,2026-06,16.3627
19804,hpi_forecast_4q_lo,2026-06,-3.0335
19804,hpi_forecast_8q,2026-06,12.5875
19804,hpi_forecast_8q_hi,2026-06,34.8015
19804,hpi_forecast_8q_lo,2026-06,-4.3527
19804,hpi_surprise_4q,2026-06,-0.1773
19804,hpi_trend_5y,2026-06,7.5431
19804,hpi_yoy_latest,2026-06,5.2275
20020,hpi_forecast_4q,2026-06,4.0223
20020,hpi_forecast_4q_hi,2026-06,14.0419
20020,hpi_forecast_4q_lo,2026-06,-4.8575
20020,hpi_forecast_8q,2026-06,9.1477
20020,hpi_forecast_8q_hi,2026-06,30.3427
20020,hpi_forecast_8q_lo,2026-06,-7.4029
20020,hpi_surprise_4q,2026-06,-7.3978
20020,hpi_trend_5y,2026-06,7.3396
20020,hpi_yoy_latest,2026-06,-0.9911
20100,hpi_forecast_4q,2026-06,4.2493
20100,hpi_forecast_4q_hi,2026-06,14.3722
20100,hpi_forecast_4q_lo,2026-06,-4.6916
20100,hpi_forecast_8q,2026-06,9.3323
20100,hpi_forecast_8q_hi,2026-06,30.7886
20100,hpi_forecast_8q_lo,2026-06,-7.4153
20100,hpi_surprise_4q,2026-06,0.0337
20100,hpi_trend_5y,2026-06,6.846
20100,hpi_yoy_latest,2026-06,3.6898
20220,hpi_forecast_4q,2026-06,4.6331
20220,hpi_forecast_4q_hi,2026-06,14.7721
20220,hpi_forecast_4q_lo,2026-06,-4.2559
20220,hpi_forecast_8q,2026-06,10.3305
20220,hpi_forecast_8q_hi,2026-06,31.8065
20220,hpi_forecast_8q_lo,2026-06,-6.2586
20220,hpi_surprise_4q,2026-06,0.8014
20220,hpi_trend_5y,2026-06,7.1392
20220,hpi_yoy_latest,2026-06,5.2234
20260,hpi_forecast_4q,2026-06,6.054
20260,hpi_forecast_4q_hi,2026-06,16.574
20260,hpi_forecast_4q_lo,2026-06,-2.9434
20260,hpi_forecast_8q,2026-06,12.9229
20260,hpi_forecast_8q_hi,2026-06,35.4599
20260,hpi_forecast_8q_lo,2026-06,-4.1627
20260,hpi_surprise_4q,2026-06,-1.8117
20260,hpi_trend_5y,2026-06,8.2657
20260,hpi_yoy_latest,2026-06,4.0027
20500,hpi_forecast_4q,2026-06,3.1941
20500,hpi_forecast_4q_hi,2026-06,13.1352
20500,hpi_forecast_4q_lo,2026-06,-5.7013
20500,hpi_forecast_8q,2026-06,7.0563
20500,hpi_forecast_8q_hi,2026-06,27.9939
20500,hpi_forecast_8q_lo,2026-06,-9.4593
20500,hpi_surprise_4q,2026-06,-1.9164
20500,hpi_trend_5y,2026-06,8.0915
20500,hpi_yoy_latest,2026-06,1.7686
20740,hpi_forecast_4q,2026-06,4.375
20740,hpi_forecast_4q_hi,2026-06,14.4781
20740,hpi_forecast_4q_lo,2026-06,-4.5275
20740,hpi_forecast_8q,2026-06,9.7102
20740,hpi_forecast_8q_hi,2026-06,31.1563
20740,hpi_forecast_8q_lo,2026-06,-6.9483
20740,hpi_surprise_4q,2026-06,-3.2994
20740,hpi_trend_5y,2026-06,7.9734
20740,hpi_yoy_latest,2026-06,2.3063
20940,hpi_forecast_4q,2026-06,8.1968
20940,hpi_forecast_4q_hi,2026-06,19.3302
20940,hpi_forecast_4q_lo,2026-06,-0.96
20940,hpi_forecast_8q,2026-06,16.319
20940,hpi_forecast_8q_hi,2026-06,39.98
20940,hpi_forecast_8q_lo,2026-06,-1.2372
20940,hpi_surprise_4q,2026-06,-2.0084
20940,hpi_trend_5y,2026-06,8.0024
20940,hpi_yoy_latest,2026-06,3.789
20994,hpi_forecast_4q,2026-06,6.4564
20994,hpi_forecast_4q_hi,2026-06,17.0032
20994,hpi_forecast_4q_lo,2026-06,-2.5097
20994,hpi_forecast_8q,2026-06,13.8551
20994,hpi_forecast_8q_hi,2026-06,36.5705
20994,hpi_forecast_8q_lo,2026-06,-3.2425
20994,hpi_surprise_4q,2026-06,-0.1436
20994,hpi_trend_5y,2026-06,8.8727
20994,hpi_yoy_latest,2026-06,6.0041
21060,hpi_forecast_4q,2026-06,3.6405
21060,hpi_forecast_4q_hi,2026-06,13.5639
21060,hpi_forecast_4q_lo,2026-06,-5.2274
21060,hpi_forecast_8q,2026-06,8.3978
21060,hpi_forecast_8q_hi,2026-06,29.3017
21060,hpi_forecast_8q_lo,2026-06,-8.0435
21060,hpi_surprise_4q,2026-06,-4.147
21060,hpi_trend_5y,2026-06,7.8142
21060,hpi_yoy_latest,2026-06,1.0472
21140,hpi_forecast_4q,2026-06,5.1987
21140,hpi_forecast_4q_hi,2026-06,15.4607
21140,hpi_forecast_4q_lo,2026-06,-3.7348
21140,hpi_forecast_8q,2026-06,11.1865
21140,hpi_forecast_8q_hi,2026-06,32.9219
21140,hpi_forecast_8q_lo,2026-06,-5.58
21140,hpi_surprise_4q,2026-06,0.0723
21140,hpi_trend_5y,2026-06,8.0443
21140,hpi_yoy_latest,2026-06,5.2754
21300,hpi_forecast_4q,2026-06,5.1186
21300,hpi_forecast_4q_hi,2026-06,15.331
21300,hpi_forecast_4q_lo,2026-06,-3.7679
21300,hpi_forecast_8q,2026-06,11.2805
21300,hpi_forecast_8q_hi,2026-06,32.9757
21300,hpi_forecast_8q_lo,2026-06,-5.3701
21300,hpi_surprise_4q,2026-06,-2.6539
21300,hpi_trend_5y,2026-06,7.1485
21300,hpi_yoy_latest,2026-06,2.9829
21340,hpi_forecast_4q,2026-06,3.9471
21340,hpi_forecast_4q_hi,2026-06,13.8775
21340,hpi_forecast_4q_lo,2026-06,-4.8622
21340,hpi_forecast_8q,2026-06,8.859
21340,hpi_forecast_8q_hi,2026-06,29.5026
21340,hpi_forecast_8q_lo,2026-06,-7.3157
21340,hpi_surprise_4q,2026-06,-1.7901
21340,hpi_trend_5y,2026-06,8.1548
21340,hpi_yoy_latest,2026-06,2.2478
21420,hpi_forecast_4q,2026-06,5.992
21420,hpi_forecast_4q_hi,2026-06,16.3888
21420,hpi_forecast_4q_lo,2026-06,-2.9079
21420,hpi_forecast_8q,2026-06,12.9452
21420,hpi_forecast_8q_hi,2026-06,35.0693
21420,hpi_forecast_8q_lo,2026-06,-3.7956
21420,hpi_surprise_4q,2026-06,5.2637
21420,hpi_trend_5y,2026-06,5.5879
21420,hpi_yoy_latest,2026-06,8.3223
21500,hpi_forecast_4q,2026-06,7.2523
21500,hpi_forecast_4q_hi,2026-06,18.0077
21500,hpi_forecast_4q_lo,2026-06,-1.7908
21500,hpi_forecast_8q,2026-06,15.2392
21500,hpi_forecast_8q_hi,2026-06,38.4302
21500,hpi_forecast_8q_lo,2026-06,-2.1036
21500,hpi_surprise_4q,2026-06,1.6093
21500,hpi_trend_5y,2026-06,9.6678
21500,hpi_yoy_latest,2026-06,8.0038
21660,hpi_forecast_4q,2026-06,4.3276
21660,hpi_forecast_4q_hi,2026-06,14.4857
21660,hpi_forecast_4q_lo,2026-06,-4.6104
21660,hpi_forecast_8q,2026-06,9.5068
21660,hpi_forecast_8q_hi,2026-06,31.0259
21660,hpi_forecast_8q_lo,2026-06,-7.2087
21660,hpi_surprise_4q,2026-06,0.8613
21660,hpi_trend_5y,2026-06,5.1619
21660,hpi_yoy_latest,2026-06,3.9543
21780,hpi_forecast_4q,2026-06,4.3881
21780,hpi_forecast_4q_hi,2026-06,14.4471
21780,hpi_forecast_4q_lo,2026-06,-4.473
21780,hpi_forecast_8q,2026-06,9.8603
21780,hpi_forecast_8q_hi,2026-06,31.0685
21780,hpi_forecast_8q_lo,2026-06,-6.6227
21780,hpi_surprise_4q,2026-06,-3.2237
21780,hpi_trend_5y,2026-06,6.733
21780,hpi_yoy_latest,2026-06,2.3602
21794,hpi_forecast_4q,2026-06,2.9292
21794,hpi_forecast_4q_hi,2026-06,12.6391
21794,hpi_forecast_4q_lo,2026-06,-5.8226
21794,hpi_forecast_8q,2026-06,7.0441
21794,hpi_forecast_8q_hi,2026-06,27.1113
21794,hpi_forecast_8q_lo,2026-06,-8.9089
21794,hpi_surprise_4q,2026-06,-4.7238
21794,hpi_trend_5y,2026-06,5.6506
21794,hpi_yoy_latest,2026-06,-0.4784
21820,hpi_forecast_4q,2026-06,3.3164
21820,hpi_forecast_4q_hi,2026-06,13.1251
21820,hpi_forecast_4q_lo,2026-06,-5.4766
21820,hpi_forecast_8q,2026-06,7.4087
21820,hpi_forecast_8q_hi,2026-06,27.3679
21820,hpi_forecast_8q_lo,2026-06,-8.4903
21820,hpi_surprise_4q,2026-06,-0.9656
21820,hpi_trend_5y,2026-06,5.789
21820,hpi_yoy_latest,2026-06,2.819
22020,hpi_forecast_4q,2026-06,4.9152
22020,hpi_forecast_4q_hi,2026-06,15.0643
22020,hpi_forecast_4q_lo,2026-06,-3.9515
22020,hpi_forecast_8q,2026-06,10.7311
22020,hpi_forecast_8q_hi,2026-06,32.308
22020,hpi_forecast_8q_lo,2026-06,-5.8746
22020,hpi_surprise_4q,2026-06,-0.8593
22020,hpi_trend_5y,2026-06,6.2857
22020,hpi_yoy_latest,2026-06,4.2388
22140,hpi_forecast_4q,2026-06,5.7488
22140,hpi_forecast_4q_hi,2026-06,16.1302
22140,hpi_forecast_4q_lo,2026-06,-3.1891
22140,hpi_forecast_8q,2026-06,12.5036
22140,hpi_forecast_8q_hi,2026-06,34.6335
22140,hpi_forecast_8q_lo,2026-06,-4.349
22140,hpi_surprise_4q,2026-06,2.7845
22140,hpi_trend_5y,2026-06,8.7327
22140,hpi_yoy_latest,2026-06,7.8152
22180,hpi_forecast_4q,2026-06,3.7101
22180,hpi_forecast_4q_hi,2026-06,13.6858
22180,hpi_forecast_4q_lo,2026-06,-5.1692
22180,hpi_forecast_8q,2026-06,8.0647
22180,hpi_forecast_8q_hi,2026-06,28.7727
22180,hpi_forecast_8q_lo,2026-06,-8.2772
22180,hpi_surprise_4q,2026-06,-1.8592
22180,hpi_trend_5y,2026-06,9.4487
22180,hpi_yoy_latest,2026-06,2.6293
22220,hpi_forecast_4q,2026-06,4.3457
22220,hpi_forecast_4q_hi,2026-06,14.6373
22220,hpi_forecast_4q_lo,2026-06,-4.6758
22220,hpi_forecast_8q,2026-06,9.0831
22220,hpi_forecast_8q_hi,2026-06,31.2543
22220,hpi_forecast_8q_lo,2026-06,-8.079
22220,hpi_surprise_4q,2026-06,-1.5968
22220,hpi_trend_5y,2026-06,9.5951
22220,hpi_yoy_latest,2026-06,3.6633
22380,hpi_forecast_4q,2026-06,4.514
22380,hpi_forecast_4q_hi,2026-06,14.5908
22380,hpi_forecast_4q_lo,2026-06,-4.3263
22380,hpi_forecast_8q,2026-06,10.035
22380,hpi_forecast_8q_hi,2026-06,31.3756
22380,hpi_forecast_8q_lo,2026-06,-6.4109
22380,hpi_surprise_4q,2026-06,-1.1046
22380,hpi_trend_5y,2026-06,7.9632
22380,hpi_yoy_latest,2026-06,2.8902
22420,hpi_forecast_4q,2026-06,6.466
22420,hpi_forecast_4q_hi,2026-06,16.9717
22420,hpi_forecast_4q_lo,2026-06,-2.4647
22420,hpi_forecast_8q,2026-06,14.1632
22420,hpi_forecast_8q_hi,2026-06,37.0648
22420,hpi_forecast_8q_lo,2026-06,-2.9229
22420,hpi_surprise_4q,2026-06,-1.5699
22420,hpi_trend_5y,2026-06,7.0634
22420,hpi_yoy_latest,2026-06,3.8373
22500,hpi_forecast_4q,2026-06,5.3021
22500,hpi_forecast_4q_hi,2026-06,15.6897
22500,hpi_forecast_4q_lo,2026-06,-3.6937
22500,hpi_forecast_8q,2026-06,11.4262
22500,hpi_forecast_8q_hi,2026-06,33.6467
22500,hpi_forecast_8q_lo,2026-06,-5.6083
22500,hpi_surprise_4q,2026-06,3.4558
22500,hpi_trend_5y,2026-06,7.7894
22500,hpi_yoy_latest,2026-06,7.0294
22520,hpi_forecast_4q,2026-06,4.8738
22520,hpi_forecast_4q_hi,2026-06,15.0415
22520,hpi_forecast_4q_lo,2026-06,-4.0232
22520,hpi_forecast_8q,2026-06,10.7646
22520,hpi_forecast_8q_hi,2026-06,32.244
22520,hpi_forecast_8q_lo,2026-06,-5.8517
22520,hpi_surprise_4q,2026-06,2.6808
22520,hpi_trend_5y,2026-06,9.0536
22520,hpi_yoy_latest,2026-06,6.6582
22540,hpi_forecast_4q,2026-06,6.0196
22540,hpi_forecast_4q_hi,2026-06,16.4432
22540,hpi_forecast_4q_lo,2026-06,-2.9141
22540,hpi_forecast_8q,2026-06,13.0065
22540,hpi_forecast_8q_hi,2026-06,35.3457
22540,hpi_forecast_8q_lo,2026-06,-3.8948
22540,hpi_surprise_4q,2026-06,-0.9241
22540,hpi_trend_5y,2026-06,10.2124
22540,hpi_yoy_latest,2026-06,5.8108
22660,hpi_forecast_4q,2026-06,2.6941
22660,hpi_forecast_4q_hi,2026-06,12.3683
22660,hpi_forecast_4q_lo,2026-06,-6.0775
22660,hpi_forecast_8q,2026-06,6.6582
22660,hpi_forecast_8q_hi,2026-06,26.893
22660,hpi_forecast_8q_lo,2026-06,-9.4295
22660,hpi_surprise_4q,2026-06,-2.7796
22660,hpi_trend_5y,2026-06,5.2788
22660,hpi_yoy_latest,2026-06,0.2231
22744,hpi_forecast_4q,2026-06,2.8987
22744,hpi_forecast_4q_hi,2026-06,12.5542
22744,hpi_forecast_4q_lo,2026-06,-5.8223
22744,hpi_forecast_8q,2026-06,6.898
22744,hpi_forecast_8q_hi,2026-06,26.8195
22744,hpi_forecast_8q_lo,2026-06,-8.8822
22744,hpi_surprise_4q,2026-06,-2.2816
22744,hpi_trend_5y,2026-06,8.4213
22744,hpi_yoy_latest,2026-06,0.7748
22900,hpi_forecast_4q,2026-06,4.6793
22900,hpi_forecast_4q_hi,2026-06,14.8163
22900,hpi_forecast_4q_lo,2026-06,-4.208
22900,hpi_forecast_8q,2026-06,10.4316
22900,hpi_forecast_8q_hi,2026-06,31.9379
22900,hpi_forecast_8q_lo,2026-06,-6.1906
22900,hpi_surprise_4q,2026-06,-2.0383
22900,hpi_trend_5y,2026-06,8.1179
22900,hpi_yoy_latest,2026-06,3.2151
23060,hpi_forecast_4q,2026-06,4.9349
23060,hpi_forecast_4q_hi,2026-06,15.1419
23060,hpi_forecast_4q_lo,2026-06,-3.9635
23060,hpi_forecast_8q,2026-06,10.9104
23060,hpi_forecast_8q_hi,2026-06,32.623
23060,hpi_forecast_8q_lo,2026-06,-5.7932
23060,hpi_surprise_4q,2026-06,-0.843
23060,hpi_trend_5y,2026-06,9.051
23060,hpi_yoy_latest,2026-06,4.3361
23104,hpi_forecast_4q,2026-06,2.5097
23104,hpi_forecast_4q_hi,2026-06,12.1656
23104,hpi_forecast_4q_lo,2026-06,-6.2632
23104,hpi_forecast_8q,2026-06,6.2493
23104,hpi_forecast_8q_hi,2026-06,26.5067
23104,hpi_forecast_8q_lo,2026-06,-9.8429
23104,hpi_surprise_4q,2026-06,-2.2734
23104,hpi_trend_5y,2026-06,6.098
23104,hpi_yoy_latest,2026-06,0.6688
23224,hpi_forecast_4q,2026-06,3.4924
23224,hpi_forecast_4q_hi,2026-06,13.3277
23224,hpi_forecast_4q_lo,2026-06,-5.3033
23224,hpi_forecast_8q,2026-06,8.1153
23224,hpi_forecast_8q_hi,2026-06,28.5973
23224,hpi_forecast_8q_lo,2026-06,-8.0154
23224,hpi_surprise_4q,2026-06,-2.6335
23224,hpi_trend_5y,2026-06,5.2896
23224,hpi_yoy_latest,2026-06,1.319
23420,hpi_forecast_4q,2026-06,4.4093
23420,hpi_forecast_4q_hi,2026-06,14.5764
23420,hpi_forecast_4q_lo,2026-06,-4.5326
23420,hpi_forecast_8q,2026-06,9.3928
23420,hpi_forecast_8q_hi,2026-06,30.5412
23420,hpi_forecast_8q_lo,2026-06,-7.17
23420,hpi_surprise_4q,2026-06,-2.0047
23420,hpi_trend_5y,2026-06,6.2613
23420,hpi_yoy_latest,2026-06,2.0454
23460,hpi_forecast_4q,2026-06,3.4006
23460,hpi_forecast_4q_hi,2026-06,13.2321
23460,hpi_forecast_4q_lo,2026-06,-5.4276
23460,hpi_forecast_8q,2026-06,8.0785
23460,hpi_forecast_8q_hi,2026-06,28.5315
23460,hpi_forecast_8q_lo,2026-06,-8.1462
23460,hpi_surprise_4q,2026-06,-4.4556
23460,hpi_trend_5y,2026-06,7.8627
23460,hpi_yoy_latest,2026-06,0.9156
23540,hpi_forecast_4q,2026-06,2.9928
23540,hpi_forecast_4q_hi,2026-06,12.8318
23540,hpi_forecast_4q_lo,2026-06,-5.8575
23540,hpi_forecast_8q,2026-06,6.8102
23540,hpi_forecast_8q_hi,2026-06,27.502
23540,hpi_forecast_8q_lo,2026-06,-9.5514
23540,hpi_surprise_4q,2026-06,-1.8955
23540,hpi_trend_5y,2026-06,7.3682
23540,hpi_yoy_latest,2026-06,1.2156
23580,hpi_forecast_4q,2026-06,3.6062
23580,hpi_forecast_4q_hi,2026-06,13.5498
23580,hpi_forecast_4q_lo,2026-06,-5.2684
23580,hpi_forecast_8q,2026-06,8.0317
23580,hpi_forecast_8q_hi,2026-06,28.9568
23580,hpi_forecast_8q_lo,2026-06,-8.4287
23580,hpi_surprise_4q,2026-06,-2.2341
23580,hpi_trend_5y,2026-06,9.8344
23580,hpi_yoy_latest,2026-06,2.7428
23900,hpi_forecast_4q,2026-06,5.2452
23900,hpi_forecast_4q_hi,2026-06,15.5357
23900,hpi_forecast_4q_lo,2026-06,-3.6966
23900,hpi_forecast_8q,2026-06,11.4707
23900,hpi_forecast_8q_hi,2026-06,33.5177
23900,hpi_forecast_8q_lo,2026-06,-5.4293
23900,hpi_surprise_4q,2026-06,0.1322
23900,hpi_trend_5y,2026-06,7.1021
23900,hpi_yoy_latest,2026-06,4.4294
24020,hpi_forecast_4q,2026-06,5.8611
24020,hpi_forecast_4q_hi,2026-06,16.2992
24020,hpi_forecast_4q_lo,2026-06,-3.0972
24020,hpi_forecast_8q,2026-06,12.4499
24020,hpi_forecast_8q_hi,2026-06,34.6171
24020,hpi_forecast_8q_lo,2026-06,-4.4305
24020,hpi_surprise_4q,2026-06,2.7828
24020,hpi_trend_5y,2026-06,8.651
24020,hpi_yoy_latest,2026-06,8.0611
24140,hpi_forecast_4q,2026-06,2.4444
24140,hpi_forecast_4q_hi,2026-06,12.1937
24140,hpi_forecast_4q_lo,2026-06,-6.4308
24140,hpi_forecast_8q,2026-06,5.5864
24140,hpi_forecast_8q_hi,2026-06,25.7699
24140,hpi_forecast_8q_lo,2026-06,-10.6508
24140,hpi_surprise_4q,2026-06,-3.0983
24140,hpi_trend_5y,2026-06,8.6005
24140,hpi_yoy_latest,2026-06,0.7996
24220,hpi_forecast_4q,2026-06,5.6244
24220,hpi_forecast_4q_hi,2026-06,15.8734
24220,hpi_forecast_4q_lo,2026-06,-3.2186
24220,hpi_forecast_8q,2026-06,12.3537
24220,hpi_forecast_8q_hi,2026-06,34.1428
24220,hpi_forecast_8q_lo,2026-06,-4.2459
24220,hpi_surprise_4q,2026-06,3.0674
24220,hpi_trend_5y,2026-06,6.1925
24220,hpi_yoy_latest,2026-06,7.1734
24260,hpi_forecast_4q,2026-06,3.2702
24260,hpi_forecast_4q_hi,2026-06,12.937
24260,hpi_forecast_4q_lo,2026-06,-5.4113
24260,hpi_forecast_8q,2026-06,7.7781
24260,hpi_forecast_8q_hi,2026-06,27.8083
24260,hpi_forecast_8q_lo,2026-06,-7.966
24260,hpi_surprise_4q,2026-06,-6.3645
24260,hpi_trend_5y,2026-06,7.6844
24260,hpi_yoy_latest,2026-06,-0.384
24300,hpi_forecast_4q,2026-06,6.0942
24300,hpi_forecast_4q_hi,2026-06,16.6623
24300,hpi_forecast_4q_lo,2026-06,-2.9455
24300,hpi_forecast_8q,2026-06,12.9315
24300,hpi_forecast_8q_hi,2026-06,35.7396
24300,hpi_forecast_8q_lo,2026-06,-4.3786
24300,hpi_surprise_4q,2026-06,4.5052
24300,hpi_trend_5y,2026-06,7.7372
24300,hpi_yoy_latest,2026-06,8.7816
24340,hpi_forecast_4q,2026-06,5.5681
24340,hpi_forecast_4q_hi,2026-06,15.9174
24340,hpi_forecast_4q_lo,2026-06,-3.3634
24340,hpi_forecast_8q,2026-06,11.9614
24340,hpi_forecast_8q_hi,2026-06,34.0574
24340,hpi_forecast_8q_lo,2026-06,-4.9261
24340,hpi_surprise_4q,2026-06,-0.7839
24340,hpi_trend_5y,2026-06,8.4111
24340,hpi_yoy_latest,2026-06,4.4872
24420,hpi_forecast_4q,2026-06,1.8012
24420,hpi_forecast_4q_hi,2026-06,11.2902
24420,hpi_forecast_4q_lo,2026-06,-6.946
24420,hpi_forecast_8q,2026-06,4.9236
24420,hpi_forecast_8q_hi,2026-06,24.3363
24420,hpi_forecast_8q_lo,2026-06,-10.8275
24420,hpi_surprise_4q,2026-06,-9.511
24420,hpi_trend_5y,2026-06,2.8806
24420,hpi_yoy_latest,2026-06,-5.1987
24500,hpi_forecast_4q,2026-06,4.1227
24500,hpi_forecast_4q_hi,2026-06,14.1815
24500,hpi_forecast_4q_lo,2026-06,-4.7986
24500,hpi_forecast_8q,2026-06,9.2044
24500,hpi_forecast_8q_hi,2026-06,30.3624
24500,hpi_forecast_8q_lo,2026-06,-7.3799
24500,hpi_surprise_4q,2026-06,2.6567
24500,hpi_trend_5y,2026-06,9.0834
24500,hpi_yoy_latest,2026-06,5.9984
24540,hpi_forecast_4q,2026-06,2.597
24540,hpi_forecast_4q_hi,2026-06,12.2893
24540,hpi_forecast_4q_lo,2026-06,-6.2136
24540,hpi_forecast_8q,2026-06,6.4683
24540,hpi_forecast_8q_hi,2026-06,26.9541
24540,hpi_forecast_8q_lo,2026-06,-9.8298
24540,hpi_surprise_4q,2026-06,-3.2864
24540,hpi_trend_5y,2026-06,4.6034
24540,hpi_yoy_latest,2026-06,0.458
24580,hpi_forecast_4q,2026-06,5.1107
24580,hpi_forecast_4q_hi,2026-06,15.4485
24580,hpi_forecast_4q_lo,2026-06,-3.8649
24580,hpi_forecast_8q,2026-06,10.9541
24580,hpi_forecast_8q_hi,2026-06,32.9725
24580,hpi_forecast_8q_lo,2026-06,-5.9803
24580,hpi_surprise_4q,2026-06,-1.0021
24580,hpi_trend_5y,2026-06,9.8133
24580,hpi_yoy_latest,2026-06,4.9794
24660,hpi_forecast_4q,2026-06,4.6095
24660,hpi_forecast_4q_hi,2026-06,14.8125
24660,hpi_forecast_4q_lo,2026-06,-4.3339
24660,hpi_forecast_8q,2026-06,10.0275
24660,hpi_forecast_8q_hi,2026-06,31.6231
24660,hpi_forecast_8q_lo,2026-06,-6.7372
24660,hpi_surprise_4q,2026-06,0.3521
24660,hpi_trend_5y,2026-06,9.171
24660,hpi_yoy_latest,2026-06,4.9075
24780,hpi_forecast_4q,2026-06,3.7876
24780,hpi_forecast_4q_hi,2026-06,13.8532
24780,hpi_forecast_4q_lo,2026-06,-5.1547
24780,hpi_forecast_8q,2026-06,8.2321
24780,hpi_forecast_8q_hi,2026-06,29.3871
24780,hpi_forecast_8q_lo,2026-06,-8.4497
24780,hpi_surprise_4q,2026-06,-0.2885
24780,hpi_trend_5y,2026-06,7.689
24780,hpi_yoy_latest,2026-06,2.9538
24860,hpi_forecast_4q,2026-06,4.3007
24860,hpi_forecast_4q_hi,2026-06,14.5091
24860,hpi_forecast_4q_lo,2026-06,-4.6887
24860,hpi_forecast_8q,2026-06,9.3716
24860,hpi_forecast_8q_hi,2026-06,31.2235
24860,hpi_forecast_8q_lo,2026-06,-7.6304
24860,hpi_surprise_4q,2026-06,-1.8813
24860,hpi_trend_5y,2026-06,9.2913
24860,hpi_yoy_latest,2026-06,3.284
25060,hpi_forecast_4q,2026-06,3.5554
25060,hpi_forecast_4q_hi,2026-06,13.5043
25060,hpi_forecast_4q_lo,2026-06,-5.3153
25060,hpi_forecast_8q,2026-06,8.0876
25060,hpi_forecast_8q_hi,2026-06,29.1175
25060,hpi_forecast_8q_lo,2026-06,-8.3938
25060,hpi_surprise_4q,2026-06,-0.3744
25060,hpi_trend_5y,2026-06,7.3338
25060,hpi_yoy_latest,2026-06,3.5449
25180,hpi_forecast_4q,2026-06,3.7982
25180,hpi_forecast_4q_hi,2026-06,13.8196
25180,hpi_forecast_4q_lo,2026-06,-5.1188
25180,hpi_forecast_8q,2026-06,8.6617
25180,hpi_forecast_8q_hi,2026-06,29.921
25180,hpi_forecast_8q_lo,2026-06,-8.0306
25180,hpi_surprise_4q,2026-06,-4.6682
25180,hpi_trend_5y,2026-06,7.0619
25180,hpi_yoy_latest,2026-06,0.9227
25220,hpi_forecast_4q,2026-06,2.9744
25220,hpi_forecast_4q_hi,2026-06,12.8078
25220,hpi_forecast_4q_lo,2026-06,-5.8808
25220,hpi_forecast_8q,2026-06,7.0077
25220,hpi_forecast_8q_hi,2026-06,27.7053
25220,hpi_forecast_8q_lo,2026-06,-9.3622
25220,hpi_surprise_4q,2026-06,-3.0465
25220,hpi_trend_5y,2026-06,4.5716
25220,hpi_yoy_latest,2026-06,0.6142
25260,hpi_forecast_4q,2026-06,5.0684
25260,hpi_forecast_4q_hi,2026-06,15.4184
25260,hpi_forecast_4q_lo,2026-06,-3.9169
25260,hpi_forecast_8q,2026-06,10.5174
25260,hpi_forecast_8q_hi,2026-06,32.1996
25260,hpi_forecast_8q_lo,2026-06,-6.2601
25260,hpi_surprise_4q,2026-06,-4.6387
25260,hpi_trend_5y,2026-06,6.5193
25260,hpi_yoy_latest,2026-06,0.6687
25420,hpi_forecast_4q,2026-06,5.1872
25420,hpi_forecast_4q_hi,2026-06,15.4074
25420,hpi_forecast_4q_lo,2026-06,-3.7022
25420,hpi_forecast_8q,2026-06,11.4717
25420,hpi_forecast_8q_hi,2026-06,33.1823
25420,hpi_forecast_8q_lo,2026-06,-5.1791
25420,hpi_surprise_4q,2026-06,-0.7136
25420,hpi_trend_5y,2026-06,8.2378
25420,hpi_yoy_latest,2026-06,4.7671
25500,hpi_forecast_4q,2026-06,4.4384
25500,hpi_forecast_4q_hi,2026-06,14.5606
25500,hpi_forecast_4q_lo,2026-06,-4.4571
25500,hpi_forecast_8q,2026-06,9.69
25500,hpi_forecast_8q_hi,2026-06,31.0923
25500,hpi_forecast_8q_lo,2026-06,-6.9383
25500,hpi_surprise_4q,2026-06,-0.392
25500,hpi_trend_5y,2026-06,7.9412
25500,hpi_yoy_latest,2026-06,4.4523
25540,hpi_forecast_4q,2026-06,6.0581
25540,hpi_forecast_4q_hi,2026-06,16.4516
25540,hpi_forecast_4q_lo,2026-06,-2.8928
25540,hpi_forecast_8q,2026-06,12.6282
25540,hpi_forecast_8q_hi,2026-06,34.5228
25540,hpi_forecast_8q_lo,2026-06,-4.2584
25540,hpi_surprise_4q,2026-06,-0.7995
25540,hpi_trend_5y,2026-06,9.5337
25540,hpi_yoy_latest,2026-06,5.7572
25620,hpi_forecast_4q,2026-06,4.2438
25620,hpi_forecast_4q_hi,2026-06,14.2082
25620,hpi_forecast_4q_lo,2026-06,-4.5622
25620,hpi_forecast_8q,2026-06,9.5744
25620,hpi_forecast_8q_hi,2026-06,30.302
25620,hpi_forecast_8q_lo,2026-06,-6.6517
25620,hpi_surprise_4q,2026-06,1.1644
25620,hpi_trend_5y,2026-06,6.9877
25620,hpi_yoy_latest,2026-06,4.6939
25740,hpi_forecast_4q,2026-06,3.2125
25740,hpi_forecast_4q_hi,2026-06,13.0203
25740,hpi_forecast_4q_lo,2026-06,-5.6206
25740,hpi_forecast_8q,2026-06,7.7087
25740,hpi_forecast_8q_hi,2026-06,28.1697
25740,hpi_forecast_8q_lo,2026-06,-8.5501
25740,hpi_surprise_4q,2026-06,-6.3622
25740,hpi_trend_5y,2026-06,7.8157
25740,hpi_yoy_latest,2026-06,-1.1992
25860,hpi_forecast_4q,2026-06,3.5731
25860,hpi_forecast_4q_hi,2026-06,13.5608
25860,hpi_forecast_4q_lo,2026-06,-5.3407
25860,hpi_forecast_8q,2026-06,7.973
25860,hpi_forecast_8q_hi,2026-06,29.0231
25860,hpi_forecast_8q_lo,2026-06,-8.6423
25860,hpi_surprise_4q,2026-06,-1.8051
25860,hpi_trend_5y,2026-06,9.0524
25860,hpi_yoy_latest,2026-06,2.7648
25940,hpi_forecast_4q,2026-06,4.0717
25940,hpi_forecast_4q_hi,2026-06,14.2535
25940,hpi_forecast_4q_lo,2026-06,-4.9179
25940,hpi_forecast_8q,2026-06,8.7543
25940,hpi_forecast_8q_hi,2026-06,30.6561
25940,hpi_forecast_8q_lo,2026-06,-8.2709
25940,hpi_surprise_4q,2026-06,-3.2349
25940,hpi_trend_5y,2026-06,10.3682
25940,hpi_yoy_latest,2026-06,2.6584
25980,hpi_forecast_4q,2026-06,4.4487
25980,hpi_forecast_4q_hi,2026-06,14.6895
25980,hpi_forecast_4q_lo,2026-06,-4.5473
25980,hpi_forecast_8q,2026-06,9.4719
25980,hpi_forecast_8q_hi,2026-06,31.156
25980,hpi_forecast_8q_lo,2026-06,-7.4459
25980,hpi_surprise_4q,2026-06,-5.1792
25980,hpi_trend_5y,2026-06,10.7551
25980,hpi_yoy_latest,2026-06,2.4294
26140,hpi_forecast_4q,2026-06,4.6674
26140,hpi_forecast_4q_hi,2026-06,15.0406
26140,hpi_forecast_4q_lo,2026-06,-4.4027
26140,hpi_forecast_8q,2026-06,9.9399
26140,hpi_forecast_8q_hi,2026-06,32.4014
26140,hpi_forecast_8q_lo,2026-06,-7.4351
26140,hpi_surprise_4q,2026-06,2.4498
26140,hpi_trend_5y,2026-06,9.0173
26140,hpi_yoy_latest,2026-06,5.4039
26300,hpi_forecast_4q,2026-06,2.0644
26300,hpi_forecast_4q_hi,2026-06,11.5575
26300,hpi_forecast_4q_lo,2026-06,-6.6332
26300,hpi_forecast_8q,2026-06,5.614
26300,hpi_forecast_8q_hi,2026-06,25.1726
26300,hpi_forecast_8q_lo,2026-06,-10.0952
26300,hpi_surprise_4q,2026-06,-5.2265
26300,hpi_trend_5y,2026-06,6.9497
26300,hpi_yoy_latest,2026-06,-1.3096
26380,hpi_forecast_4q,2026-06,2.032
26380,hpi_forecast_4q_hi,2026-06,11.4906
26380,hpi_forecast_4q_lo,2026-06,-6.6449
26380,hpi_forecast_8q,2026-06,5.4424
26380,hpi_forecast_8q_hi,2026-06,24.7464
26380,hpi_forecast_8q_lo,2026-06,-10.1413
26380,hpi_surprise_4q,2026-06,-3.57
26380,hpi_trend_5y,2026-06,3.1613
26380,hpi_yoy_latest,2026-06,-0.7829
26420,hpi_forecast_4q,2026-06,3.515
26420,hpi_forecast_4q_hi,2026-06,13.3582
26420,hpi_forecast_4q_lo,2026-06,-5.2817
26420,hpi_forecast_8q,2026-06,8.0112
26420,hpi_forecast_8q_hi,2026-06,28.6808
26420,hpi_forecast_8q_lo,2026-06,-8.2283
26420,hpi_surprise_4q,2026-06,0.3745
26420,hpi_trend_5y,2026-06,5.8267
26420,hpi_yoy_latest,2026-06,3.3976
26580,hpi_forecast_4q,2026-06,5.6732
26580,hpi_forecast_4q_hi,2026-06,16.0559
26580,hpi_forecast_4q_lo,2026-06,-3.2845
26580,hpi_forecast_8q,2026-06,12.2576
26580,hpi_forecast_8q_hi,2026-06,34.2893
26580,hpi_forecast_8q_lo,2026-06,-4.6058
26580,hpi_surprise_4q,2026-06,3.3107
26580,hpi_trend_5y,2026-06,7.6967
26580,hpi_yoy_latest,2026-06,8.4029
26620,hpi_forecast_4q,2026-06,3.9646
26620,hpi_forecast_4q_hi,2026-06,14.0347
26620,hpi_forecast_4q_lo,2026-06,-4.976
26620,hpi_forecast_8q,2026-06,9.0011
26620,hpi_forecast_8q_hi,2026-06,30.6141
26620,hpi_forecast_8q_lo,2026-06,-7.8909
26620,hpi_surprise_4q,2026-06,-0.8419
26620,hpi_trend_5y,2026-06,7.4099
26620,hpi_yoy_latest,2026-06,3.3178
26820,hpi_forecast_4q,2026-06,4.393
26820,hpi_forecast_4q_hi,2026-06,14.5978
26820,hpi_forecast_4q_lo,2026-06,-4.5801
26820,hpi_forecast_8q,2026-06,9.5046
26820,hpi_forecast_8q_hi,2026-06,31.3386
26820,hpi_forecast_8q_lo,2026-06,-7.439
26820,hpi_surprise_4q,2026-06,0.8141
26820,hpi_trend_5y,2026-06,5.8349
26820,hpi_yoy_latest,2026-06,4.819
26900,hpi_forecast_4q,2026-06,4.2124
26900,hpi_forecast_4q_hi,2026-06,14.2762
26900,hpi_forecast_4q_lo,2026-06,-4.6654
26900,hpi_forecast_8q,2026-06,9.3252
26900,hpi_forecast_8q_hi,2026-06,30.5598
26900,hpi_forecast_8q_lo,2026-06,-7.2073
26900,hpi_surprise_4q,2026-06,-1.3456
26900,hpi_trend_5y,2026-06,7.5316
26900,hpi_yoy_latest,2026-06,3.4772
26980,hpi_forecast_4q,2026-06,4.6008
26980,hpi_forecast_4q_hi,2026-06,14.763
26980,hpi_forecast_4q_lo,2026-06,-4.2958
26980,hpi_forecast_8q,2026-06,9.9889
26980,hpi_forecast_8q_hi,2026-06,31.5933
26980,hpi_forecast_8q_lo,2026-06,-6.6696
26980,hpi_surprise_4q,2026-06,-1.8598
26980,hpi_trend_5y,2026-06,6.0137
26980,hpi_yoy_latest,2026-06,2.9999
27060,hpi_forecast_4q,2026-06,1.7576
27060,hpi_forecast_4q_hi,2026-06,11.1888
27060,hpi_forecast_4q_lo,2026-06,-6.9096
27060,hpi_forecast_8q,2026-06,4.7443
27060,hpi_forecast_8q_hi,2026-06,23.9914
27060,hpi_forecast_8q_lo,2026-06,-10.7826
27060,hpi_surprise_4q,2026-06,-11.2641
27060,hpi_trend_5y,2026-06,7.2009
27060,hpi_yoy_latest,2026-06,-5.2049
27100,hpi_forecast_4q,2026-06,6.0778
27100,hpi_forecast_4q_hi,2026-06,16.5803
27100,hpi_forecast_4q_lo,2026-06,-2.91
27100,hpi_forecast_8q,2026-06,13.0453
27100,hpi_forecast_8q_hi,2026-06,35.497
27100,hpi_forecast_8q_lo,2026-06,-4.0277
27100,hpi_surprise_4q,2026-06,0.7051
27100,hpi_trend_5y,2026-06,7.895
27100,hpi_yoy_latest,2026-06,6.0825
27140,hpi_forecast_4q,2026-06,3.2119
27140,hpi_forecast_4q_hi,2026-06,12.9884
27140,hpi_forecast_4q_lo,2026-06,-5.5755
27140,hpi_forecast_8q,2026-06,7.5168
27140,hpi_forecast_8q_hi,2026-06,27.7757
27140,hpi_forecast_8q_lo,2026-06,-8.5286
27140,hpi_surprise_4q,2026-06,-1.8942
27140,hpi_trend_5y,2026-06,5.2721
27140,hpi_yoy_latest,2026-06,1.7531
27180,hpi_forecast_4q,2026-06,4.5298
27180,hpi_forecast_4q_hi,2026-06,14.6238
27180,hpi_forecast_4q_lo,2026-06,-4.3463
27180,hpi_forecast_8q,2026-06,10.1148
27180,hpi_forecast_8q_hi,2026-06,31.442
27180,hpi_forecast_8q_lo,2026-06,-6.4358
27180,hpi_surprise_4q,2026-06,2.6923
27180,hpi_trend_5y,2026-06,9.3585
27180,hpi_yoy_latest,2026-06,6.0886
27260,hpi_forecast_4q,2026-06,2.9471
27260,hpi_forecast_4q_hi,2026-06,12.7369
27260,hpi_forecast_4q_lo,2026-06,-5.8823
27260,hpi_forecast_8q,2026-06,7.0769
27260,hpi_forecast_8q_hi,2026-06,27.7535
27260,hpi_forecast_8q_lo,2026-06,-9.2736
27260,hpi_surprise_4q,2026-06,-3.5801
27260,hpi_trend_5y,2026-06,7.0411
27260,hpi_yoy_latest,2026-06,0.1091
27340,hpi_forecast_4q,2026-06,4.506
27340,hpi_forecast_4q_hi,2026-06,14.7355
27340,hpi_forecast_4q_lo,2026-06,-4.4764
27340,hpi_forecast_8q,2026-06,9.5988
27340,hpi_forecast_8q_hi,2026-06,31.2193
27340,hpi_forecast_8q_lo,2026-06,-7.2474
27340,hpi_surprise_4q,2026-06,-1.8945
27340,hpi_trend_5y,2026-06,9.6187
27340,hpi_yoy_latest,2026-06,3.8256
27500,hpi_forecast_4q,2026-06,5.6959
27500,hpi_forecast_4q_hi,2026-06,16.0508
27500,hpi_forecast_4q_lo,2026-06,-3.2561
27500,hpi_forecast_8q,2026-06,12.4294
27500,hpi_forecast_8q_hi,2026-06,34.6344
27500,hpi_forecast_8q_lo,2026-06,-4.4949
27500,hpi_surprise_4q,2026-06,-1.6374
27500,hpi_trend_5y,2026-06,9.1751
27500,hpi_yoy_latest,2026-06,4.7707
27620,hpi_forecast_4q,2026-06,4.7125
27620,hpi_forecast_4q_hi,2026-06,14.8585
27620,hpi_forecast_4q_lo,2026-06,-4.1823
27620,hpi_forecast_8q,2026-06,10.4771
27620,hpi_forecast_8q_hi,2026-06,31.8876
27620,hpi_forecast_8q_lo,2026-06,-6.1232
27620,hpi_surprise_4q,2026-06,-2.7031
27620,hpi_trend_5y,2026-06,9.0563
27620,hpi_yoy_latest,2026-06,3.1525
27740,hpi_forecast_4q,2026-06,4.1565
27740,hpi_forecast_4q_hi,2026-06,14.207
27740,hpi_forecast_4q_lo,2026-06,-4.7528
27740,hpi_forecast_8q,2026-06,9.3543
27740,hpi_forecast_8q_hi,2026-06,30.5047
27740,hpi_forecast_8q_lo,2026-06,-7.236
27740,hpi_surprise_4q,2026-06,-0.6844
27740,hpi_trend_5y,2026-06,10.3228
27740,hpi_yoy_latest,2026-06,4.028
27780,hpi_forecast_4q,2026-06,4.1138
27780,hpi_forecast_4q_hi,2026-06,14.054
27780,hpi_forecast_4q_lo,2026-06,-4.7165
27780,hpi_forecast_8q,2026-06,9.5903
27780,hpi_forecast_8q_hi,2026-06,30.564
27780,hpi_forecast_8q_lo,2026-06,-6.7289
27780,hpi_surprise_4q,2026-06,0.9684
27780,hpi_trend_5y,2026-06,7.9634
27780,hpi_yoy_latest,2026-06,6.0611
27860,hpi_forecast_4q,2026-06,3.1479
27860,hpi_forecast_4q_hi,2026-06,12.9242
27860,hpi_forecast_4q_lo,2026-06,-5.6552
27860,hpi_forecast_8q,2026-06,7.3464
27860,hpi_forecast_8q_hi,2026-06,27.8262
27860,hpi_forecast_8q_lo,2026-06,-8.8187
27860,hpi_surprise_4q,2026-06,-5.5953
27860,hpi_trend_5y,2026-06,5.2509
27860,hpi_yoy_latest,2026-06,-0.9522
27900,hpi_forecast_4q,2026-06,3.6504
27900,hpi_forecast_4q_hi,2026-06,13.5347
27900,hpi_forecast_4q_lo,2026-06,-5.1745
27900,hpi_forecast_8q,2026-06,8.6755
27900,hpi_forecast_8q_hi,2026-06,29.5774
27900,hpi_forecast_8q_lo,2026-06,-7.6744
27900,hpi_surprise_4q,2026-06,-2.9188
27900,hpi_trend_5y,2026-06,8.0155
27900,hpi_yoy_latest,2026-06,1.9864
27980,hpi_forecast_4q,2026-06,2.9655
27980,hpi_forecast_4q_hi,2026-06,12.6679
27980,hpi_forecast_4q_lo,2026-06,-5.7697
27980,hpi_forecast_8q,2026-06,6.7114
27980,hpi_forecast_8q_hi,2026-06,26.5539
27980,hpi_forecast_8q_lo,2026-06,-9.0558
27980,hpi_surprise_4q,2026-06,1.3255
27980,hpi_trend_5y,2026-06,8.2377
27980,hpi_yoy_latest,2026-06,3.9304
28020,hpi_forecast_4q,2026-06,4.3047
28020,hpi_forecast_4q_hi,2026-06,14.3137
28020,hpi_forecast_4q_lo,2026-06,-4.5402
28020,hpi_forecast_8q,2026-06,9.7038
28020,hpi_forecast_8q_hi,2026-06,30.753
28020,hpi_forecast_8q_lo,2026-06,-6.6883
28020,hpi_surprise_4q,2026-06,-4.7665
28020,hpi_trend_5y,2026-06,7.195
28020,hpi_yoy_latest,2026-06,0.657
28100,hpi_forecast_4q,2026-06,5.9459
28100,hpi_forecast_4q_hi,2026-06,16.3305
28100,hpi_forecast_4q_lo,2026-06,-2.9704
28100,hpi_forecast_8q,2026-06,12.8941
28100,hpi_forecast_8q_hi,2026-06,35.0574
28100,hpi_forecast_8q_lo,2026-06,-3.9311
28100,hpi_surprise_4q,2026-06,0.9357
28100,hpi_trend_5y,2026-06,7.7827
28100,hpi_yoy_latest,2026-06,5.5039
28140,hpi_forecast_4q,2026-06,4.9439
28140,hpi_forecast_4q_hi,2026-06,15.1814
28140,hpi_forecast_4q_lo,2026-06,-3.9744
28140,hpi_forecast_8q,2026-06,10.8509
28140,hpi_forecast_8q_hi,2026-06,32.7196
28140,hpi_forecast_8q_lo,2026-06,-5.9369
28140,hpi_surprise_4q,2026-06,-1.5974
28140,hpi_trend_5y,2026-06,7.3317
28140,hpi_yoy_latest,2026-06,3.1834
28420,hpi_forecast_4q,2026-06,3.9573
28420,hpi_forecast_4q_hi,2026-06,13.958
28420,hpi_forecast_4q_lo,2026-06,-4.9118
28420,hpi_forecast_8q,2026-06,8.823
28420,hpi_forecast_8q_hi,2026-06,29.9202
28420,hpi_forecast_8q_lo,2026-06,-7.6782
28420,hpi_surprise_4q,2026-06,-1.7441
28420,hpi_trend_5y,2026-06,5.9066
28420,hpi_yoy_latest,2026-06,1.9136
28450,hpi_forecast_4q,2026-06,6.271
28450,hpi_forecast_4q_hi,2026-06,16.8043
28450,hpi_forecast_4q_lo,2026-06,-2.6881
28450,hpi_forecast_8q,2026-06,13.197
28450,hpi_forecast_8q_hi,2026-06,35.7509
28450,hpi_forecast_8q_lo,2026-06,-3.8135
28450,hpi_surprise_4q,2026-06,1.8823
28450,hpi_trend_5y,2026-06,9.0767
28450,hpi_yoy_latest,2026-06,8.3623
28660,hpi_forecast_4q,2026-06,2.9613
28660,hpi_forecast_4q_hi,2026-06,12.7419
28660,hpi_forecast_4q_lo,2026-06,-5.8599
28660,hpi_forecast_8q,2026-06,6.8957
28660,hpi_forecast_8q_hi,2026-06,27.2824
28660,hpi_forecast_8q_lo,2026-06,-9.2985
28660,hpi_surprise_4q,2026-06,-0.0326
28660,hpi_trend_5y,2026-06,6.8502
28660,hpi_yoy_latest,2026-06,1.7261
28700,hpi_forecast_4q,2026-06,4.036
28700,hpi_forecast_4q_hi,2026-06,14.0518
28700,hpi_forecast_4q_lo,2026-06,-4.8375
28700,hpi_forecast_8q,2026-06,9.2028
28700,hpi_forecast_8q_hi,2026-06,30.3458
28700,hpi_forecast_8q_lo,2026-06,-7.3041
28700,hpi_surprise_4q,2026-06,-2.0264
28700,hpi_trend_5y,2026-06,9.8936
28700,hpi_yoy_latest,2026-06,3.0008
28740,hpi_forecast_4q,2026-06,4.0252
28740,hpi_forecast_4q_hi,2026-06,13.9771
28740,hpi_forecast_4q_lo,2026-06,-4.8101
28740,hpi_forecast_8q,2026-06,9.1823
28740,hpi_forecast_8q_hi,2026-06,30.0406
28740,hpi_forecast_8q_lo,2026-06,-7.1422
28740,hpi_surprise_4q,2026-06,-2.2526
28740,hpi_trend_5y,2026-06,7.8916
28740,hpi_yoy_latest,2026-06,2.5952
28880,hpi_forecast_4q,2026-06,5.4617
28880,hpi_forecast_4q_hi,2026-06,15.8212
28880,hpi_forecast_4q_lo,2026-06,-3.4765
28880,hpi_forecast_8q,2026-06,11.7006
28880,hpi_forecast_8q_hi,2026-06,33.7304
28880,hpi_forecast_8q_lo,2026-06,-5.1694
28880,hpi_surprise_4q,2026-06,-3.1092
28880,hpi_trend_5y,2026-06,8.3558
28880,hpi_yoy_latest,2026-06,3.3696
28940,hpi_forecast_4q,2026-06,4.4403
28940,hpi_forecast_4q_hi,2026-06,14.6859
28940,hpi_forecast_4q_lo,2026-06,-4.5515
28940,hpi_forecast_8q,2026-06,9.6357
28940,hpi_forecast_8q_hi,2026-06,31.6
28940,hpi_forecast_8q_lo,2026-06,-7.3554
28940,hpi_surprise_4q,2026-06,-0.8265
28940,hpi_trend_5y,2026-06,10.3263
28940,hpi_yoy_latest,2026-06,3.8804
29020,hpi_forecast_4q,2026-06,6.8336
29020,hpi_forecast_4q_hi,2026-06,17.5601
29020,hpi_forecast_4q_lo,2026-06,-2.2316
29020,hpi_forecast_8q,2026-06,14.2525
29020,hpi_forecast_8q_hi,2026-06,37.2823
29020,hpi_forecast_8q_lo,2026-06,-3.0917
29020,hpi_surprise_4q,2026-06,1.2123
29020,hpi_trend_5y,2026-06,8.9564
29020,hpi_yoy_latest,2026-06,7.2369
29100,hpi_forecast_4q,2026-06,5.2456
29100,hpi_forecast_4q_hi,2026-06,15.5036
29100,hpi_forecast_4q_lo,2026-06,-3.6633
29100,hpi_forecast_8q,2026-06,11.4676
29100,hpi_forecast_8q_hi,2026-06,33.1783
29100,hpi_forecast_8q_lo,2026-06,-5.2337
29100,hpi_surprise_4q,2026-06,-0.2683
29100,hpi_trend_5y,2026-06,8.4515
29100,hpi_yoy_latest,2026-06,5.0036
29180,hpi_forecast_4q,2026-06,5.0119
29180,hpi_forecast_4q_hi,2026-06,15.275
29180,hpi_forecast_4q_lo,2026-06,-3.9243
29180,hpi_forecast_8q,2026-06,10.8504
29180,hpi_forecast_8q_hi,2026-06,32.6842
29180,hpi_forecast_8q_lo,2026-06,-5.9506
29180,hpi_surprise_4q,2026-06,2.6651
29180,hpi_trend_5y,2026-06,4.6172
29180,hpi_yoy_latest,2026-06,5.5651
29200,hpi_forecast_4q,2026-06,3.8367
29200,hpi_forecast_4q_hi,2026-06,13.9636
29200,hpi_forecast_4q_lo,2026-06,-5.1012
29200,hpi_forecast_8q,2026-06,7.7398
29200,hpi_forecast_8q_hi,2026-06,29.2263
29200,hpi_forecast_8q_lo,2026-06,-8.9981
29200,hpi_surprise_4q,2026-06,-0.8286
29200,hpi_trend_5y,2026-06,8.5769
29200,hpi_yoy_latest,2026-06,4.1084
29340,hpi_forecast_4q,2026-06,5.3593
29340,hpi_forecast_4q_hi,2026-06,15.6409
29340,hpi_forecast_4q_lo,2026-06,-3.5543
29340,hpi_forecast_8q,2026-06,11.7906
29340,hpi_forecast_8q_hi,2026-06,33.7752
29340,hpi_forecast_8q_lo,2026-06,-5.0119
29340,hpi_surprise_4q,2026-06,6.0716
29340,hpi_trend_5y,2026-06,3.3028
29340,hpi_yoy_latest,2026-06,7.7174
29404,hpi_forecast_4q,2026-06,5.9706
29404,hpi_forecast_4q_hi,2026-06,16.3572
29404,hpi_forecast_4q_lo,2026-06,-2.9467
29404,hpi_forecast_8q,2026-06,12.8262
29404,hpi_forecast_8q_hi,2026-06,34.8907
29404,hpi_forecast_8q_lo,2026-06,-3.9481
29404,hpi_surprise_4q,2026-06,-0.9021
29404,hpi_trend_5y,2026-06,8.7079
29404,hpi_yoy_latest,2026-06,5.2263
29414,hpi_forecast_4q,2026-06,5.0368
29414,hpi_forecast_4q_hi,2026-06,15.2221
29414,hpi_forecast_4q_lo,2026-06,-3.8711
29414,hpi_forecast_8q,2026-06,11.1752
29414,hpi_forecast_8q_hi,2026-06,32.7984
29414,hpi_forecast_8q_lo,2026-06,-5.5433
29414,hpi_surprise_4q,2026-06,-0.7111
29414,hpi_trend_5y,2026-06,7.0779
29414,hpi_yoy_latest,2026-06,4.0597
29420,hpi_forecast_4q,2026-06,3.1872
29420,hpi_forecast_4q_hi,2026-06,13.1159
29420,hpi_forecast_4q_lo,2026-06,-5.7469
29420,hpi_forecast_8q,2026-06,7.4242
29420,hpi_forecast_8q_hi,2026-06,28.5567
29420,hpi_forecast_8q_lo,2026-06,-9.3276
29420,hpi_surprise_4q,2026-06,-3.2629
29420,hpi_trend_5y,2026-06,4.8934
29420,hpi_yoy_latest,2026-06,-0.0467
29460,hpi_forecast_4q,2026-06,2.8906
29460,hpi_forecast_4q_hi,2026-06,12.6977
29460,hpi_forecast_4q_lo,2026-06,-5.9829
29460,hpi_forecast_8q,2026-06,7.1611
29460,hpi_forecast_8q_hi,2026-06,28.2611
29460,hpi_forecast_8q_lo,2026-06,-9.4986
29460,hpi_surprise_4q,2026-06,0.2331
29460,hpi_trend_5y,2026-06,7.394
29460,hpi_yoy_latest,2026-06,2.3832
29484,hpi_forecast_4q,2026-06,5.4216
29484,hpi_forecast_4q_hi,2026-06,15.7422
29484,hpi_forecast_4q_lo,2026-06,-3.5035
29484,hpi_forecast_8q,2026-06,11.7942
29484,hpi_forecast_8q_hi,2026-06,33.7589
29484,hpi_forecast_8q_lo,2026-06,-4.9963
29484,hpi_surprise_4q,2026-06,-1.2354
29484,hpi_trend_5y,2026-06,9.6484
29484,hpi_yoy_latest,2026-06,4.8346
29540,hpi_forecast_4q,2026-06,5.7732
29540,hpi_forecast_4q_hi,2026-06,16.154
29540,hpi_forecast_4q_lo,2026-06,-3.1572
29540,hpi_forecast_8q,2026-06,12.3493
29540,hpi_forecast_8q_hi,2026-06,34.41
29540,hpi_forecast_8q_lo,2026-06,-4.4568
29540,hpi_surprise_4q,2026-06,1.2378
29540,hpi_trend_5y,2026-06,9.0253
29540,hpi_yoy_latest,2026-06,6.2535
29620,hpi_forecast_4q,2026-06,5.1385
29620,hpi_forecast_4q_hi,2026-06,15.3467
29620,hpi_forecast_4q_lo,2026-06,-3.7507
29620,hpi_forecast_8q,2026-06,11.316
29620,hpi_forecast_8q_hi,2026-06,32.8711
29620,hpi_forecast_8q_lo,2026-06,-5.2911
29620,hpi_surprise_4q,2026-06,0.0542
29620,hpi_trend_5y,2026-06,7.4158
29620,hpi_yoy_latest,2026-06,5.1382
29700,hpi_forecast_4q,2026-06,3.5059
29700,hpi_forecast_4q_hi,2026-06,13.3311
29700,hpi_forecast_4q_lo,2026-06,-5.2635
29700,hpi_forecast_8q,2026-06,8.0307
29700,hpi_forecast_8q_hi,2026-06,28.4333
29700,hpi_forecast_8q_lo,2026-06,-8.0143
29700,hpi_surprise_4q,2026-06,-0.7054
29700,hpi_trend_5y,2026-06,6.0808
29700,hpi_yoy_latest,2026-06,2.2354
29740,hpi_forecast_4q,2026-06,3.372
29740,hpi_forecast_4q_hi,2026-06,13.2124
29740,hpi_forecast_4q_lo,2026-06,-5.444
29740,hpi_forecast_8q,2026-06,7.9211
29740,hpi_forecast_8q_hi,2026-06,28.5321
29740,hpi_forecast_8q_lo,2026-06,-8.3328
29740,hpi_surprise_4q,2026-06,-4.7932
29740,hpi_trend_5y,2026-06,7.2389
29740,hpi_yoy_latest,2026-06,-0.3751
29820,hpi_forecast_4q,2026-06,3.7241
29820,hpi_forecast_4q_hi,2026-06,13.6688
29820,hpi_forecast_4q_lo,2026-06,-5.1294
29820,hpi_forecast_8q,2026-06,8.4499
29820,hpi_forecast_8q_hi,2026-06,29.3612
29820,hpi_forecast_8q_lo,2026-06,-7.9528
29820,hpi_surprise_4q,2026-06,-1.4735
29820,hpi_trend_5y,2026-06,7.2435
29820,hpi_yoy_latest,2026-06,2.7667
29940,hpi_forecast_4q,2026-06,4.5655
29940,hpi_forecast_4q_hi,2026-06,14.7047
29940,hpi_forecast_4q_lo,2026-06,-4.312
29940,hpi_forecast_8q,2026-06,9.9945
29940,hpi_forecast_8q_hi,2026-06,31.3303
29940,hpi_forecast_8q_lo,2026-06,-6.5159
29940,hpi_surprise_4q,2026-06,-0.0058
29940,hpi_trend_5y,2026-06,7.21
29940,hpi_yoy_latest,2026-06,4.8126
30020,hpi_forecast_4q,2026-06,6.59
30020,hpi_forecast_4q_hi,2026-06,17.2519
30020,hpi_forecast_4q_lo,2026-06,-2.4603
30020,hpi_forecast_8q,2026-06,13.547
30020,hpi_forecast_8q_hi,2026-06,36.0835
30020,hpi_forecast_8q_lo,2026-06,-3.5884
30020,hpi_surprise_4q,2026-06,6.3279
30020,hpi_trend_5y,2026-06,7.4797
30020,hpi_yoy_latest,2026-06,10.221
30140,hpi_forecast_4q,2026-06,4.4469
30140,hpi_forecast_4q_hi,2026-06,14.5445
30140,hpi_forecast_4q_lo,2026-06,-4.4468
30140,hpi_forecast_8q,2026-06,10.0034
30140,hpi_forecast_8q_hi,2026-06,31.4131
30140,hpi_forecast_8q_lo,2026-06,-6.622
30140,hpi_surprise_4q,2026-06,-4.8424
30140,hpi_trend_5y,2026-06,8.3988
30140,hpi_yoy_latest,2026-06,1.2991
30300,hpi_forecast_4q,2026-06,3.5833
30300,hpi_forecast_4q_hi,2026-06,13.4971
30300,hpi_forecast_4q_lo,2026-06,-5.2794
30300,hpi_forecast_8q,2026-06,8.0893
30300,hpi_forecast_8q_hi,2026-06,28.7881
30300,hpi_forecast_8q_lo,2026-06,-8.2529
30300,hpi_surprise_4q,2026-06,1.0657
30300,hpi_trend_5y,2026-06,7.0058
30300,hpi_yoy_latest,2026-06,4.6821
30340,hpi_forecast_4q,2026-06,4.2193
30340,hpi_forecast_4q_hi,2026-06,14.2839
30340,hpi_forecast_4q_lo,2026-06,-4.6736
30340,hpi_forecast_8q,2026-06,9.3891
30340,hpi_forecast_8q_hi,2026-06,30.5727
30340,hpi_forecast_8q_lo,2026-06,-7.156
30340,hpi_surprise_4q,2026-06,-5.1472
30340,hpi_trend_5y,2026-06,9.4033
30340,hpi_yoy_latest,2026-06,1.7035
30460,hpi_forecast_4q,2026-06,5.3211
30460,hpi_forecast_4q_hi,2026-06,15.5849
30460,hpi_forecast_4q_lo,2026-06,-3.5747
30460,hpi_forecast_8q,2026-06,11.4011
30460,hpi_forecast_8q_hi,2026-06,33.0935
30460,hpi_forecast_8q_lo,2026-06,-5.2477
30460,hpi_surprise_4q,2026-06,1.3805
30460,hpi_trend_5y,2026-06,8.8037
30460,hpi_yoy_latest,2026-06,6.1168
30500,hpi_forecast_4q,2026-06,3.6186
30500,hpi_forecast_4q_hi,2026-06,13.4581
30500,hpi_forecast_4q_lo,2026-06,-5.1852
30500,hpi_forecast_8q,2026-06,8.2832
30500,hpi_forecast_8q_hi,2026-06,28.6551
30500,hpi_forecast_8q_lo,2026-06,-7.8257
30500,hpi_surprise_4q,2026-06,-5.3667
30500,hpi_trend_5y,2026-06,5.6366
30500,hpi_yoy_latest,2026-06,0.3801
30620,hpi_forecast_4q,2026-06,7.313
30620,hpi_forecast_4q_hi,2026-06,18.0737
30620,hpi_forecast_4q_lo,2026-06,-1.6897
30620,hpi_forecast_8q,2026-06,15.4274
30620,hpi_forecast_8q_hi,2026-06,38.6875
30620,hpi_forecast_8q_lo,2026-06,-1.8115
30620,hpi_surprise_4q,2026-06,6.9622
30620,hpi_trend_5y,2026-06,8.2332
30620,hpi_yoy_latest,2026-06,11.0876
30700,hpi_forecast_4q,2026-06,4.1072
30700,hpi_forecast_4q_hi,2026-06,14.1383
30700,hpi_forecast_4q_lo,2026-06,-4.7611
30700,hpi_forecast_8q,2026-06,9.0331
30700,hpi_forecast_8q_hi,2026-06,30.1797
30700,hpi_forecast_8q_lo,2026-06,-7.4505
30700,hpi_surprise_4q,2026-06,-2.5388
30700,hpi_trend_5y,2026-06,6.8562
30700,hpi_yoy_latest,2026-06,2.112
30780,hpi_forecast_4q,2026-06,4.1866
30780,hpi_forecast_4q_hi,2026-06,14.2106
30780,hpi_forecast_4q_lo,2026-06,-4.6784
30780,hpi_forecast_8q,2026-06,9.4261
30780,hpi_forecast_8q_hi,2026-06,30.5833
30780,hpi_forecast_8q_lo,2026-06,-7.0658
30780,hpi_surprise_4q,2026-06,-1.4885
30780,hpi_trend_5y,2026-06,6.6264
30780,hpi_yoy_latest,2026-06,2.3169
30860,hpi_forecast_4q,2026-06,2.9716
30860,hpi_forecast_4q_hi,2026-06,12.6764
30860,hpi_forecast_4q_lo,2026-06,-5.7741
30860,hpi_forecast_8q,2026-06,6.7434
30860,hpi_forecast_8q_hi,2026-06,26.6713
30860,hpi_forecast_8q_lo,2026-06,-9.1404
30860,hpi_surprise_4q,2026-06,-3.079
30860,hpi_trend_5y,2026-06,6.6718
30860,hpi_yoy_latest,2026-06,0.6001
30980,hpi_forecast_4q,2026-06,4.5559
30980,hpi_forecast_4q_hi,2026-06,14.5495
30980,hpi_forecast_4q_lo,2026-06,-4.2399
30980,hpi_forecast_8q,2026-06,10.5214
30980,hpi_forecast_8q_hi,2026-06,31.7396
30980,hpi_forecast_8q_lo,2026-06,-5.8537
30980,hpi_surprise_4q,2026-06,-0.6148
30980,hpi_trend_5y,2026-06,8.0544
30980,hpi_yoy_latest,2026-06,3.3722
31020,hpi_forecast_4q,2026-06,4.8488
31020,hpi_forecast_4q_hi,2026-06,15.0367
31020,hpi_forecast_4q_lo,2026-06,-4.0624
31020,hpi_forecast_8q,2026-06,10.8775
31020,hpi_forecast_8q_hi,2026-06,32.6713
31020,hpi_forecast_8q_lo,2026-06,-5.9165
31020,hpi_surprise_4q,2026-06,-2.0823
31020,hpi_trend_5y,2026-06,5.4465
31020,hpi_yoy_latest,2026-06,2.4636
31084,hpi_forecast_4q,2026-06,3.4705
31084,hpi_forecast_4q_hi,2026-06,13.3465
31084,hpi_forecast_4q_lo,2026-06,-5.3525
31084,hpi_forecast_8q,2026-06,7.8073
31084,hpi_forecast_8q_hi,2026-06,28.19
31084,hpi_forecast_8q_lo,2026-06,-8.283
31084,hpi_surprise_4q,2026-06,-2.6742
31084,hpi_trend_5y,2026-06,5.6976
31084,hpi_yoy_latest,2026-06,1.2001
31140,hpi_forecast_4q,2026-06,4.8212
31140,hpi_forecast_4q_hi,2026-06,15.0136
31140,hpi_forecast_4q_lo,2026-06,-4.0798
31140,hpi_forecast_8q,2026-06,10.4994
31140,hpi_forecast_8q_hi,2026-06,32.1605
31140,hpi_forecast_8q_lo,2026-06,-6.1738
31140,hpi_surprise_4q,2026-06,-1.4431
31140,hpi_trend_5y,2026-06,6.9929
31140,hpi_yoy_latest,2026-06,3.8484
31180,hpi_forecast_4q,2026-06,4.129
31180,hpi_forecast_4q_hi,2026-06,14.1317
31180,hpi_forecast_4q_lo,2026-06,-4.7054
31180,hpi_forecast_8q,2026-06,9.3515
31180,hpi_forecast_8q_hi,2026-06,30.724
31180,hpi_forecast_8q_lo,2026-06,-7.1793
31180,hpi_surprise_4q,2026-06,-0.6663
31180,hpi_trend_5y,2026-06,5.0973
31180,hpi_yoy_latest,2026-06,2.2815
31340,hpi_forecast_4q,2026-06,5.1154
31340,hpi_forecast_4q_hi,2026-06,15.3697
31340,hpi_forecast_4q_lo,2026-06,-3.8183
31340,hpi_forecast_8q,2026-06,11.2971
31340,hpi_forecast_8q_hi,2026-06,33.2585
31340,hpi_forecast_8q_lo,2026-06,-5.5623
31340,hpi_surprise_4q,2026-06,-0.2419
31340,hpi_trend_5y,2026-06,8.6256
31340,hpi_yoy_latest,2026-06,4.7423
31420,hpi_forecast_4q,2026-06,4.9978
31420,hpi_forecast_4q_hi,2026-06,15.1994
31420,hpi_forecast_4q_lo,2026-06,-3.9148
31420,hpi_forecast_8q,2026-06,11.0315
31420,hpi_forecast_8q_hi,2026-06,32.6981
31420,hpi_forecast_8q_lo,2026-06,-5.6652
31420,hpi_surprise_4q,2026-06,-3.8723
31420,hpi_trend_5y,2026-06,8.8726
31420,hpi_yoy_latest,2026-06,2.7134
31540,hpi_forecast_4q,2026-06,4.6922
31540,hpi_forecast_4q_hi,2026-06,14.9424
31540,hpi_forecast_4q_lo,2026-06,-4.2691
31540,hpi_forecast_8q,2026-06,9.8965
31540,hpi_forecast_8q_hi,2026-06,31.7189
31540,hpi_forecast_8q_lo,2026-06,-6.9805
31540,hpi_surprise_4q,2026-06,-0.1336
31540,hpi_trend_5y,2026-06,8.305
31540,hpi_yoy_latest,2026-06,4.9155
31700,hpi_forecast_4q,2026-06,5.0224
31700,hpi_forecast_4q_hi,2026-06,15.2382
31700,hpi_forecast_4q_lo,2026-06,-3.8922
31700,hpi_forecast_8q,2026-06,11.0455
31700,hpi_forecast_8q_hi,2026-06,32.7459
31700,hpi_forecast_8q_lo,2026-06,-5.6908
31700,hpi_surprise_4q,2026-06,-0.7053
31700,hpi_trend_5y,2026-06,8.7874
31700,hpi_yoy_latest,2026-06,4.7538
31740,hpi_forecast_4q,2026-06,4.8709
31740,hpi_forecast_4q_hi,2026-06,15.0178
31740,hpi_forecast_4q_lo,2026-06,-3.9983
31740,hpi_forecast_8q,2026-06,10.6515
31740,hpi_forecast_8q_hi,2026-06,32.005
31740,hpi_forecast_8q_lo,2026-06,-5.8713
31740,hpi_surprise_4q,2026-06,-0.3127
31740,hpi_trend_5y,2026-06,6.4308
31740,hpi_yoy_latest,2026-06,4.3252
31860,hpi_forecast_4q,2026-06,4.0756
31860,hpi_forecast_4q_hi,2026-06,14.0456
31860,hpi_forecast_4q_lo,2026-06,-4.7649
31860,hpi_forecast_8q,2026-06,9.1481
31860,hpi_forecast_8q_hi,2026-06,30.0554
31860,hpi_forecast_8q_lo,2026-06,-7.2513
31860,hpi_surprise_4q,2026-06,-3.1716
31860,hpi_trend_5y,2026-06,5.5175
31860,hpi_yoy_latest,2026-06,1.1928
31900,hpi_forecast_4q,2026-06,3.1603
31900,hpi_forecast_4q_hi,2026-06,12.8548
31900,hpi_forecast_4q_lo,2026-06,-5.5776
31900,hpi_forecast_8q,2026-06,7.7915
31900,hpi_forecast_8q_hi,2026-06,27.8837
31900,hpi_forecast_8q_lo,2026-06,-8.1332
31900,hpi_surprise_4q,2026-06,-11.2048
31900,hpi_trend_5y,2026-06,8.4267
31900,hpi_yoy_latest,2026-06,-3.6356
31924,hpi_forecast_4q,2026-06,2.1568
31924,hpi_forecast_4q_hi,2026-06,11.6977
31924,hpi_forecast_4q_lo,2026-06,-6.5848
31924,hpi_forecast_8q,2026-06,5.5188
31924,hpi_forecast_8q_hi,2026-06,25.1927
31924,hpi_forecast_8q_lo,2026-06,-10.3323
31924,hpi_surprise_4q,2026-06,-3.0646
31924,hpi_trend_5y,2026-06,7.8627
31924,hpi_yoy_latest,2026-06,0.5067
32580,hpi_forecast_4q,2026-06,5.892
32580,hpi_forecast_4q_hi,2026-06,16.3866
32580,hpi_forecast_4q_lo,2026-06,-3.0856
32580,hpi_forecast_8q,2026-06,12.4383
32580,hpi_forecast_8q_hi,2026-06,35.1621
32580,hpi_forecast_8q_lo,2026-06,-4.7037
32580,hpi_surprise_4q,2026-06,4.1061
32580,hpi_trend_5y,2026-06,9.0963
32580,hpi_yoy_latest,2026-06,7.6182
32780,hpi_forecast_4q,2026-06,4.9221
32780,hpi_forecast_4q_hi,2026-06,15.2068
32780,hpi_forecast_4q_lo,2026-06,-4.0446
32780,hpi_forecast_8q,2026-06,10.633
32780,hpi_forecast_8q_hi,2026-06,32.4618
32780,hpi_forecast_8q_lo,2026-06,-6.2377
32780,hpi_surprise_4q,2026-06,0.0244
32780,hpi_trend_5y,2026-06,4.0547
32780,hpi_yoy_latest,2026-06,3.869
32820,hpi_forecast_4q,2026-06,3.5723
32820,hpi_forecast_4q_hi,2026-06,13.3626
32820,hpi_forecast_4q_lo,2026-06,-5.1656
32820,hpi_forecast_8q,2026-06,8.3494
32820,hpi_forecast_8q_hi,2026-06,28.7193
32820,hpi_forecast_8q_lo,2026-06,-7.6187
32820,hpi_surprise_4q,2026-06,-1.1704
32820,hpi_trend_5y,2026-06,5.8808
32820,hpi_yoy_latest,2026-06,1.7853
32900,hpi_forecast_4q,2026-06,2.9603
32900,hpi_forecast_4q_hi,2026-06,12.7982
32900,hpi_forecast_4q_lo,2026-06,-5.9094
32900,hpi_forecast_8q,2026-06,6.4887
32900,hpi_forecast_8q_hi,2026-06,26.4899
32900,hpi_forecast_8q_lo,2026-06,-9.6011
32900,hpi_surprise_4q,2026-06,-2.7231
32900,hpi_trend_5y,2026-06,4.8026
32900,hpi_yoy_latest,2026-06,-0.0108
33124,hpi_forecast_4q,2026-06,2.7951
33124,hpi_forecast_4q_hi,2026-06,12.3788
33124,hpi_forecast_4q_lo,2026-06,-5.8607
33124,hpi_forecast_8q,2026-06,6.5062
33124,hpi_forecast_8q_hi,2026-06,25.9881
33124,hpi_forecast_8q_lo,2026-06,-8.9822
33124,hpi_surprise_4q,2026-06,-3.0625
33124,hpi_trend_5y,2026-06,10.8938
33124,hpi_yoy_latest,2026-06,1.2662
33140,hpi_forecast_4q,2026-06,5.6491
33140,hpi_forecast_4q_hi,2026-06,16.015
33140,hpi_forecast_4q_lo,2026-06,-3.284
33140,hpi_forecast_8q,2026-06,12.256
33140,hpi_forecast_8q_hi,2026-06,34.413
33140,hpi_forecast_8q_lo,2026-06,-4.6142
33140,hpi_surprise_4q,2026-06,0.4802
33140,hpi_trend_5y,2026-06,9.2064
33140,hpi_yoy_latest,2026-06,6.6269
33220,hpi_forecast_4q,2026-06,5.5268
33220,hpi_forecast_4q_hi,2026-06,15.848
33220,hpi_forecast_4q_lo,2026-06,-3.3944
33220,hpi_forecast_8q,2026-06,12.0297
33220,hpi_forecast_8q_hi,2026-06,33.9794
33220,hpi_forecast_8q_lo,2026-06,-4.7599
33220,hpi_surprise_4q,2026-06,-2.2672
33220,hpi_trend_5y,2026-06,8.7162
33220,hpi_yoy_latest,2026-06,3.5243
33260,hpi_forecast_4q,2026-06,4.7711
33260,hpi_forecast_4q_hi,2026-06,14.9406
33260,hpi_forecast_4q_lo,2026-06,-4.1194
33260,hpi_forecast_8q,2026-06,10.6343
33260,hpi_forecast_8q_hi,2026-06,32.556
33260,hpi_forecast_8q_lo,2026-06,-6.1738
33260,hpi_surprise_4q,2026-06,-1.5026
33260,hpi_trend_5y,2026-06,4.9808
33260,hpi_yoy_latest,2026-06,4.0865
33340,hpi_forecast_4q,2026-06,5.9002
33340,hpi_forecast_4q_hi,2026-06,16.3543
33340,hpi_forecast_4q_lo,2026-06,-3.0671
33340,hpi_forecast_8q,2026-06,12.6361
33340,hpi_forecast_8q_hi,2026-06,34.9819
33340,hpi_forecast_8q_lo,2026-06,-4.3367
33340,hpi_surprise_4q,2026-06,0.5339
33340,hpi_trend_5y,2026-06,8.7231
33340,hpi_yoy_latest,2026-06,6.1961
33460,hpi_forecast_4q,2026-06,4.342
33460,hpi_forecast_4q_hi,2026-06,14.3648
33460,hpi_forecast_4q_lo,2026-06,-4.49
33460,hpi_forecast_8q,2026-06,9.7976
33460,hpi_forecast_8q_hi,2026-06,30.9095
33460,hpi_forecast_8q_lo,2026-06,-6.5678
33460,hpi_surprise_4q,2026-06,-1.5038
33460,hpi_trend_5y,2026-06,4.9519
33460,hpi_yoy_latest,2026-06,2.6008
33500,hpi_forecast_4q,2026-06,4.7571
33500,hpi_forecast_4q_hi,2026-06,14.7877
33500,hpi_forecast_4q_lo,2026-06,-4.0242
33500,hpi_forecast_8q,2026-06,10.7945
33500,hpi_forecast_8q_hi,2026-06,32.0467
33500,hpi_forecast_8q_lo,2026-06,-5.5268
33500,hpi_surprise_4q,2026-06,2.9012
33500,hpi_trend_5y,2026-06,6.0189
33500,hpi_yoy_latest,2026-06,6.7465
33540,hpi_forecast_4q,2026-06,3.0133
33540,hpi_forecast_4q_hi,2026-06,12.8163
33540,hpi_forecast_4q_lo,2026-06,-5.8183
33540,hpi_forecast_8q,2026-06,7.0353
33540,hpi_forecast_8q_hi,2026-06,27.4944
33540,hpi_forecast_8q_lo,2026-06,-9.1938
33540,hpi_surprise_4q,2026-06,-3.9931
33540,hpi_trend_5y,2026-06,7.8441
33540,hpi_yoy_latest,2026-06,0.4321
33660,hpi_forecast_4q,2026-06,3.3729
33660,hpi_forecast_4q_hi,2026-06,13.1441
33660,hpi_forecast_4q_lo,2026-06,-5.3995
33660,hpi_forecast_8q,2026-06,7.8979
33660,hpi_forecast_8q_hi,2026-06,28.1875
33660,hpi_forecast_8q_lo,2026-06,-8.1297
33660,hpi_surprise_4q,2026-06,-2.3692
33660,hpi_trend_5y,2026-06,7.0798
33660,hpi_yoy_latest,2026-06,2.1306
33700,hpi_forecast_4q,2026-06,4.0897
33700,hpi_forecast_4q_hi,2026-06,14.1676
33700,hpi_forecast_4q_lo,2026-06,-4.8086
33700,hpi_forecast_8q,2026-06,8.8776
33700,hpi_forecast_8q_hi,2026-06,29.83
33700,hpi_forecast_8q_lo,2026-06,-7.5549
33700,hpi_surprise_4q,2026-06,-0.2899
33700,hpi_trend_5y,2026-06,4.6929
33700,hpi_yoy_latest,2026-06,2.7562
33740,hpi_forecast_4q,2026-06,2.7118
33740,hpi_forecast_4q_hi,2026-06,12.3198
33740,hpi_forecast_4q_lo,2026-06,-6.001
33740,hpi_forecast_8q,2026-06,6.7107
33740,hpi_forecast_8q_hi,2026-06,26.5008
33740,hpi_forecast_8q_lo,2026-06,-9.057
33740,hpi_surprise_4q,2026-06,-0.8555
33740,hpi_trend_5y,2026-06,4.0493
33740,hpi_yoy_latest,2026-06,2.0606
33780,hpi_forecast_4q,2026-06,4.865
33780,hpi_forecast_4q_hi,2026-06,14.9585
33780,hpi_forecast_4q_lo,2026-06,-3.9757
33780,hpi_forecast_8q,2026-06,11.0036
33780,hpi_forecast_8q_hi,2026-06,32.3981
33780,hpi_forecast_8q_lo,2026-06,-5.4982
33780,hpi_surprise_4q,2026-06,-3.357
33780,hpi_trend_5y,2026-06,6.3633
33780,hpi_yoy_latest,2026-06,2.1114
33860,hpi_forecast_4q,2026-06,4.7574
33860,hpi_forecast_4q_hi,2026-06,14.942
33860,hpi_forecast_4q_lo,2026-06,-4.1573
33860,hpi_forecast_8q,2026-06,10.2827
33860,hpi_forecast_8q_hi,2026-06,31.7352
33860,hpi_forecast_8q_lo,2026-06,-6.3446
33860,hpi_surprise_4q,2026-06,2.3715
33860,hpi_trend_5y,2026-06,7.1138
33860,hpi_yoy_latest,2026-06,6.0093
33874,hpi_forecast_4q,2026-06,4.7785
33874,hpi_forecast_4q_hi,2026-06,14.9247
33874,hpi_forecast_4q_lo,2026-06,-4.099
33874,hpi_forecast_8q,2026-06,10.659
33874,hpi_forecast_8q_hi,2026-06,32.1902
33874,hpi_forecast_8q_lo,2026-06,-5.9114
33874,hpi_surprise_4q,2026-06,-1.2993
33874,hpi_trend_5y,2026-06,7.874
33874,hpi_yoy_latest,2026-06,4.0894
34060,hpi_forecast_4q,2026-06,5.1315
34060,hpi_forecast_4q_hi,2026-06,15.3136
34060,hpi_forecast_4q_lo,2026-06,-3.7305
34060,hpi_forecast_8q,2026-06,11.5301
34060,hpi_forecast_8q_hi,2026-06,33.1876
34060,hpi_forecast_8q_lo,2026-06,-5.058
34060,hpi_surprise_4q,2026-06,1.5544
34060,hpi_trend_5y,2026-06,6.0139
34060,hpi_yoy_latest,2026-06,6.1525
34100,hpi_forecast_4q,2026-06,4.0041
34100,hpi_forecast_4q_hi,2026-06,14.036
34100,hpi_forecast_4q_lo,2026-06,-4.908
34100,hpi_forecast_8q,2026-06,9.1215
34100,hpi_forecast_8q_hi,2026-06,30.3935
34100,hpi_forecast_8q_lo,2026-06,-7.56
34100,hpi_surprise_4q,2026-06,-5.1112
34100,hpi_trend_5y,2026-06,9.7442
34100,hpi_yoy_latest,2026-06,0.8998
34580,hpi_forecast_4q,2026-06,4.5895
34580,hpi_forecast_4q_hi,2026-06,14.7502
34580,hpi_forecast_4q_lo,2026-06,-4.3275
34580,hpi_forecast_8q,2026-06,10.11
34580,hpi_forecast_8q_hi,2026-06,31.5747
34580,hpi_forecast_8q_lo,2026-06,-6.553
34580,hpi_surprise_4q,2026-06,-1.2263
34580,hpi_trend_5y,2026-06,7.0081
34580,hpi_yoy_latest,2026-06,3.4529
34620,hpi_forecast_4q,2026-06,7.9605
34620,hpi_forecast_4q_hi,2026-06,18.9696
34620,hpi_forecast_4q_lo,2026-06,-1.1482
34620,hpi_forecast_8q,2026-06,16.4982
34620,hpi_forecast_8q_hi,2026-06,40.5133
34620,hpi_forecast_8q_lo,2026-06,-1.2161
34620,hpi_surprise_4q,2026-06,8.1704
34620,hpi_trend_5y,2026-06,9.9258
34620,hpi_yoy_latest,2026-06,13.9335
34740,hpi_forecast_4q,2026-06,5.131
34740,hpi_forecast_4q_hi,2026-06,15.3737
34740,hpi_forecast_4q_lo,2026-06,-3.7835
34740,hpi_forecast_8q,2026-06,11.3216
34740,hpi_forecast_8q_hi,2026-06,33.1263
34740,hpi_forecast_8q_lo,2026-06,-5.4459
34740,hpi_surprise_4q,2026-06,-3.7773
34740,hpi_trend_5y,2026-06,9.795
34740,hpi_yoy_latest,2026-06,2.4296
34820,hpi_forecast_4q,2026-06,3.7448
34820,hpi_forecast_4q_hi,2026-06,13.9403
34820,hpi_forecast_4q_lo,2026-06,-5.3217
34820,hpi_forecast_8q,2026-06,8.3787
34820,hpi_forecast_8q_hi,2026-06,30.7593
34820,hpi_forecast_8q_lo,2026-06,-9.0787
34820,hpi_surprise_4q,2026-06,-4.5088
34820,hpi_trend_5y,2026-06,8.7507
34820,hpi_yoy_latest,2026-06,0.8253
34900,hpi_forecast_4q,2026-06,2.1853
34900,hpi_forecast_4q_hi,2026-06,11.762
34900,hpi_forecast_4q_lo,2026-06,-6.5754
34900,hpi_forecast_8q,2026-06,5.4843
34900,hpi_forecast_8q_hi,2026-06,25.0213
34900,hpi_forecast_8q_lo,2026-06,-10.3067
34900,hpi_surprise_4q,2026-06,-4.7741
34900,hpi_trend_5y,2026-06,3.2215
34900,hpi_yoy_latest,2026-06,-1.8305
34940,hpi_forecast_4q,2026-06,2.2978
34940,hpi_forecast_4q_hi,2026-06,11.8867
34940,hpi_forecast_4q_lo,2026-06,-6.4467
34940,hpi_forecast_8q,2026-06,5.6879
34940,hpi_forecast_8q_hi,2026-06,25.465
34940,hpi_forecast_8q_lo,2026-06,-10.1504
34940,hpi_surprise_4q,2026-06,-0.8546
34940,hpi_trend_5y,2026-06,8.305
34940,hpi_yoy_latest,2026-06,0.8423
34980,hpi_forecast_4q,2026-06,3.2544
34980,hpi_forecast_4q_hi,2026-06,13.1576
34980,hpi_forecast_4q_lo,2026-06,-5.621
34980,hpi_forecast_8q,2026-06,7.4061
34980,hpi_forecast_8q_hi,2026-06,28.3012
34980,hpi_forecast_8q_lo,2026-06,-9.0753
34980,hpi_surprise_4q,2026-06,-2.6651
34980,hpi_trend_5y,2026-06,7.8386
34980,hpi_yoy_latest,2026-06,1.6357
35004,hpi_forecast_4q,2026-06,5.6793
35004,hpi_forecast_4q_hi,2026-06,16.041
35004,hpi_forecast_4q_lo,2026-06,-3.2471
35004,hpi_forecast_8q,2026-06,12.2669
35004,hpi_forecast_8q_hi,2026-06,34.3043
35004,hpi_forecast_8q_lo,2026-06,-4.5212
35004,hpi_surprise_4q,2026-06,0.4345
35004,hpi_trend_5y,2026-06,8.1146
35004,hpi_yoy_latest,2026-06,6.3505
35084,hpi_forecast_4q,2026-06,5.9969
35084,hpi_forecast_4q_hi,2026-06,16.4135
35084,hpi_forecast_4q_lo,2026-06,-2.9263
35084,hpi_forecast_8q,2026-06,12.8122
35084,hpi_forecast_8q_hi,2026-06,34.9544
35084,hpi_forecast_8q_lo,2026-06,-4.0013
35084,hpi_surprise_4q,2026-06,0.1367
35084,hpi_trend_5y,2026-06,8.9821
35084,hpi_yoy_latest,2026-06,6.3378
35300,hpi_forecast_4q,2026-06,5.8759
35300,hpi_forecast_4q_hi,2026-06,16.2344
35300,hpi_forecast_4q_lo,2026-06,-3.0751
35300,hpi_forecast_8q,2026-06,12.2428
35300,hpi_forecast_8q_hi,2026-06,34.1429
35300,hpi_forecast_8q_lo,2026-06,-4.6209
35300,hpi_surprise_4q,2026-06,-0.1599
35300,hpi_trend_5y,2026-06,9.1477
35300,hpi_yoy_latest,2026-06,6.0194
35380,hpi_forecast_4q,2026-06,3.9827
35380,hpi_forecast_4q_hi,2026-06,13.9842
35380,hpi_forecast_4q_lo,2026-06,-4.8894
35380,hpi_forecast_8q,2026-06,8.9529
35380,hpi_forecast_8q_hi,2026-06,29.8847
35380,hpi_forecast_8q_lo,2026-06,-7.4147
35380,hpi_surprise_4q,2026-06,0.5733
35380,hpi_trend_5y,2026-06,2.6324
35380,hpi_yoy_latest,2026-06,2.662
35614,hpi_forecast_4q,2026-06,5.8517
35614,hpi_forecast_4q_hi,2026-06,16.2269
35614,hpi_forecast_4q_lo,2026-06,-3.0541
35614,hpi_forecast_8q,2026-06,12.3928
35614,hpi_forecast_8q_hi,2026-06,34.3116
35614,hpi_forecast_8q_lo,2026-06,-4.2948
35614,hpi_surprise_4q,2026-06,-0.5645
35614,hpi_trend_5y,2026-06,7.7229
35614,hpi_yoy_latest,2026-06,5.7219
35660,hpi_forecast_4q,2026-06,5.9177
35660,hpi_forecast_4q_hi,2026-06,16.3546
35660,hpi_forecast_4q_lo,2026-06,-3.044
35660,hpi_forecast_8q,2026-06,12.7593
35660,hpi_forecast_8q_hi,2026-06,35.1359
35660,hpi_forecast_8q_lo,2026-06,-4.2018
35660,hpi_surprise_4q,2026-06,3.2645
35660,hpi_trend_5y,2026-06,8.6082
35660,hpi_yoy_latest,2026-06,7.6077
35840,hpi_forecast_4q,2026-06,1.0819
35840,hpi_forecast_4q_hi,2026-06,10.6109
35840,hpi_forecast_4q_lo,2026-06,-7.7678
35840,hpi_forecast_8q,2026-06,2.9975
35840,hpi_forecast_8q_hi,2026-06,22.9821
35840,hpi_forecast_8q_lo,2026-06,-13.2542
35840,hpi_surprise_4q,2026-06,-1.0795
35840,hpi_trend_5y,2026-06,6.5832
35840,hpi_yoy_latest,2026-06,-0.4596
35980,hpi_forecast_4q,2026-06,6.8948
35980,hpi_forecast_4q_hi,2026-06,17.5367
35980,hpi_forecast_4q_lo,2026-06,-2.1334
35980,hpi_forecast_8q,2026-06,14.1726
35980,hpi_forecast_8q_hi,2026-06,36.8572
35980,hpi_forecast_8q_lo,2026-06,-3.0888
35980,hpi_surprise_4q,2026-06,-0.8859
35980,hpi_trend_5y,2026-06,9.9775
35980,hpi_yoy_latest,2026-06,6.3603
36084,hpi_forecast_4q,2026-06,0.5125
36084,hpi_forecast_4q_hi,2026-06,9.642
36084,hpi_forecast_4q_lo,2026-06,-8.0981
36084,hpi_forecast_8q,2026-06,2.5227
36084,hpi_forecast_8q_hi,2026-06,20.8641
36084,hpi_forecast_8q_lo,2026-06,-12.6472
36084,hpi_surprise_4q,2026-06,-6.8361
36084,hpi_trend_5y,2026-06,1.5946
36084,hpi_yoy_latest,2026-06,-4.7997
36100,hpi_forecast_4q,2026-06,3.3717
36100,hpi_forecast_4q_hi,2026-06,13.4243
36100,hpi_forecast_4q_lo,2026-06,-5.6385
36100,hpi_forecast_8q,2026-06,7.9318
36100,hpi_forecast_8q_hi,2026-06,30.0049
36100,hpi_forecast_8q_lo,2026-06,-9.3788
36100,hpi_surprise_4q,2026-06,-1.5461
36100,hpi_trend_5y,2026-06,8.1773
36100,hpi_yoy_latest,2026-06,2.1767
36220,hpi_forecast_4q,2026-06,4.218
36220,hpi_forecast_4q_hi,2026-06,14.2177
36220,hpi_forecast_4q_lo,2026-06,-4.6332
36220,hpi_forecast_8q,2026-06,9.5293
36220,hpi_forecast_8q_hi,2026-06,30.7179
36220,hpi_forecast_8q_lo,2026-06,-6.9732
36220,hpi_surprise_4q,2026-06,-6.1207
36220,hpi_trend_5y,2026-06,4.5234
36220,hpi_yoy_latest,2026-06,0.06
36260,hpi_forecast_4q,2026-06,4.5012
36260,hpi_forecast_4q_hi,2026-06,14.6695
36260,hpi_forecast_4q_lo,2026-06,-4.4241
36260,hpi_forecast_8q,2026-06,9.8463
36260,hpi_forecast_8q_hi,2026-06,31.4745
36260,hpi_forecast_8q_lo,2026-06,-6.9003
36260,hpi_surprise_4q,2026-06,-0.0218
36260,hpi_trend_5y,2026-06,5.8971
36260,hpi_yoy_latest,2026-06,3.6792
36420,hpi_forecast_4q,2026-06,3.6978
36420,hpi_forecast_4q_hi,2026-06,13.6098
36420,hpi_forecast_4q_lo,2026-06,-5.1563
36420,hpi_forecast_8q,2026-06,8.4557
36420,hpi_forecast_8q_hi,2026-06,29.3268
36420,hpi_forecast_8q_lo,2026-06,-7.9665
36420,hpi_surprise_4q,2026-06,-1.4164
36420,hpi_trend_5y,2026-06,6.4022
36420,hpi_yoy_latest,2026-06,2.4123
36500,hpi_forecast_4q,2026-06,4.006
36500,hpi_forecast_4q_hi,2026-06,14.0674
36500,hpi_forecast_4q_lo,2026-06,-4.9103
36500,hpi_forecast_8q,2026-06,8.8862
36500,hpi_forecast_8q_hi,2026-06,30.1382
36500,hpi_forecast_8q_lo,2026-06,-7.736
36500,hpi_surprise_4q,2026-06,-0.9537
36500,hpi_trend_5y,2026-06,5.6707
36500,hpi_yoy_latest,2026-06,2.9714
36540,hpi_forecast_4q,2026-06,4.5759
36540,hpi_forecast_4q_hi,2026-06,14.7329
36540,hpi_forecast_4q_lo,2026-06,-4.3256
36540,hpi_forecast_8q,2026-06,10.0909
36540,hpi_forecast_8q_hi,2026-06,31.7683
36540,hpi_forecast_8q_lo,2026-06,-6.6401
36540,hpi_surprise_4q,2026-06,0.0574
36540,hpi_trend_5y,2026-06,6.9818
36540,hpi_yoy_latest,2026-06,4.1504
36740,hpi_forecast_4q,2026-06,2.637
36740,hpi_forecast_4q_hi,2026-06,12.3764
36740,hpi_forecast_4q_lo,2026-06,-6.1818
36740,hpi_forecast_8q,2026-06,6.2108
36740,hpi_forecast_8q_hi,2026-06,26.5957
36740,hpi_forecast_8q_lo,2026-06,-9.9812
36740,hpi_surprise_4q,2026-06,-2.8083
36740,hpi_trend_5y,2026-06,7.7753
36740,hpi_yoy_latest,2026-06,0.825
36780,hpi_forecast_4q,2026-06,5.5077
36780,hpi_forecast_4q_hi,2026-06,15.8429
36780,hpi_forecast_4q_lo,2026-06,-3.4296
36780,hpi_forecast_8q,2026-06,11.8507
36780,hpi_forecast_8q_hi,2026-06,33.8364
36780,hpi_forecast_8q_lo,2026-06,-4.9928
36780,hpi_surprise_4q,2026-06,0.5149
36780,hpi_trend_5y,2026-06,9.2892
36780,hpi_yoy_latest,2026-06,5.9082
36980,hpi_forecast_4q,2026-06,6.7496
36980,hpi_forecast_4q_hi,2026-06,17.381
36980,hpi_forecast_4q_lo,2026-06,-2.2486
36980,hpi_forecast_8q,2026-06,14.2907
36980,hpi_forecast_8q_hi,2026-06,37.1982
36980,hpi_forecast_8q_lo,2026-06,-2.9038
36980,hpi_surprise_4q,2026-06,8.8038
36980,hpi_trend_5y,2026-06,8.2499
36980,hpi_yoy_latest,2026-06,12.9883
37100,hpi_forecast_4q,2026-06,2.3879
37100,hpi_forecast_4q_hi,2026-06,11.9824
37100,hpi_forecast_4q_lo,2026-06,-6.3578
37100,hpi_forecast_8q,2026-06,6.0385
37100,hpi_forecast_8q_hi,2026-06,25.7698
37100,hpi_forecast_8q_lo,2026-06,-9.7489
37100,hpi_surprise_4q,2026-06,-5.2351
37100,hpi_trend_5y,2026-06,5.1698
37100,hpi_yoy_latest,2026-06,-1.3402
37140,hpi_forecast_4q,2026-06,6.3985
37140,hpi_forecast_4q_hi,2026-06,16.9523
37140,hpi_forecast_4q_lo,2026-06,-2.5896
37140,hpi_forecast_8q,2026-06,13.6633
37140,hpi_forecast_8q_hi,2026-06,36.3426
37140,hpi_forecast_8q_lo,2026-06,-3.4332
37140,hpi_surprise_4q,2026-06,6.9286
37140,hpi_trend_5y,2026-06,8.0524
37140,hpi_yoy_latest,2026-06,11.3828
37340,hpi_forecast_4q,2026-06,3.0826
37340,hpi_forecast_4q_hi,2026-06,12.9026
37340,hpi_forecast_4q_lo,2026-06,-5.7701
37340,hpi_forecast_8q,2026-06,7.2528
37340,hpi_forecast_8q_hi,2026-06,27.8415
37340,hpi_forecast_8q_lo,2026-06,-9.1165
37340,hpi_surprise_4q,2026-06,-0.0014
37340,hpi_trend_5y,2026-06,7.0317
37340,hpi_yoy_latest,2026-06,2.1679
37460,hpi_forecast_4q,2026-06,4.0424
37460,hpi_forecast_4q_hi,2026-06,14.1006
37460,hpi_forecast_4q_lo,2026-06,-4.8624
37460,hpi_forecast_8q,2026-06,9.0372
37460,hpi_forecast_8q_hi,2026-06,30.5376
37460,hpi_forecast_8q_lo,2026-06,-7.7094
37460,hpi_surprise_4q,2026-06,-0.9969
37460,hpi_trend_5y,2026-06,7.1365
37460,hpi_yoy_latest,2026-06,3.129
37620,hpi_forecast_4q,2026-06,5.6939
37620,hpi_forecast_4q_hi,2026-06,15.9888
37620,hpi_forecast_4q_lo,2026-06,-3.1893
37620,hpi_forecast_8q,2026-06,12.5665
37620,hpi_forecast_8q_hi,2026-06,34.5398
37620,hpi_forecast_8q_lo,2026-06,-4.1273
37620,hpi_surprise_4q,2026-06,4.1277
37620,hpi_trend_5y,2026-06,6.8381
37620,hpi_yoy_latest,2026-06,8.5624
37860,hpi_forecast_4q,2026-06,4.0226
37860,hpi_forecast_4q_hi,2026-06,14.0763
37860,hpi_forecast_4q_lo,2026-06,-4.888
37860,hpi_forecast_8q,2026-06,8.924
37860,hpi_forecast_8q_hi,2026-06,30.1162
37860,hpi_forecast_8q_lo,2026-06,-7.6752
37860,hpi_surprise_4q,2026-06,-3.3628
37860,hpi_trend_5y,2026-06,7.3393
37860,hpi_yoy_latest,2026-06,0.9678
37900,hpi_forecast_4q,2026-06,6.4946
37900,hpi_forecast_4q_hi,2026-06,17.0693
37900,hpi_forecast_4q_lo,2026-06,-2.5005
37900,hpi_forecast_8q,2026-06,13.9326
37900,hpi_forecast_8q_hi,2026-06,36.7384
37900,hpi_forecast_8q_lo,2026-06,-3.1996
37900,hpi_surprise_4q,2026-06,-3.0923
37900,hpi_trend_5y,2026-06,7.6524
37900,hpi_yoy_latest,2026-06,3.6822
37964,hpi_forecast_4q,2026-06,5.1844
37964,hpi_forecast_4q_hi,2026-06,15.358
37964,hpi_forecast_4q_lo,2026-06,-3.639
37964,hpi_forecast_8q,2026-06,11.464
37964,hpi_forecast_8q_hi,2026-06,33.0236
37964,hpi_forecast_8q_lo,2026-06,-5.0096
37964,hpi_surprise_4q,2026-06,-0.7911
37964,hpi_trend_5y,2026-06,5.9485
37964,hpi_yoy_latest,2026-06,4.2807
38060,hpi_forecast_4q,2026-06,2.8213
38060,hpi_forecast_4q_hi,2026-06,12.577
38060,hpi_forecast_4q_lo,2026-06,-5.9976
38060,hpi_forecast_8q,2026-06,6.6635
38060,hpi_forecast_8q_hi,2026-06,27.0534
38060,hpi_forecast_8q_lo,2026-06,-9.5456
38060,hpi_surprise_4q,2026-06,-2.2664
38060,hpi_trend_5y,2026-06,6.3179
38060,hpi_yoy_latest,2026-06,0.8483
38240,hpi_forecast_4q,2026-06,2.407
38240,hpi_forecast_4q_hi,2026-06,12.1944
38240,hpi_forecast_4q_lo,2026-06,-6.5088
38240,hpi_forecast_8q,2026-06,5.8168
38240,hpi_forecast_8q_hi,2026-06,26.4349
38240,hpi_forecast_8q_lo,2026-06,-10.7533
38240,hpi_surprise_4q,2026-06,-7.5813
38240,hpi_trend_5y,2026-06,9.1414
38240,hpi_yoy_latest,2026-06,-2.2365
38300,hpi_forecast_4q,2026-06,4.3297
38300,hpi_forecast_4q_hi,2026-06,14.3535
38300,hpi_forecast_4q_lo,2026-06,-4.5227
38300,hpi_forecast_8q,2026-06,9.7825
38300,hpi_forecast_8q_hi,2026-06,30.9235
38300,hpi_forecast_8q_lo,2026-06,-6.6779
38300,hpi_surprise_4q,2026-06,-1.51
38300,hpi_trend_5y,2026-06,6.4571
38300,hpi_yoy_latest,2026-06,3.4071
38340,hpi_forecast_4q,2026-06,6.3632
38340,hpi_forecast_4q_hi,2026-06,16.8708
38340,hpi_forecast_4q_lo,2026-06,-2.5923
38340,hpi_forecast_8q,2026-06,13.669
38340,hpi_forecast_8q_hi,2026-06,36.2606
38340,hpi_forecast_8q_lo,2026-06,-3.3318
38340,hpi_surprise_4q,2026-06,1.3776
38340,hpi_trend_5y,2026-06,9.2109
38340,hpi_yoy_latest,2026-06,6.3233
38540,hpi_forecast_4q,2026-06,4.1587
38540,hpi_forecast_4q_hi,2026-06,14.3037
38540,hpi_forecast_4q_lo,2026-06,-4.7803
38540,hpi_forecast_8q,2026-06,9.0212
38540,hpi_forecast_8q_hi,2026-06,30.4964
38540,hpi_forecast_8q_lo,2026-06,-7.7189
38540,hpi_surprise_4q,2026-06,-2.3291
38540,hpi_trend_5y,2026-06,6.9277
38540,hpi_yoy_latest,2026-06,2.2802
38860,hpi_forecast_4q,2026-06,4.2668
38860,hpi_forecast_4q_hi,2026-06,14.4355
38860,hpi_forecast_4q_lo,2026-06,-4.6929
38860,hpi_forecast_8q,2026-06,9.3808
38860,hpi_forecast_8q_hi,2026-06,31.0593
38860,hpi_forecast_8q_lo,2026-06,-7.4496
38860,hpi_surprise_4q,2026-06,-0.4903
38860,hpi_trend_5y,2026-06,9.2867
38860,hpi_yoy_latest,2026-06,4.5169
38900,hpi_forecast_4q,2026-06,3.4516
38900,hpi_forecast_4q_hi,2026-06,13.2688
38900,hpi_forecast_4q_lo,2026-06,-5.357
38900,hpi_forecast_8q,2026-06,8.0397
38900,hpi_forecast_8q_hi,2026-06,28.4787
38900,hpi_forecast_8q_lo,2026-06,-8.1378
38900,hpi_surprise_4q,2026-06,-1.7365
38900,hpi_trend_5y,2026-06,3.9167
38900,hpi_yoy_latest,2026-06,1.3946
38940,hpi_forecast_4q,2026-06,2.6461
38940,hpi_forecast_4q_hi,2026-06,12.3653
38940,hpi_forecast_4q_lo,2026-06,-6.1853
38940,hpi_forecast_8q,2026-06,6.7209
38940,hpi_forecast_8q_hi,2026-06,27.3547
38940,hpi_forecast_8q_lo,2026-06,-9.6791
38940,hpi_surprise_4q,2026-06,-4.3759
38940,hpi_trend_5y,2026-06,7.7295
38940,hpi_yoy_latest,2026-06,-0.5925
39150,hpi_forecast_4q,2026-06,4.3928
39150,hpi_forecast_4q_hi,2026-06,14.6323
39150,hpi_forecast_4q_lo,2026-06,-4.6231
39150,hpi_forecast_8q,2026-06,9.5903
39150,hpi_forecast_8q_hi,2026-06,31.5045
39150,hpi_forecast_8q_lo,2026-06,-7.4627
39150,hpi_surprise_4q,2026-06,-5.8712
39150,hpi_trend_5y,2026-06,6.1006
39150,hpi_yoy_latest,2026-06,-0.7297
39300,hpi_forecast_4q,2026-06,5.1584
39300,hpi_forecast_4q_hi,2026-06,15.3332
39300,hpi_forecast_4q_lo,2026-06,-3.6937
39300,hpi_forecast_8q,2026-06,11.3324
39300,hpi_forecast_8q_hi,2026-06,32.7003
39300,hpi_forecast_8q_lo,2026-06,-5.1593
39300,hpi_surprise_4q,2026-06,-1.0713
39300,hpi_trend_5y,2026-06,8.726
39300,hpi_yoy_latest,2026-06,4.6954
39340,hpi_forecast_4q,2026-06,4.3972
39340,hpi_forecast_4q_hi,2026-06,14.5423
39340,hpi_forecast_4q_lo,2026-06,-4.5265
39340,hpi_forecast_8q,2026-06,9.4891
39340,hpi_forecast_8q_hi,2026-06,31.1136
39340,hpi_forecast_8q_lo,2026-06,-7.2861
39340,hpi_surprise_4q,2026-06,-0.8044
39340,hpi_trend_5y,2026-06,6.0586
39340,hpi_yoy_latest,2026-06,3.4974
39380,hpi_forecast_4q,2026-06,2.0694
39380,hpi_forecast_4q_hi,2026-06,11.5307
39380,hpi_forecast_4q_lo,2026-06,-6.6095
39380,hpi_forecast_8q,2026-06,5.6181
39380,hpi_forecast_8q_hi,2026-06,24.9955
39380,hpi_forecast_8q_lo,2026-06,-9.9599
39380,hpi_surprise_4q,2026-06,-6.4383
39380,hpi_trend_5y,2026-06,3.96
39380,hpi_yoy_latest,2026-06,-2.8977
39460,hpi_forecast_4q,2026-06,0.4458
39460,hpi_forecast_4q_hi,2026-06,9.7773
39460,hpi_forecast_4q_lo,2026-06,-8.3571
39460,hpi_forecast_8q,2026-06,2.5119
39460,hpi_forecast_8q_hi,2026-06,22.198
39460,hpi_forecast_8q_lo,2026-06,-13.6702
39460,hpi_surprise_4q,2026-06,0.9275
39460,hpi_trend_5y,2026-06,4.7832
39460,hpi_yoy_latest,2026-06,-0.1811
39540,hpi_forecast_4q,2026-06,6.4077
39540,hpi_forecast_4q_hi,2026-06,17.0149
39540,hpi_forecast_4q_lo,2026-06,-2.6148
39540,hpi_forecast_8q,2026-06,13.5897
39540,hpi_forecast_8q_hi,2026-06,36.4859
39540,hpi_forecast_8q_lo,2026-06,-3.6572
39540,hpi_surprise_4q,2026-06,0.6377
39540,hpi_trend_5y,2026-06,9.3752
39540,hpi_yoy_latest,2026-06,7.2018
39580,hpi_forecast_4q,2026-06,2.59
39580,hpi_forecast_4q_hi,2026-06,12.391
39580,hpi_forecast_4q_lo,2026-06,-6.2967
39580,hpi_forecast_8q,2026-06,6.0997
39580,hpi_forecast_8q_hi,2026-06,26.7457
39580,hpi_forecast_8q_lo,2026-06,-10.3891
39580,hpi_surprise_4q,2026-06,-2.6329
39580,hpi_trend_5y,2026-06,7.696
39580,hpi_yoy_latest,2026-06,1.0959
39660,hpi_forecast_4q,2026-06,3.6746
39660,hpi_forecast_4q_hi,2026-06,13.634
39660,hpi_forecast_4q_lo,2026-06,-5.1722
39660,hpi_forecast_8q,2026-06,8.3136
39660,hpi_forecast_8q_hi,2026-06,29.2861
39660,hpi_forecast_8q_lo,2026-06,-8.073
39660,hpi_surprise_4q,2026-06,-3.0649
39660,hpi_trend_5y,2026-06,7.7292
39660,hpi_yoy_latest,2026-06,1.7763
39740,hpi_forecast_4q,2026-06,5.4386
39740,hpi_forecast_4q_hi,2026-06,15.7018
39740,hpi_forecast_4q_lo,2026-06,-3.4527
39740,hpi_forecast_8q,2026-06,11.9734
39740,hpi_forecast_8q_hi,2026-06,33.8229
39740,hpi_forecast_8q_lo,2026-06,-4.7363
39740,hpi_surprise_4q,2026-06,-1.1502
39740,hpi_trend_5y,2026-06,9.0147
39740,hpi_yoy_latest,2026-06,4.5725
39820,hpi_forecast_4q,2026-06,3.4008
39820,hpi_forecast_4q_hi,2026-06,13.3163
39820,hpi_forecast_4q_lo,2026-06,-5.4845
39820,hpi_forecast_8q,2026-06,7.7732
39820,hpi_forecast_8q_hi,2026-06,28.3148
39820,hpi_forecast_8q_lo,2026-06,-8.5558
39820,hpi_surprise_4q,2026-06,-2.607
39820,hpi_trend_5y,2026-06,3.7666
39820,hpi_yoy_latest,2026-06,0.8995
39900,hpi_forecast_4q,2026-06,4.1252
39900,hpi_forecast_4q_hi,2026-06,14.1764
39900,hpi_forecast_4q_lo,2026-06,-4.7652
39900,hpi_forecast_8q,2026-06,9.2503
39900,hpi_forecast_8q_hi,2026-06,30.4952
39900,hpi_forecast_8q_lo,2026-06,-7.3235
39900,hpi_surprise_4q,2026-06,-0.4527
39900,hpi_trend_5y,2026-06,5.4429
39900,hpi_yoy_latest,2026-06,3.7563
40060,hpi_forecast_4q,2026-06,4.491
40060,hpi_forecast_4q_hi,2026-06,14.6557
40060,hpi_forecast_4q_lo,2026-06,-4.4351
40060,hpi_forecast_8q,2026-06,9.8403
40060,hpi_forecast_8q_hi,2026-06,31.4792
40060,hpi_forecast_8q_lo,2026-06,-6.9217
40060,hpi_surprise_4q,2026-06,-1.6537
40060,hpi_trend_5y,2026-06,8.1092
40060,hpi_yoy_latest,2026-06,3.3736
40140,hpi_forecast_4q,2026-06,3.1041
40140,hpi_forecast_4q_hi,2026-06,12.9077
40140,hpi_forecast_4q_lo,2026-06,-5.7218
40140,hpi_forecast_8q,2026-06,7.2534
40140,hpi_forecast_8q_hi,2026-06,27.5648
40140,hpi_forecast_8q_lo,2026-06,-8.9102
40140,hpi_surprise_4q,2026-06,-2.885
40140,hpi_trend_5y,2026-06,6.3282
40140,hpi_yoy_latest,2026-06,0.8311
40220,hpi_forecast_4q,2026-06,4.7139
40220,hpi_forecast_4q_hi,2026-06,14.8599
40220,hpi_forecast_4q_lo,2026-06,-4.1871
40220,hpi_forecast_8q,2026-06,10.3762
40220,hpi_forecast_8q_hi,2026-06,31.7689
40220,hpi_forecast_8q_lo,2026-06,-6.2314
40220,hpi_surprise_4q,2026-06,-2.0169
40220,hpi_trend_5y,2026-06,8.6261
40220,hpi_yoy_latest,2026-06,3.3387
40340,hpi_forecast_4q,2026-06,4.4804
40340,hpi_forecast_4q_hi,2026-06,14.5563
40340,hpi_forecast_4q_lo,2026-06,-4.3832
40340,hpi_forecast_8q,2026-06,9.968
40340,hpi_forecast_8q_hi,2026-06,31.2025
40340,hpi_forecast_8q_lo,2026-06,-6.5194
40340,hpi_surprise_4q,2026-06,-1.0034
40340,hpi_trend_5y,2026-06,5.8066
40340,hpi_yoy_latest,2026-06,2.9931
40380,hpi_forecast_4q,2026-06,5.7708
40380,hpi_forecast_4q_hi,2026-06,16.1636
40380,hpi_forecast_4q_lo,2026-06,-3.1749
40380,hpi_forecast_8q,2026-06,12.3704
40380,hpi_forecast_8q_hi,2026-06,34.4744
40380,hpi_forecast_8q_lo,2026-06,-4.4902
40380,hpi_surprise_4q,2026-06,-2.8136
40380,hpi_trend_5y,2026-06,10.12
40380,hpi_yoy_latest,2026-06,4.465
40420,hpi_forecast_4q,2026-06,7.3351
40420,hpi_forecast_4q_hi,2026-06,18.099
40420,hpi_forecast_4q_lo,2026-06,-1.6816
40420,hpi_forecast_8q,2026-06,15.5286
40420,hpi_forecast_8q_hi,2026-06,38.8409
40420,hpi_forecast_8q_lo,2026-06,-1.8015
40420,hpi_surprise_4q,2026-06,1.199
40420,hpi_trend_5y,2026-06,10.3673
40420,hpi_yoy_latest,2026-06,8.1467
40484,hpi_forecast_4q,2026-06,4.9776
40484,hpi_forecast_4q_hi,2026-06,15.2516
40484,hpi_forecast_4q_lo,2026-06,-3.9777
40484,hpi_forecast_8q,2026-06,11.0549
40484,hpi_forecast_8q_hi,2026-06,33.0458
40484,hpi_forecast_8q_lo,2026-06,-5.8807
40484,hpi_surprise_4q,2026-06,-1.9072
40484,hpi_trend_5y,2026-06,8.95
40484,hpi_yoy_latest,2026-06,3.8115
40580,hpi_forecast_4q,2026-06,2.3592
40580,hpi_forecast_4q_hi,2026-06,11.9818
40580,hpi_forecast_4q_lo,2026-06,-6.4179
40580,hpi_forecast_8q,2026-06,5.9601
40580,hpi_forecast_8q_hi,2026-06,25.8066
40580,hpi_forecast_8q_lo,2026-06,-10.0172
40580,hpi_surprise_4q,2026-06,-7.3913
40580,hpi_trend_5y,2026-06,7.6087
40580,hpi_yoy_latest,2026-06,-2.2241
40660,hpi_forecast_4q,2026-06,3.0064
40660,hpi_forecast_4q_hi,2026-06,12.6851
40660,hpi_forecast_4q_lo,2026-06,-5.7321
40660,hpi_forecast_8q,2026-06,7.423
40660,hpi_forecast_8q_hi,2026-06,27.6252
40660,hpi_forecast_8q_lo,2026-06,-8.5341
40660,hpi_surprise_4q,2026-06,-6.6981
40660,hpi_trend_5y,2026-06,8.041
40660,hpi_yoy_latest,2026-06,-1.6094
40900,hpi_forecast_4q,2026-06,2.6349
40900,hpi_forecast_4q_hi,2026-06,12.3243
40900,hpi_forecast_4q_lo,2026-06,-6.1647
40900,hpi_forecast_8q,2026-06,6.3429
40900,hpi_forecast_8q_hi,2026-06,26.364
40900,hpi_forecast_8q_lo,2026-06,-9.6957
40900,hpi_surprise_4q,2026-06,-2.9204
40900,hpi_trend_5y,2026-06,3.6913
40900,hpi_yoy_latest,2026-06,0.0759
40980,hpi_forecast_4q,2026-06,6.4323
40980,hpi_forecast_4q_hi,2026-06,16.9708
40980,hpi_forecast_4q_lo,2026-06,-2.533
40980,hpi_forecast_8q,2026-06,13.817
40980,hpi_forecast_8q_hi,2026-06,36.4926
40980,hpi_forecast_8q_lo,2026-06,-3.243
40980,hpi_surprise_4q,2026-06,-1.1178
40980,hpi_trend_5y,2026-06,8.0683
40980,hpi_yoy_latest,2026-06,4.3049
41060,hpi_forecast_4q,2026-06,4.7809
41060,hpi_forecast_4q_hi,2026-06,14.9015
41060,hpi_forecast_4q_lo,2026-06,-4.0751
41060,hpi_forecast_8q,2026-06,10.4933
41060,hpi_forecast_8q_hi,2026-06,31.8253
41060,hpi_forecast_8q_lo,2026-06,-5.9866
41060,hpi_surprise_4q,2026-06,-1.1168
41060,hpi_trend_5y,2026-06,6.3231
41060,hpi_yoy_latest,2026-06,3.2079
41100,hpi_forecast_4q,2026-06,2.7956
41100,hpi_forecast_4q_hi,2026-06,12.6895
41100,hpi_forecast_4q_lo,2026-06,-6.1459
41100,hpi_forecast_8q,2026-06,6.4558
41100,hpi_forecast_8q_hi,2026-06,27.4954
41100,hpi_forecast_8q_lo,2026-06,-10.2847
41100,hpi_surprise_4q,2026-06,-4.4065
41100,hpi_trend_5y,2026-06,5.3183
41100,hpi_yoy_latest,2026-06,-0.1277
41140,hpi_forecast_4q,2026-06,4.8965
41140,hpi_forecast_4q_hi,2026-06,14.9881
41140,hpi_forecast_4q_lo,2026-06,-3.9232
41140,hpi_forecast_8q,2026-06,10.9697
41140,hpi_forecast_8q_hi,2026-06,32.1604
41140,hpi_forecast_8q_lo,2026-06,-5.416
41140,hpi_surprise_4q,2026-06,-3.477
41140,hpi_trend_5y,2026-06,8.6284
41140,hpi_yoy_latest,2026-06,2.7006
41180,hpi_forecast_4q,2026-06,4.8743
41180,hpi_forecast_4q_hi,2026-06,15.0108
41180,hpi_forecast_4q_lo,2026-06,-3.9935
41180,hpi_forecast_8q,2026-06,10.789
41180,hpi_forecast_8q_hi,2026-06,32.2198
41180,hpi_forecast_8q_lo,2026-06,-5.7624
41180,hpi_surprise_4q,2026-06,-0.7962
41180,hpi_trend_5y,2026-06,7.0446
41180,hpi_yoy_latest,2026-06,4.1201
41304,hpi_forecast_4q,2026-06,1.662
41304,hpi_forecast_4q_hi,2026-06,11.1025
41304,hpi_forecast_4q_lo,2026-06,-7.034
41304,hpi_forecast_8q,2026-06,4.2966
41304,hpi_forecast_8q_hi,2026-06,23.4212
41304,hpi_forecast_8q_lo,2026-06,-11.2111
41304,hpi_surprise_4q,2026-06,-1.4774
41304,hpi_trend_5y,2026-06,7.5074
41304,hpi_yoy_latest,2026-06,-0.0891
41420,hpi_forecast_4q,2026-06,3.3981
41420,hpi_forecast_4q_hi,2026-06,13.2153
41420,hpi_forecast_4q_lo,2026-06,-5.3918
41420,hpi_forecast_8q,2026-06,7.9739
41420,hpi_forecast_8q_hi,2026-06,28.4788
41420,hpi_forecast_8q_lo,2026-06,-8.1734
41420,hpi_surprise_4q,2026-06,-4.5857
41420,hpi_trend_5y,2026-06,5.0103
41420,hpi_yoy_latest,2026-06,-0.2237
41500,hpi_forecast_4q,2026-06,4.0291
41500,hpi_forecast_4q_hi,2026-06,14.023
41500,hpi_forecast_4q_lo,2026-06,-4.8254
41500,hpi_forecast_8q,2026-06,8.8607
41500,hpi_forecast_8q_hi,2026-06,29.5586
41500,hpi_forecast_8q_lo,2026-06,-7.4223
41500,hpi_surprise_4q,2026-06,0.564
41500,hpi_trend_5y,2026-06,5.1201
41500,hpi_yoy_latest,2026-06,3.202
41540,hpi_forecast_4q,2026-06,3.9475
41540,hpi_forecast_4q_hi,2026-06,13.9276
41540,hpi_forecast_4q_lo,2026-06,-4.913
41540,hpi_forecast_8q,2026-06,8.9457
41540,hpi_forecast_8q_hi,2026-06,29.7989
41540,hpi_forecast_8q_lo,2026-06,-7.4014
41540,hpi_surprise_4q,2026-06,-1.2727
41540,hpi_trend_5y,2026-06,8.5648
41540,hpi_yoy_latest,2026-06,3.4433
41620,hpi_forecast_4q,2026-06,3.9843
41620,hpi_forecast_4q_hi,2026-06,13.9691
41620,hpi_forecast_4q_lo,2026-06,-4.8572
41620,hpi_forecast_8q,2026-06,8.7979
41620,hpi_forecast_8q_hi,2026-06,29.7428
41620,hpi_forecast_8q_lo,2026-06,-7.562
41620,hpi_surprise_4q,2026-06,-1.5603
41620,hpi_trend_5y,2026-06,5.9259
41620,hpi_yoy_latest,2026-06,2.4147
41660,hpi_forecast_4q,2026-06,3.3397
41660,hpi_forecast_4q_hi,2026-06,13.1576
41660,hpi_forecast_4q_lo,2026-06,-5.4785
41660,hpi_forecast_8q,2026-06,7.7759
41660,hpi_forecast_8q_hi,2026-06,28.1899
41660,hpi_forecast_8q_lo,2026-06,-8.3921
41660,hpi_surprise_4q,2026-06,-1.8924
41660,hpi_trend_5y,2026-06,5.9329
41660,hpi_yoy_latest,2026-06,1.8229
41700,hpi_forecast_4q,2026-06,2.7433
41700,hpi_forecast_4q_hi,2026-06,12.3715
41700,hpi_forecast_4q_lo,2026-06,-6.003
41700,hpi_forecast_8q,2026-06,6.9227
41700,hpi_forecast_8q_hi,2026-06,26.9724
41700,hpi_forecast_8q_lo,2026-06,-9.0561
41700,hpi_surprise_4q,2026-06,-3.3961
41700,hpi_trend_5y,2026-06,5.2658
41700,hpi_yoy_latest,2026-06,-0.5257
41740,hpi_forecast_4q,2026-06,3.7443
41740,hpi_forecast_4q_hi,2026-06,13.7101
41740,hpi_forecast_4q_lo,2026-06,-5.1104
41740,hpi_forecast_8q,2026-06,8.3974
41740,hpi_forecast_8q_hi,2026-06,29.1983
41740,hpi_forecast_8q_lo,2026-06,-7.9129
41740,hpi_surprise_4q,2026-06,-0.9766
41740,hpi_trend_5y,2026-06,7.0889
41740,hpi_yoy_latest,2026-06,2.4917
41780,hpi_forecast_4q,2026-06,5.8035
41780,hpi_forecast_4q_hi,2026-06,16.2122
41780,hpi_forecast_4q_lo,2026-06,-3.1421
41780,hpi_forecast_8q,2026-06,12.5371
41780,hpi_forecast_8q_hi,2026-06,34.8255
41780,hpi_forecast_8q_lo,2026-06,-4.3671
41780,hpi_surprise_4q,2026-06,-0.0421
41780,hpi_trend_5y,2026-06,10.079
41780,hpi_yoy_latest,2026-06,6.7791
41884,hpi_forecast_4q,2026-06,2.1388
41884,hpi_forecast_4q_hi,2026-06,11.6241
41884,hpi_forecast_4q_lo,2026-06,-6.5553
41884,hpi_forecast_8q,2026-06,5.6692
41884,hpi_forecast_8q_hi,2026-06,25.0838
41884,hpi_forecast_8q_lo,2026-06,-9.9699
41884,hpi_surprise_4q,2026-06,-2.4514
41884,hpi_trend_5y,2026-06,3.2774
41884,hpi_yoy_latest,2026-06,-0.2796
41940,hpi_forecast_4q,2026-06,2.096
41940,hpi_forecast_4q_hi,2026-06,11.5822
41940,hpi_forecast_4q_lo,2026-06,-6.5996
41940,hpi_forecast_8q,2026-06,5.3549
41940,hpi_forecast_8q_hi,2026-06,24.6788
41940,hpi_forecast_8q_lo,2026-06,-10.2403
41940,hpi_surprise_4q,2026-06,-4.3155
41940,hpi_trend_5y,2026-06,4.9681
41940,hpi_yoy_latest,2026-06,-0.9765
42020,hpi_forecast_4q,2026-06,3.9803
42020,hpi_forecast_4q_hi,2026-06,13.9976
42020,hpi_forecast_4q_lo,2026-06,-4.899
42020,hpi_forecast_8q,2026-06,8.9325
42020,hpi_forecast_8q_hi,2026-06,29.9601
42020,hpi_forecast_8q_lo,2026-06,-7.516
42020,hpi_surprise_4q,2026-06,0.1117
42020,hpi_trend_5y,2026-06,6.4251
42020,hpi_yoy_latest,2026-06,3.3982
42034,hpi_forecast_4q,2026-06,3.6684
42034,hpi_forecast_4q_hi,2026-06,13.5641
42034,hpi_forecast_4q_lo,2026-06,-5.137
42034,hpi_forecast_8q,2026-06,8.2417
42034,hpi_forecast_8q_hi,2026-06,28.6904
42034,hpi_forecast_8q_lo,2026-06,-7.8279
42034,hpi_surprise_4q,2026-06,0.7658
42034,hpi_trend_5y,2026-06,3.7698
42034,hpi_yoy_latest,2026-06,3.5134
42100,hpi_forecast_4q,2026-06,4.0812
42100,hpi_forecast_4q_hi,2026-06,14.0816
42100,hpi_forecast_4q_lo,2026-06,-4.7584
42100,hpi_forecast_8q,2026-06,8.8464
42100,hpi_forecast_8q_hi,2026-06,29.3894
42100,hpi_forecast_8q_lo,2026-06,-7.3282
42100,hpi_surprise_4q,2026-06,-0.2731
42100,hpi_trend_5y,2026-06,3.8082
42100,hpi_yoy_latest,2026-06,1.7375
42140,hpi_forecast_4q,2026-06,4.6412
42140,hpi_forecast_4q_hi,2026-06,14.8341
42140,hpi_forecast_4q_lo,2026-06,-4.2772
42140,hpi_forecast_8q,2026-06,10.1137
42140,hpi_forecast_8q_hi,2026-06,31.6932
42140,hpi_forecast_8q_lo,2026-06,-6.5759
42140,hpi_surprise_4q,2026-06,-0.072
42140,hpi_trend_5y,2026-06,7.2611
42140,hpi_yoy_latest,2026-06,4.0103
42200,hpi_forecast_4q,2026-06,3.9056
42200,hpi_forecast_4q_hi,2026-06,13.8768
42200,hpi_forecast_4q_lo,2026-06,-4.9363
42200,hpi_forecast_8q,2026-06,8.5997
42200,hpi_forecast_8q_hi,2026-06,29.2738
42200,hpi_forecast_8q_lo,2026-06,-7.6366
42200,hpi_surprise_4q,2026-06,-1.5689
42200,hpi_trend_5y,2026-06,7.5166
42200,hpi_yoy_latest,2026-06,2.2961
42220,hpi_forecast_4q,2026-06,2.8499
42220,hpi_forecast_4q_hi,2026-06,12.6012
42220,hpi_forecast_4q_lo,2026-06,-5.9757
42220,hpi_forecast_8q,2026-06,6.744
42220,hpi_forecast_8q_hi,2026-06,26.9312
42220,hpi_forecast_8q_lo,2026-06,-9.3823
42220,hpi_surprise_4q,2026-06,-2.1103
42220,hpi_trend_5y,2026-06,3.2899
42220,hpi_yoy_latest,2026-06,0.7916
42340,hpi_forecast_4q,2026-06,3.46
42340,hpi_forecast_4q_hi,2026-06,13.5025
42340,hpi_forecast_4q_lo,2026-06,-5.4746
42340,hpi_forecast_8q,2026-06,7.463
42340,hpi_forecast_8q_hi,2026-06,28.6745
42340,hpi_forecast_8q_lo,2026-06,-9.2033
42340,hpi_surprise_4q,2026-06,-1.1769
42340,hpi_trend_5y,2026-06,10.3327
42340,hpi_yoy_latest,2026-06,3.37
42540,hpi_forecast_4q,2026-06,6.0917
42540,hpi_forecast_4q_hi,2026-06,16.5385
42540,hpi_forecast_4q_lo,2026-06,-2.855
42540,hpi_forecast_8q,2026-06,13.2347
42540,hpi_forecast_8q_hi,2026-06,35.6996
42540,hpi_forecast_8q_lo,2026-06,-3.7524
42540,hpi_surprise_4q,2026-06,1.5847
42540,hpi_trend_5y,2026-06,9.396
42540,hpi_yoy_latest,2026-06,7.514
42644,hpi_forecast_4q,2026-06,2.9645
42644,hpi_forecast_4q_hi,2026-06,12.6784
42644,hpi_forecast_4q_lo,2026-06,-5.7891
42644,hpi_forecast_8q,2026-06,7.0774
42644,hpi_forecast_8q_hi,2026-06,27.2161
42644,hpi_forecast_8q_lo,2026-06,-8.8694
42644,hpi_surprise_4q,2026-06,-3.5333
42644,hpi_trend_5y,2026-06,4.4943
42644,hpi_yoy_latest,2026-06,0.3254
42680,hpi_forecast_4q,2026-06,3.7334
42680,hpi_forecast_4q_hi,2026-06,13.6364
42680,hpi_forecast_4q_lo,2026-06,-5.1199
42680,hpi_forecast_8q,2026-06,8.9774
42680,hpi_forecast_8q_hi,2026-06,30.02
42680,hpi_forecast_8q_lo,2026-06,-7.526
42680,hpi_surprise_4q,2026-06,0.8395
42680,hpi_trend_5y,2026-06,8.0597
42680,hpi_yoy_latest,2026-06,3.0037
42700,hpi_forecast_4q,2026-06,4.629
42700,hpi_forecast_4q_hi,2026-06,14.8361
42700,hpi_forecast_4q_lo,2026-06,-4.3463
42700,hpi_forecast_8q,2026-06,10.2246
42700,hpi_forecast_8q_hi,2026-06,32.1839
42700,hpi_forecast_8q_lo,2026-06,-6.7892
42700,hpi_surprise_4q,2026-06,2.2831
42700,hpi_trend_5y,2026-06,9.1244
42700,hpi_yoy_latest,2026-06,5.1775
43100,hpi_forecast_4q,2026-06,6.0327
43100,hpi_forecast_4q_hi,2026-06,16.5796
43100,hpi_forecast_4q_lo,2026-06,-2.9784
43100,hpi_forecast_8q,2026-06,12.7306
43100,hpi_forecast_8q_hi,2026-06,35.3313
43100,hpi_forecast_8q_lo,2026-06,-4.4027
43100,hpi_surprise_4q,2026-06,-1.7375
43100,hpi_trend_5y,2026-06,10.0311
43100,hpi_yoy_latest,2026-06,4.7178
43300,hpi_forecast_4q,2026-06,1.7361
43300,hpi_forecast_4q_hi,2026-06,11.2805
43300,hpi_forecast_4q_lo,2026-06,-7.0493
43300,hpi_forecast_8q,2026-06,4.7688
43300,hpi_forecast_8q_hi,2026-06,24.8931
43300,hpi_forecast_8q_lo,2026-06,-11.3969
43300,hpi_surprise_4q,2026-06,-6.5487
43300,hpi_trend_5y,2026-06,7.0026
43300,hpi_yoy_latest,2026-06,-2.4221
43340,hpi_forecast_4q,2026-06,4.9682
43340,hpi_forecast_4q_hi,2026-06,15.1674
43340,hpi_forecast_4q_lo,2026-06,-3.9355
43340,hpi_forecast_8q,2026-06,10.8126
43340,hpi_forecast_8q_hi,2026-06,32.334
43340,hpi_forecast_8q_lo,2026-06,-5.8179
43340,hpi_surprise_4q,2026-06,2.6201
43340,hpi_trend_5y,2026-06,4.9961
43340,hpi_yoy_latest,2026-06,5.6678
43420,hpi_forecast_4q,2026-06,3.5847
43420,hpi_forecast_4q_hi,2026-06,13.5008
43420,hpi_forecast_4q_lo,2026-06,-5.2783
43420,hpi_forecast_8q,2026-06,8.648
43420,hpi_forecast_8q_hi,2026-06,29.8488
43420,hpi_forecast_8q_lo,2026-06,-7.9275
43420,hpi_surprise_4q,2026-06,-6.0465
43420,hpi_trend_5y,2026-06,6.8754
43420,hpi_yoy_latest,2026-06,-0.8109
43580,hpi_forecast_4q,2026-06,3.227
43580,hpi_forecast_4q_hi,2026-06,12.9277
43580,hpi_forecast_4q_lo,2026-06,-5.4859
43580,hpi_forecast_8q,2026-06,7.7088
43580,hpi_forecast_8q_hi,2026-06,27.8553
43580,hpi_forecast_8q_lo,2026-06,-8.1615
43580,hpi_surprise_4q,2026-06,-6.1564
43580,hpi_trend_5y,2026-06,6.9058
43580,hpi_yoy_latest,2026-06,-1.1316
43620,hpi_forecast_4q,2026-06,3.508
43620,hpi_forecast_4q_hi,2026-06,13.4403
43620,hpi_forecast_4q_lo,2026-06,-5.3479
43620,hpi_forecast_8q,2026-06,8.0875
43620,hpi_forecast_8q_hi,2026-06,29.1822
43620,hpi_forecast_8q_lo,2026-06,-8.4206
43620,hpi_surprise_4q,2026-06,-1.8637
43620,hpi_trend_5y,2026-06,6.3964
43620,hpi_yoy_latest,2026-06,2.4675
43640,hpi_forecast_4q,2026-06,4.2432
43640,hpi_forecast_4q_hi,2026-06,14.3146
43640,hpi_forecast_4q_lo,2026-06,-4.6646
43640,hpi_forecast_8q,2026-06,9.4652
43640,hpi_forecast_8q_hi,2026-06,30.7565
43640,hpi_forecast_8q_lo,2026-06,-7.1435
43640,hpi_surprise_4q,2026-06,-0.3281
43640,hpi_trend_5y,2026-06,4.983
43640,hpi_yoy_latest,2026-06,3.5472
43780,hpi_forecast_4q,2026-06,5.9525
43780,hpi_forecast_4q_hi,2026-06,16.4129
43780,hpi_forecast_4q_lo,2026-06,-3.0125
43780,hpi_forecast_8q,2026-06,12.8764
43780,hpi_forecast_8q_hi,2026-06,35.3936
43780,hpi_forecast_8q_lo,2026-06,-4.1221
43780,hpi_surprise_4q,2026-06,1.6996
43780,hpi_trend_5y,2026-06,8.9861
43780,hpi_yoy_latest,2026-06,6.7233
43900,hpi_forecast_4q,2026-06,4.6817
43900,hpi_forecast_4q_hi,2026-06,14.9751
43900,hpi_forecast_4q_lo,2026-06,-4.3146
43900,hpi_forecast_8q,2026-06,10.2339
43900,hpi_forecast_8q_hi,2026-06,32.6064
43900,hpi_forecast_8q_lo,2026-06,-6.987
43900,hpi_surprise_4q,2026-06,-3.3108
43900,hpi_trend_5y,2026-06,8.9461
43900,hpi_yoy_latest,2026-06,2.3138
44060,hpi_forecast_4q,2026-06,3.1527
44060,hpi_forecast_4q_hi,2026-06,12.9912
44060,hpi_forecast_4q_lo,2026-06,-5.6921
44060,hpi_forecast_8q,2026-06,7.368
44060,hpi_forecast_8q_hi,2026-06,27.9922
44060,hpi_forecast_8q_lo,2026-06,-8.9654
44060,hpi_surprise_4q,2026-06,-3.6993
44060,hpi_trend_5y,2026-06,5.245
44060,hpi_yoy_latest,2026-06,-0.0475
44100,hpi_forecast_4q,2026-06,6.1181
44100,hpi_forecast_4q_hi,2026-06,16.6203
44100,hpi_forecast_4q_lo,2026-06,-2.8639
44100,hpi_forecast_8q,2026-06,13.0078
44100,hpi_forecast_8q_hi,2026-06,35.3866
44100,hpi_forecast_8q_lo,2026-06,-3.9974
44100,hpi_surprise_4q,2026-06,-0.0407
44100,hpi_trend_5y,2026-06,7.2735
44100,hpi_yoy_latest,2026-06,5.1337
44140,hpi_forecast_4q,2026-06,5.1691
44140,hpi_forecast_4q_hi,2026-06,15.3302
44140,hpi_forecast_4q_lo,2026-06,-3.6814
44140,hpi_forecast_8q,2026-06,11.5134
44140,hpi_forecast_8q_hi,2026-06,33.0081
44140,hpi_forecast_8q_lo,2026-06,-5.0067
44140,hpi_surprise_4q,2026-06,-0.8021
44140,hpi_trend_5y,2026-06,7.6091
44140,hpi_yoy_latest,2026-06,4.3806
44180,hpi_forecast_4q,2026-06,4.575
44180,hpi_forecast_4q_hi,2026-06,14.7485
44180,hpi_forecast_4q_lo,2026-06,-4.3573
44180,hpi_forecast_8q,2026-06,10.1785
44180,hpi_forecast_8q_hi,2026-06,31.8244
44180,hpi_forecast_8q_lo,2026-06,-6.6194
44180,hpi_surprise_4q,2026-06,-0.3164
44180,hpi_trend_5y,2026-06,8.1298
44180,hpi_yoy_latest,2026-06,3.9665
44220,hpi_forecast_4q,2026-06,4.8907
44220,hpi_forecast_4q_hi,2026-06,15.0303
44220,hpi_forecast_4q_lo,2026-06,-3.9585
44220,hpi_forecast_8q,2026-06,10.7109
44220,hpi_forecast_8q_hi,2026-06,32.0427
44220,hpi_forecast_8q_lo,2026-06,-5.7104
44220,hpi_surprise_4q,2026-06,-4.3908
44220,hpi_trend_5y,2026-06,8.8356
44220,hpi_yoy_latest,2026-06,2.2887
44300,hpi_forecast_4q,2026-06,4.1744
44300,hpi_forecast_4q_hi,2026-06,14.1241
44300,hpi_forecast_4q_lo,2026-06,-4.613
44300,hpi_forecast_8q,2026-06,9.3783
44300,hpi_forecast_8q_hi,2026-06,30.1103
44300,hpi_forecast_8q_lo,2026-06,-6.751
44300,hpi_surprise_4q,2026-06,-1.333
44300,hpi_trend_5y,2026-06,6.5719
44300,hpi_yoy_latest,2026-06,3.1641
44420,hpi_forecast_4q,2026-06,6.2446
44420,hpi_forecast_4q_hi,2026-06,16.8897
44420,hpi_forecast_4q_lo,2026-06,-2.8221
44420,hpi_forecast_8q,2026-06,13.1485
44420,hpi_forecast_8q_hi,2026-06,36.3665
44420,hpi_forecast_8q_lo,2026-06,-4.3532
44420,hpi_surprise_4q,2026-06,1.4962
44420,hpi_trend_5y,2026-06,9.5237
44420,hpi_yoy_latest,2026-06,7.4844
44700,hpi_forecast_4q,2026-06,1.7147
44700,hpi_forecast_4q_hi,2026-06,11.1801
44700,hpi_forecast_4q_lo,2026-06,-7.0258
44700,hpi_forecast_8q,2026-06,4.5122
44700,hpi_forecast_8q_hi,2026-06,23.626
44700,hpi_forecast_8q_lo,2026-06,-11.1228
44700,hpi_surprise_4q,2026-06,-4.5441
44700,hpi_trend_5y,2026-06,3.4073
44700,hpi_yoy_latest,2026-06,-1.7537
44940,hpi_forecast_4q,2026-06,7.1375
44940,hpi_forecast_4q_hi,2026-06,17.9803
44940,hpi_forecast_4q_lo,2026-06,-1.9591
44940,hpi_forecast_8q,2026-06,14.7515
44940,hpi_forecast_8q_hi,2026-06,38.1892
44940,hpi_forecast_8q_lo,2026-06,-2.7777
44940,hpi_surprise_4q,2026-06,5.2038
44940,hpi_trend_5y,2026-06,9.7333
44940,hpi_yoy_latest,2026-06,11.1143
45060,hpi_forecast_4q,2026-06,6.0083
45060,hpi_forecast_4q_hi,2026-06,16.5212
45060,hpi_forecast_4q_lo,2026-06,-2.9855
45060,hpi_forecast_8q,2026-06,12.6082
45060,hpi_forecast_8q_hi,2026-06,34.9827
45060,hpi_forecast_8q_lo,2026-06,-4.4014
45060,hpi_surprise_4q,2026-06,-1.0313
45060,hpi_trend_5y,2026-06,10.4157
45060,hpi_yoy_latest,2026-06,6.1422
45104,hpi_forecast_4q,2026-06,3.6254
45104,hpi_forecast_4q_hi,2026-06,13.53
45104,hpi_forecast_4q_lo,2026-06,-5.2178
45104,hpi_forecast_8q,2026-06,8.2838
45104,hpi_forecast_8q_hi,2026-06,29.0533
45104,hpi_forecast_8q_lo,2026-06,-8.0474
45104,hpi_surprise_4q,2026-06,-2.2816
45104,hpi_trend_5y,2026-06,5.1354
45104,hpi_yoy_latest,2026-06,1.8583
45220,hpi_forecast_4q,2026-06,4.3173
45220,hpi_forecast_4q_hi,2026-06,14.5448
45220,hpi_forecast_4q_lo,2026-06,-4.6531
45220,hpi_forecast_8q,2026-06,9.1771
45220,hpi_forecast_8q_hi,2026-06,30.8024
45220,hpi_forecast_8q_lo,2026-06,-7.6437
45220,hpi_surprise_4q,2026-06,2.0073
45220,hpi_trend_5y,2026-06,7.3964
45220,hpi_yoy_latest,2026-06,5.0045
45294,hpi_forecast_4q,2026-06,2.6302
45294,hpi_forecast_4q_hi,2026-06,12.3115
45294,hpi_forecast_4q_lo,2026-06,-6.1567
45294,hpi_forecast_8q,2026-06,6.3461
45294,hpi_forecast_8q_hi,2026-06,26.4407
45294,hpi_forecast_8q_lo,2026-06,-9.7055
45294,hpi_surprise_4q,2026-06,-1.6847
45294,hpi_trend_5y,2026-06,8.1268
45294,hpi_yoy_latest,2026-06,1.0701
45460,hpi_forecast_4q,2026-06,5.5249
45460,hpi_forecast_4q_hi,2026-06,15.8164
45460,hpi_forecast_4q_lo,2026-06,-3.3881
45460,hpi_forecast_8q,2026-06,12.0353
45460,hpi_forecast_8q_hi,2026-06,33.8518
45460,hpi_forecast_8q_lo,2026-06,-4.7193
45460,hpi_surprise_4q,2026-06,1.6256
45460,hpi_trend_5y,2026-06,9.2394
45460,hpi_yoy_latest,2026-06,7.6825
45500,hpi_forecast_4q,2026-06,4.0964
45500,hpi_forecast_4q_hi,2026-06,14.0755
45500,hpi_forecast_4q_lo,2026-06,-4.747
45500,hpi_forecast_8q,2026-06,9.3096
45500,hpi_forecast_8q_hi,2026-06,30.2497
45500,hpi_forecast_8q_lo,2026-06,-7.0691
45500,hpi_surprise_4q,2026-06,0.0759
45500,hpi_trend_5y,2026-06,7.6157
45500,hpi_yoy_latest,2026-06,4.3846
45780,hpi_forecast_4q,2026-06,4.4464
45780,hpi_forecast_4q_hi,2026-06,14.4884
45780,hpi_forecast_4q_lo,2026-06,-4.4004
45780,hpi_forecast_8q,2026-06,10.1134
45780,hpi_forecast_8q_hi,2026-06,31.2931
45780,hpi_forecast_8q_lo,2026-06,-6.319
45780,hpi_surprise_4q,2026-06,-1.87
45780,hpi_trend_5y,2026-06,7.3901
45780,hpi_yoy_latest,2026-06,3.3833
45820,hpi_forecast_4q,2026-06,4.9234
45820,hpi_forecast_4q_hi,2026-06,15.0972
45820,hpi_forecast_4q_lo,2026-06,-3.9585
45820,hpi_forecast_8q,2026-06,10.8244
45820,hpi_forecast_8q_hi,2026-06,32.31
45820,hpi_forecast_8q_lo,2026-06,-5.7502
45820,hpi_surprise_4q,2026-06,0.5113
45820,hpi_trend_5y,2026-06,8.0924
45820,hpi_yoy_latest,2026-06,5.6298
45900,hpi_forecast_4q,2026-06,4.2174
45900,hpi_forecast_4q_hi,2026-06,14.3407
45900,hpi_forecast_4q_lo,2026-06,-4.7282
45900,hpi_forecast_8q,2026-06,9.428
45900,hpi_forecast_8q_hi,2026-06,30.9424
45900,hpi_forecast_8q_lo,2026-06,-7.3516
45900,hpi_surprise_4q,2026-06,-2.2871
45900,hpi_trend_5y,2026-06,9.785
45900,hpi_yoy_latest,2026-06,3.33
45940,hpi_forecast_4q,2026-06,4.9198
45940,hpi_forecast_4q_hi,2026-06,15.0906
45940,hpi_forecast_4q_lo,2026-06,-3.9679
45940,hpi_forecast_8q,2026-06,10.6983
45940,hpi_forecast_8q_hi,2026-06,32.218
45940,hpi_forecast_8q_lo,2026-06,-5.887
45940,hpi_surprise_4q,2026-06,-0.9885
45940,hpi_trend_5y,2026-06,10.4191
45940,hpi_yoy_latest,2026-06,5.1881
46060,hpi_forecast_4q,2026-06,3.1703
46060,hpi_forecast_4q_hi,2026-06,12.8867
46060,hpi_forecast_4q_lo,2026-06,-5.5775
46060,hpi_forecast_8q,2026-06,7.6296
46060,hpi_forecast_8q_hi,2026-06,27.9123
46060,hpi_forecast_8q_lo,2026-06,-8.3782
46060,hpi_surprise_4q,2026-06,-0.9106
46060,hpi_trend_5y,2026-06,6.8781
46060,hpi_yoy_latest,2026-06,1.8825
46140,hpi_forecast_4q,2026-06,4.8409
46140,hpi_forecast_4q_hi,2026-06,15.0494
46140,hpi_forecast_4q_lo,2026-06,-4.0837
46140,hpi_forecast_8q,2026-06,10.5362
46140,hpi_forecast_8q_hi,2026-06,32.1795
46140,hpi_forecast_8q_lo,2026-06,-6.2013
46140,hpi_surprise_4q,2026-06,-0.6725
46140,hpi_trend_5y,2026-06,7.7891
46140,hpi_yoy_latest,2026-06,3.9546
46220,hpi_forecast_4q,2026-06,2.273
46220,hpi_forecast_4q_hi,2026-06,11.7655
46220,hpi_forecast_4q_lo,2026-06,-6.4086
46220,hpi_forecast_8q,2026-06,5.938
46220,hpi_forecast_8q_hi,2026-06,25.4038
46220,hpi_forecast_8q_lo,2026-06,-9.6914
46220,hpi_surprise_4q,2026-06,-4.8265
46220,hpi_trend_5y,2026-06,5.8224
46220,hpi_yoy_latest,2026-06,-0.0594
46300,hpi_forecast_4q,2026-06,2.5307
46300,hpi_forecast_4q_hi,2026-06,12.2066
46300,hpi_forecast_4q_lo,2026-06,-6.2668
46300,hpi_forecast_8q,2026-06,6.2642
46300,hpi_forecast_8q_hi,2026-06,26.3881
46300,hpi_forecast_8q_lo,2026-06,-9.8197
46300,hpi_surprise_4q,2026-06,-5.9905
46300,hpi_trend_5y,2026-06,5.9418
46300,hpi_yoy_latest,2026-06,-1.5503
46340,hpi_forecast_4q,2026-06,4.215
46340,hpi_forecast_4q_hi,2026-06,14.1399
46340,hpi_forecast_4q_lo,2026-06,-4.586
46340,hpi_forecast_8q,2026-06,9.8928
46340,hpi_forecast_8q_hi,2026-06,30.9292
46340,hpi_forecast_8q_lo,2026-06,-6.4881
46340,hpi_surprise_4q,2026-06,-1.1379
46340,hpi_trend_5y,2026-06,7.24
46340,hpi_yoy_latest,2026-06,2.6694
46520,hpi_forecast_4q,2026-06,5.7711
46520,hpi_forecast_4q_hi,2026-06,16.1988
46520,hpi_forecast_4q_lo,2026-06,-3.196
46520,hpi_forecast_8q,2026-06,12.2247
46520,hpi_forecast_8q_hi,2026-06,34.2665
46520,hpi_forecast_8q_lo,2026-06,-4.6186
46520,hpi_surprise_4q,2026-06,9.5931
46520,hpi_trend_5y,2026-06,6.7471
46520,hpi_yoy_latest,2026-06,11.0588
46540,hpi_forecast_4q,2026-06,6.8412
46540,hpi_forecast_4q_hi,2026-06,17.5235
46540,hpi_forecast_4q_lo,2026-06,-2.1777
46540,hpi_forecast_8q,2026-06,14.4627
46540,hpi_forecast_8q_hi,2026-06,37.4285
46540,hpi_forecast_8q_lo,2026-06,-2.7461
46540,hpi_surprise_4q,2026-06,3.4423
46540,hpi_trend_5y,2026-06,9.5834
46540,hpi_yoy_latest,2026-06,8.7517
46660,hpi_forecast_4q,2026-06,6.397
46660,hpi_forecast_4q_hi,2026-06,17.0419
46660,hpi_forecast_4q_lo,2026-06,-2.6389
46660,hpi_forecast_8q,2026-06,13.298
46660,hpi_forecast_8q_hi,2026-06,36.2429
46660,hpi_forecast_8q_lo,2026-06,-3.969
46660,hpi_surprise_4q,2026-06,5.42
46660,hpi_trend_5y,2026-06,9.4008
46660,hpi_yoy_latest,2026-06,10.0348
46700,hpi_forecast_4q,2026-06,2.247
46700,hpi_forecast_4q_hi,2026-06,11.8208
46700,hpi_forecast_4q_lo,2026-06,-6.501
46700,hpi_forecast_8q,2026-06,5.6389
46700,hpi_forecast_8q_hi,2026-06,25.1595
46700,hpi_forecast_8q_lo,2026-06,-10.1134
46700,hpi_surprise_4q,2026-06,-3.0437
46700,hpi_trend_5y,2026-06,2.717
46700,hpi_yoy_latest,2026-06,-0.6677
47020,hpi_forecast_4q,2026-06,4.4878
47020,hpi_forecast_4q_hi,2026-06,14.4749
47020,hpi_forecast_4q_lo,2026-06,-4.3119
47020,hpi_forecast_8q,2026-06,10.3188
47020,hpi_forecast_8q_hi,2026-06,31.4843
47020,hpi_forecast_8q_lo,2026-06,-6.0478
47020,hpi_surprise_4q,2026-06,2.9429
47020,hpi_trend_5y,2026-06,6.6879
47020,hpi_yoy_latest,2026-06,5.3346
47220,hpi_forecast_4q,2026-06,5.567
47220,hpi_forecast_4q_hi,2026-06,15.8429
47220,hpi_forecast_4q_lo,2026-06,-3.311
47220,hpi_forecast_8q,2026-06,12.3137
47220,hpi_forecast_8q_hi,2026-06,34.2047
47220,hpi_forecast_8q_lo,2026-06,-4.376
47220,hpi_surprise_4q,2026-06,2.3011
47220,hpi_trend_5y,2026-06,9.9153
47220,hpi_yoy_latest,2026-06,7.6378
47260,hpi_forecast_4q,2026-06,4.506
47260,hpi_forecast_4q_hi,2026-06,14.6117
47260,hpi_forecast_4q_lo,2026-06,-4.3449
47260,hpi_forecast_8q,2026-06,10.0159
47260,hpi_forecast_8q_hi,2026-06,31.3276
47260,hpi_forecast_8q_lo,2026-06,-6.4489
47260,hpi_surprise_4q,2026-06,-1.5109
47260,hpi_trend_5y,2026-06,7.4807
47260,hpi_yoy_latest,2026-06,3.6371
47300,hpi_forecast_4q,2026-06,4.8718
47300,hpi_forecast_4q_hi,2026-06,15.2267
47300,hpi_forecast_4q_lo,2026-06,-4.1542
47300,hpi_forecast_8q,2026-06,10.0314
47300,hpi_forecast_8q_hi,2026-06,31.6714
47300,hpi_forecast_8q_lo,2026-06,-6.8274
47300,hpi_surprise_4q,2026-06,-4.3138
47300,hpi_trend_5y,2026-06,6.8128
47300,hpi_yoy_latest,2026-06,0.6368
47380,hpi_forecast_4q,2026-06,2.9402
47380,hpi_forecast_4q_hi,2026-06,12.6577
47380,hpi_forecast_4q_lo,2026-06,-5.8261
47380,hpi_forecast_8q,2026-06,7.063
47380,hpi_forecast_8q_hi,2026-06,27.2723
47380,hpi_forecast_8q_lo,2026-06,-8.9733
47380,hpi_surprise_4q,2026-06,-2.1121
47380,hpi_trend_5y,2026-06,6.445
47380,hpi_yoy_latest,2026-06,1.0042
47460,hpi_forecast_4q,2026-06,4.0369
47460,hpi_forecast_4q_hi,2026-06,13.9922
47460,hpi_forecast_4q_lo,2026-06,-4.7972
47460,hpi_forecast_8q,2026-06,9.3072
47460,hpi_forecast_8q_hi,2026-06,30.3107
47460,hpi_forecast_8q_lo,2026-06,-7.0779
47460,hpi_surprise_4q,2026-06,-4.8114
47460,hpi_trend_5y,2026-06,5.8806
47460,hpi_yoy_latest,2026-06,1.2367
47580,hpi_forecast_4q,2026-06,5.3364
47580,hpi_forecast_4q_hi,2026-06,15.7482
47580,hpi_forecast_4q_lo,2026-06,-3.6891
47580,hpi_forecast_8q,2026-06,11.5546
47580,hpi_forecast_8q_hi,2026-06,34.1435
47580,hpi_forecast_8q_lo,2026-06,-5.7265
47580,hpi_surprise_4q,2026-06,4.182
47580,hpi_trend_5y,2026-06,9.4368
47580,hpi_yoy_latest,2026-06,7.9104
47664,hpi_forecast_4q,2026-06,5.1807
47664,hpi_forecast_4q_hi,2026-06,15.4134
47664,hpi_forecast_4q_lo,2026-06,-3.7255
47664,hpi_forecast_8q,2026-06,11.4394
47664,hpi_forecast_8q_hi,2026-06,33.2394
47664,hpi_forecast_8q_lo,2026-06,-5.2873
47664,hpi_surprise_4q,2026-06,-0.5969
47664,hpi_trend_5y,2026-06,6.9001
47664,hpi_yoy_latest,2026-06,4.3834
47764,hpi_forecast_4q,2026-06,3.2829
47764,hpi_forecast_4q_hi,2026-06,13.0367
47764,hpi_forecast_4q_lo,2026-06,-5.4796
47764,hpi_forecast_8q,2026-06,7.6608
47764,hpi_forecast_8q_hi,2026-06,27.8457
47764,hpi_forecast_8q_lo,2026-06,-8.3196
47764,hpi_surprise_4q,2026-06,-3.0171
47764,hpi_trend_5y,2026-06,3.1378
47764,hpi_yoy_latest,2026-06,0.4728
47930,hpi_forecast_4q,2026-06,5.3742
47930,hpi_forecast_4q_hi,2026-06,15.5956
47930,hpi_forecast_4q_lo,2026-06,-3.5404
47930,hpi_forecast_8q,2026-06,11.3717
47930,hpi_forecast_8q_hi,2026-06,32.7985
47930,hpi_forecast_8q_lo,2026-06,-5.3173
47930,hpi_surprise_4q,2026-06,-2.9029
47930,hpi_trend_5y,2026-06,9.1886
47930,hpi_yoy_latest,2026-06,3.899
47940,hpi_forecast_4q,2026-06,4.4525
47940,hpi_forecast_4q_hi,2026-06,14.4078
47940,hpi_forecast_4q_lo,2026-06,-4.3191
47940,hpi_forecast_8q,2026-06,10.0578
47940,hpi_forecast_8q_hi,2026-06,30.9444
47940,hpi_forecast_8q_lo,2026-06,-6.1533
47940,hpi_surprise_4q,2026-06,-2.0124
47940,hpi_trend_5y,2026-06,6.5033
47940,hpi_yoy_latest,2026-06,2.5831
48060,hpi_forecast_4q,2026-06,5.9154
48060,hpi_forecast_4q_hi,2026-06,16.291
48060,hpi_forecast_4q_lo,2026-06,-2.9662
48060,hpi_forecast_8q,2026-06,12.4121
48060,hpi_forecast_8q_hi,2026-06,34.2102
48060,hpi_forecast_8q_lo,2026-06,-4.1499
48060,hpi_surprise_4q,2026-06,3.2941
48060,hpi_trend_5y,2026-06,6.8308
48060,hpi_yoy_latest,2026-06,8.8949
48140,hpi_forecast_4q,2026-06,5.8989
48140,hpi_forecast_4q_hi,2026-06,16.311
48140,hpi_forecast_4q_lo,2026-06,-3.0365
48140,hpi_forecast_8q,2026-06,12.6147
48140,hpi_forecast_8q_hi,2026-06,34.8061
48140,hpi_forecast_8q_lo,2026-06,-4.2568
48140,hpi_surprise_4q,2026-06,-1.4327
48140,hpi_trend_5y,2026-06,9.2176
48140,hpi_yoy_latest,2026-06,5.1876
48260,hpi_forecast_4q,2026-06,7.0549
48260,hpi_forecast_4q_hi,2026-06,17.779
48260,hpi_forecast_4q_lo,2026-06,-1.9892
48260,hpi_forecast_8q,2026-06,14.9048
48260,hpi_forecast_8q_hi,2026-06,37.9924
48260,hpi_forecast_8q_lo,2026-06,-2.4231
48260,hpi_surprise_4q,2026-06,2.6925
48260,hpi_trend_5y,2026-06,9.2807
48260,hpi_yoy_latest,2026-06,9.0772
48300,hpi_forecast_4q,2026-06,3.3814
48300,hpi_forecast_4q_hi,2026-06,13.2567
48300,hpi_forecast_4q_lo,2026-06,-5.4587
48300,hpi_forecast_8q,2026-06,7.7137
48300,hpi_forecast_8q_hi,2026-06,28.5008
48300,hpi_forecast_8q_lo,2026-06,-8.6791
48300,hpi_surprise_4q,2026-06,-8.1051
48300,hpi_trend_5y,2026-06,5.9551
48300,hpi_yoy_latest,2026-06,-2.3306
48424,hpi_forecast_4q,2026-06,3.8079
48424,hpi_forecast_4q_hi,2026-06,13.7241
48424,hpi_forecast_4q_lo,2026-06,-5.0023
48424,hpi_forecast_8q,2026-06,8.6876
48424,hpi_forecast_8q_hi,2026-06,29.4668
48424,hpi_forecast_8q_lo,2026-06,-7.5549
48424,hpi_surprise_4q,2026-06,0.5397
48424,hpi_trend_5y,2026-06,9.6823
48424,hpi_yoy_latest,2026-06,3.6547
48540,hpi_forecast_4q,2026-06,4.3601
48540,hpi_forecast_4q_hi,2026-06,14.3525
48540,hpi_forecast_4q_lo,2026-06,-4.4535
48540,hpi_forecast_8q,2026-06,9.9191
48540,hpi_forecast_8q_hi,2026-06,30.8038
48540,hpi_forecast_8q_lo,2026-06,-6.3449
48540,hpi_surprise_4q,2026-06,-5.0539
48540,hpi_trend_5y,2026-06,6.4625
48540,hpi_yoy_latest,2026-06,0.5845
48620,hpi_forecast_4q,2026-06,5.0314
48620,hpi_forecast_4q_hi,2026-06,15.256
48620,hpi_forecast_4q_lo,2026-06,-3.8745
48620,hpi_forecast_8q,2026-06,10.9519
48620,hpi_forecast_8q_hi,2026-06,32.6917
48620,hpi_forecast_8q_lo,2026-06,-5.7609
48620,hpi_surprise_4q,2026-06,0.1777
48620,hpi_trend_5y,2026-06,7.2792
48620,hpi_yoy_latest,2026-06,4.5392
48660,hpi_forecast_4q,2026-06,2.8601
48660,hpi_forecast_4q_hi,2026-06,12.4958
48660,hpi_forecast_4q_lo,2026-06,-5.8628
48660,hpi_forecast_8q,2026-06,7.2475
48660,hpi_forecast_8q_hi,2026-06,27.2891
48660,hpi_forecast_8q_lo,2026-06,-8.6404
48660,hpi_surprise_4q,2026-06,-2.4924
48660,hpi_trend_5y,2026-06,6.066
48660,hpi_yoy_latest,2026-06,0.7942
48680,hpi_forecast_4q,2026-06,3.8498
48680,hpi_forecast_4q_hi,2026-06,14.2611
48680,hpi_forecast_4q_lo,2026-06,-5.3512
48680,hpi_forecast_8q,2026-06,7.8621
48680,hpi_forecast_8q_hi,2026-06,30.7715
48680,hpi_forecast_8q_lo,2026-06,-10.0362
48680,hpi_surprise_4q,2026-06,0.6231
48680,hpi_trend_5y,2026-06,6.3631
48680,hpi_yoy_latest,2026-06,2.6057
48700,hpi_forecast_4q,2026-06,5.4959
48700,hpi_forecast_4q_hi,2026-06,15.7157
48700,hpi_forecast_4q_lo,2026-06,-3.3587
48700,hpi_forecast_8q,2026-06,12.185
48700,hpi_forecast_8q_hi,2026-06,33.8571
48700,hpi_forecast_8q_lo,2026-06,-4.3471
48700,hpi_surprise_4q,2026-06,3.2369
48700,hpi_trend_5y,2026-06,6.491
48700,hpi_yoy_latest,2026-06,7.4527
48864,hpi_forecast_4q,2026-06,4.9807
48864,hpi_forecast_4q_hi,2026-06,15.1893
48864,hpi_forecast_4q_lo,2026-06,-3.9321
48864,hpi_forecast_8q,2026-06,10.8686
48864,hpi_forecast_8q_hi,2026-06,32.404
48864,hpi_forecast_8q_lo,2026-06,-5.7875
48864,hpi_surprise_4q,2026-06,-0.687
48864,hpi_trend_5y,2026-06,7.9931
48864,hpi_yoy_latest,2026-06,4.4252
48900,hpi_forecast_4q,2026-06,4.1503
48900,hpi_forecast_4q_hi,2026-06,14.4905
48900,hpi_forecast_4q_lo,2026-06,-4.9525
48900,hpi_forecast_8q,2026-06,8.9648
48900,hpi_forecast_8q_hi,2026-06,31.6571
48900,hpi_forecast_8q_lo,2026-06,-8.597
48900,hpi_surprise_4q,2026-06,-1.6676
48900,hpi_trend_5y,2026-06,9.8082
48900,hpi_yoy_latest,2026-06,3.6975
49020,hpi_forecast_4q,2026-06,5.3137
49020,hpi_forecast_4q_hi,2026-06,15.6746
49020,hpi_forecast_4q_lo,2026-06,-3.6823
49020,hpi_forecast_8q,2026-06,11.5232
49020,hpi_forecast_8q_hi,2026-06,33.8001
49020,hpi_forecast_8q_lo,2026-06,-5.5837
49020,hpi_surprise_4q,2026-06,1.6102
49020,hpi_trend_5y,2026-06,7.8673
49020,hpi_yoy_latest,2026-06,6.7054
49180,hpi_forecast_4q,2026-06,4.3149
49180,hpi_forecast_4q_hi,2026-06,14.4639
49180,hpi_forecast_4q_lo,2026-06,-4.6259
49180,hpi_forecast_8q,2026-06,9.482
49180,hpi_forecast_8q_hi,2026-06,31.0767
49180,hpi_forecast_8q_lo,2026-06,-7.3173
49180,hpi_surprise_4q,2026-06,-1.5976
49180,hpi_trend_5y,2026-06,9.1509
49180,hpi_yoy_latest,2026-06,3.2588
49340,hpi_forecast_4q,2026-06,4.2874
49340,hpi_forecast_4q_hi,2026-06,14.2383
49340,hpi_forecast_4q_lo,2026-06,-4.5053
49340,hpi_forecast_8q,2026-06,9.7155
49340,hpi_forecast_8q_hi,2026-06,30.454
49340,hpi_forecast_8q_lo,2026-06,-6.4829
49340,hpi_surprise_4q,2026-06,-2.7695
49340,hpi_trend_5y,2026-06,7.5372
49340,hpi_yoy_latest,2026-06,2.535
49420,hpi_forecast_4q,2026-06,4.4955
49420,hpi_forecast_4q_hi,2026-06,14.5322
49420,hpi_forecast_4q_lo,2026-06,-4.3244
49420,hpi_forecast_8q,2026-06,10.0076
49420,hpi_forecast_8q_hi,2026-06,31.0517
49420,hpi_forecast_8q_lo,2026-06,-6.2918
49420,hpi_surprise_4q,2026-06,-1.8255
49420,hpi_trend_5y,2026-06,6.0786
49420,hpi_yoy_latest,2026-06,2.3736
49620,hpi_forecast_4q,2026-06,5.3253
49620,hpi_forecast_4q_hi,2026-06,15.6126
49620,hpi_forecast_4q_lo,2026-06,-3.5892
49620,hpi_forecast_8q,2026-06,11.6976
49620,hpi_forecast_8q_hi,2026-06,33.6438
49620,hpi_forecast_8q_lo,2026-06,-5.1056
49620,hpi_surprise_4q,2026-06,0.9899
49620,hpi_trend_5y,2026-06,8.1119
49620,hpi_yoy_latest,2026-06,6.0564
49660,hpi_forecast_4q,2026-06,5.7845
49660,hpi_forecast_4q_hi,2026-06,16.1521
49660,hpi_forecast_4q_lo,2026-06,-3.1518
49660,hpi_forecast_8q,2026-06,12.4863
49660,hpi_forecast_8q_hi,2026-06,34.4689
49660,hpi_forecast_8q_lo,2026-06,-4.3176
49660,hpi_surprise_4q,2026-06,-1.4224
49660,hpi_trend_5y,2026-06,9.1629
49660,hpi_yoy_latest,2026-06,4.7537
49700,hpi_forecast_4q,2026-06,3.1798
49700,hpi_forecast_4q_hi,2026-06,13.0502
49700,hpi_forecast_4q_lo,2026-06,-5.6874
49700,hpi_forecast_8q,2026-06,7.1644
49700,hpi_forecast_8q_hi,2026-06,27.5637
49700,hpi_forecast_8q_lo,2026-06,-9.0759
49700,hpi_surprise_4q,2026-06,-1.6572
49700,hpi_trend_5y,2026-06,3.8293
49700,hpi_yoy_latest,2026-06,0.8596
49740,hpi_forecast_4q,2026-06,5.8467
49740,hpi_forecast_4q_hi,2026-06,16.2169
49740,hpi_forecast_4q_lo,2026-06,-3.0827
49740,hpi_forecast_8q,2026-06,12.7038
49740,hpi_forecast_8q_hi,2026-06,35.1201
49740,hpi_forecast_8q_lo,2026-06,-4.2739
49740,hpi_surprise_4q,2026-06,-4.6258
49740,hpi_trend_5y,2026-06,7.0878
49740,hpi_yoy_latest,2026-06,-0.0237
