Survey,CSA,CBSA,HHEADER,CBSA,,1-unit,,,2-units,,,3-4 units,,,5+ units,,,1-unit rep,,,2-units rep,,,3-4 units rep,,,5+ units rep
Date,Code,Code,,Name,Bldgs,Units,Value,Bldgs,Units,Value,Bldgs,Units,Value,Bldgs,Units,Value,Bldgs,Units,Value,Bldgs,Units,Value,      Bldgs,Units,Value,Bldgs,Units,Value
 
202599,101,10180,2,Abilene  TX ,834,834,224698,163,326,52332,0,0,0,0,0,0,826,826,222397,163,326,52332,0,0,0,0,0,0
202599,101,45020,5,Sweetwater  TX ,8,8,1221,0,0,0,0,0,0,0,0,0,8,8,1221,0,0,0,0,0,0,0,0,0
202599,104,10580,2,Albany-Schenectady-Troy  NY ,1277,1277,495830,8,16,3855,15,57,9899,36,697,118213,980,980,386990,4,8,1015,12,48,8352,19,565,96059
202599,104,11220,5,Amsterdam  NY ,41,41,12915,0,0,0,0,0,0,6,64,18000,29,29,9417,0,0,0,0,0,0,6,64,18000
202599,104,24020,2,Glens Falls  NY ,278,278,103463,2,4,726,7,21,3495,1,24,1500,272,272,101982,2,4,726,7,21,3495,1,24,1500
202599,104,24100,5,Gloversville  NY ,85,85,27696,0,0,0,0,0,0,0,0,0,66,66,21929,0,0,0,0,0,0,0,0,0
202599,104,26460,5,Hudson  NY ,106,106,45560,0,0,0,0,0,0,1,5,128,78,78,41749,0,0,0,0,0,0,1,5,128
202599,105,10740,2,Albuquerque  NM ,1812,1812,485135,15,30,2773,1,4,250,31,984,108637,1690,1690,449379,15,30,2773,1,4,250,31,984,108637
202599,105,29780,5,Las Vegas  NM ,0,0,0,0,0,0,0,0,0,0,0,0,0,0,0,0,0,0,0,0,0,0,0,0
202599,105,31060,5,Los Alamos  NM ,15,15,3000,0,0,0,0,0,0,0,0,0,15,15,3000,0,0,0,0,0,0,0,0,0
202599,105,42140,2,Santa Fe  NM ,251,251,96112,0,0,0,0,0,0,6,244,36369,251,251,96112,0,0,0,0,0,0,6,244,36369
202599,106,10900,2,Allentown-Bethlehem-Easton  PA-NJ ,1202,1202,354115,21,42,7681,5,19,1842,33,711,83379,1013,1013,314142,21,42,7681,4,15,1842,32,672,78562
202599,106,20700,5,East Stroudsburg  PA ,236,236,80463,1,2,290,1,3,564,2,16,4714,221,221,75850,1,2,290,1,3,564,2,16,4714
202599,107,11020,2,Altoona  PA ,66,66,22121,10,20,5500,0,0,0,0,0,0,54,54,19436,10,20,5500,0,0,0,0,0,0
202599,107,26500,5,Huntingdon  PA ,64,64,19818,0,0,0,0,0,0,0,0,0,42,42,13580,0,0,0,0,0,0,0,0,0
202599,108,11100,2,Amarillo  TX ,652,652,193300,7,14,2262,4,16,2461,13,312,45802,613,613,183214,7,14,2262,4,16,2461,13,312,45802
202599,108,14420,5,Borger  TX ,2,2,592,0,0,0,0,0,0,0,0,0,2,2,592,0,0,0,0,0,0,0,0,0
202599,118,11540,2,Appleton  WI ,626,626,249017,27,54,13330,0,0,0,40,584,84570,604,604,241117,22,44,11553,0,0,0,40,584,84570
202599,118,36780,2,Oshkosh-Neenah  WI ,283,283,112103,6,12,2320,0,0,0,21,387,46562,283,283,112103,6,12,2320,0,0,0,21,387,46562
202599,120,11700,2,Asheville  NC ,1795,1795,864045,9,18,2607,0,0,0,38,1425,224124,1496,1496,768957,4,8,1519,0,0,0,28,1153,177682
202599,120,14820,5,Brevard  NC ,176,176,131110,0,0,0,0,0,0,0,0,0,176,176,131110,0,0,0,0,0,0,0,0,0
202599,120,48200,5,Waynesville  NC ,352,352,148123,1,2,350,0,0,0,7,160,27010,352,352,148123,1,2,350,0,0,0,7,160,27010
202599,122,12020,2,Athens-Clarke County  GA ,756,756,257248,0,0,0,0,0,0,18,522,73261,633,633,203645,0,0,0,0,0,0,18,522,73261
202599,122,12060,2,Atlanta-Sandy Springs-Roswell  GA ,22065,22065,6821477,94,188,37209,98,365,54853,585,11052,1785514,20771,20771,6484451,93,186,36809,94,353,53371,550,10398,1695994
202599,122,15660,5,Calhoun  GA ,289,289,67377,0,0,0,0,0,0,0,0,0,289,289,67377,0,0,0,0,0,0,0,0,0
202599,122,16340,5,Cedartown  GA ,121,121,35350,0,0,0,0,0,0,4,96,17500,121,121,35350,0,0,0,0,0,0,4,96,17500
202599,122,18460,5,Cornelia  GA ,378,378,114249,0,0,0,0,0,0,2,12,687,328,328,97620,0,0,0,0,0,0,0,0,0
202599,122,23580,2,Gainesville  GA ,1892,1892,628115,0,0,0,6,18,3034,12,86,11618,1871,1871,620400,0,0,0,0,0,0,4,23,1950
202599,122,27600,5,Jefferson  GA ,1816,1816,624841,0,0,0,0,0,0,2,11,1914,1658,1658,578625,0,0,0,0,0,0,2,11,1914
202599,122,29300,5,LaGrange  GA-AL ,462,462,138030,5,10,1784,0,0,0,11,346,70850,434,434,134810,5,10,1784,0,0,0,11,346,70850
202599,122,40660,2,Rome  GA ,330,330,70281,0,0,0,0,0,0,0,0,0,330,330,70281,0,0,0,0,0,0,0,0,0
202599,122,45580,5,Thomaston  GA ,127,127,36929,0,0,0,0,0,0,0,0,0,63,63,19630,0,0,0,0,0,0,0,0,0
202599,132,12940,2,Baton Rouge  LA ,2775,2775,742173,9,18,2821,1,4,399,17,1517,112078,1948,1948,507203,9,18,2821,1,4,399,17,1517,112078
202599,132,25220,2,Hammond  LA ,696,696,160764,3,6,301,0,0,0,19,461,43712,616,616,146396,0,0,0,0,0,0,0,0,0
202599,142,13820,2,Birmingham  AL ,3116,3116,1001023,10,20,10316,2,7,1026,34,1076,194315,2882,2882,955377,0,0,0,2,7,1026,16,608,108020
202599,142,18980,5,Cullman  AL ,196,196,35776,0,0,0,0,0,0,0,0,0,182,182,33501,0,0,0,0,0,0,0,0,0
202599,142,45180,5,Talladega-Sylacauga  AL ,123,123,24533,0,0,0,0,0,0,10,72,11415,119,119,23382,0,0,0,0,0,0,9,66,10554
202599,144,13260,5,Bedford  IN ,84,84,15073,13,26,3770,0,0,0,0,0,0,84,84,15073,13,26,3770,0,0,0,0,0,0
202599,144,14020,2,Bloomington  IN ,312,312,124705,34,68,11715,1,3,984,13,878,157314,237,237,98310,34,68,11715,1,3,984,13,878,157314
202599,145,14010,2,Bloomington  IL ,205,205,60660,1,2,368,0,0,0,3,62,6400,204,204,60540,1,2,368,0,0,0,3,62,6400
202599,145,38700,5,Pontiac  IL ,20,20,7442,15,30,5190,0,0,0,0,0,0,20,20,7442,15,30,5190,0,0,0,0,0,0
202599,146,14100,5,Bloomsburg-Berwick  PA ,106,106,25821,1,2,350,1,3,800,0,0,0,97,97,23153,1,2,350,1,3,800,0,0,0
202599,146,30260,5,Lewisburg  PA ,63,63,26479,0,0,0,0,0,0,0,0,0,63,63,26479,0,0,0,0,0,0,0,0,0
202599,146,42780,5,Selinsgrove  PA ,67,67,21296,1,2,230,0,0,0,0,0,0,46,46,14954,1,2,230,0,0,0,0,0,0
202599,146,44980,5,Sunbury  PA ,49,49,20761,0,0,0,0,0,0,0,0,0,42,42,18667,0,0,0,0,0,0,0,0,0
202599,147,14260,2,Boise City  ID ,7970,7970,2179024,83,166,22513,21,84,12363,62,1218,191595,7970,7970,2179024,83,166,22513,21,84,12363,62,1218,191595
202599,147,34300,5,Mountain Home  ID ,164,164,23623,0,0,0,0,0,0,0,0,0,145,145,19191,0,0,0,0,0,0,0,0,0
202599,147,36620,5,Ontario  OR-ID ,201,201,65626,10,20,2788,12,48,6167,0,0,0,199,199,64798,10,20,2788,12,48,6167,0,0,0
202599,148,12700,2,Barnstable Town  MA ,333,333,281354,14,28,2812,5,17,3550,17,252,66763,299,299,265186,14,28,2812,4,14,2650,13,232,59620
202599,148,14460,2,Boston-Cambridge-Newton  MA-NH ,3971,3971,1720774,114,228,48796,54,178,37266,278,5695,1536116,3233,3233,1479883,97,194,40528,49,163,33494,184,4796,1390062
202599,148,18180,5,Concord  NH ,248,248,112833,8,16,3301,7,22,3640,0,0,0,191,191,93260,6,12,2451,2,7,1165,0,0,0
202599,148,29060,5,Laconia  NH ,332,332,153814,21,42,9265,3,11,3410,5,38,6650,311,311,148328,21,42,9265,3,11,3410,5,38,6650
202599,148,31700,2,Manchester-Nashua  NH ,380,380,160858,17,34,8499,10,30,5618,15,188,43098,299,299,131330,8,16,4014,0,0,0,0,0,0
202599,148,39300,2,Providence-Warwick  RI-MA ,1169,1169,390916,186,372,49769,53,173,23057,33,1180,143108,898,898,337243,184,368,49353,53,173,23057,33,1180,143108
202599,148,49340,2,Worcester  MA ,776,776,274286,40,80,17172,8,27,5569,23,807,145121,665,665,233229,37,74,16302,8,27,5569,22,800,144478
202599,150,14540,2,Bowling Green  KY ,708,708,209598,7,14,2862,11,40,5011,51,708,98978,708,708,209598,7,14,2862,11,40,5011,51,708,98978
202599,150,23190,5,Franklin  KY ,205,205,50396,3,6,808,2,7,1003,16,178,26209,193,193,47725,2,4,580,1,4,675,15,173,25693
202599,150,23980,5,Glasgow  KY ,178,178,51807,13,26,4201,0,0,0,0,0,0,178,178,51807,13,26,4201,0,0,0,0,0,0
202599,152,15060,5,Brookings  OR ,42,42,18807,0,0,0,0,0,0,0,0,0,42,42,18807,0,0,0,0,0,0,0,0,0
202599,152,18860,5,Crescent City  CA ,17,17,6085,14,28,8412,3,9,3115,4,59,2987,17,17,6085,14,28,8412,3,9,3115,4,59,2987
202599,154,15180,2,Brownsville-Harlingen  TX ,1838,1838,405728,70,140,16615,10,37,5062,34,687,32603,1677,1677,375822,59,118,13695,8,31,4691,29,650,20578
202599,154,39700,5,Raymondville  TX ,43,43,9547,0,0,0,0,0,0,0,0,0,43,43,9547,0,0,0,0,0,0,0,0,0
202599,160,15380,2,Buffalo-Cheektowaga  NY ,902,902,402523,19,38,8551,11,44,11823,34,500,72896,853,853,394211,19,38,8551,11,44,11823,23,393,48903
202599,160,36460,5,Olean  NY ,124,124,32051,13,26,2437,0,0,0,0,0,0,84,84,22006,12,24,2100,0,0,0,0,0,0
202599,161,15460,5,Burlington  IA-IL ,23,23,7981,0,0,0,1,3,839,10,59,7734,22,22,7460,0,0,0,0,0,0,1,13,1300
202599,161,22800,5,Fort Madison  IA ,20,20,4136,0,0,0,1,4,475,3,56,4676,10,10,1103,0,0,0,1,4,475,3,56,4676
202599,162,12740,5,Barre  VT ,130,130,50146,9,18,3763,2,8,1600,0,0,0,93,93,35394,6,12,2326,2,8,1600,0,0,0
202599,162,15540,2,Burlington-South Burlington  VT ,456,456,163438,23,46,8236,7,24,5848,18,732,217585,392,392,142681,10,20,3485,7,24,5848,9,687,215261
202599,163,15980,2,Cape Coral-Fort Myers  FL ,9962,9962,2930727,86,172,36944,7,28,6200,91,3385,789976,9962,9962,2930727,86,172,36944,7,28,6200,91,3385,789976
202599,163,17500,5,Clewiston  FL ,562,562,95981,8,16,3645,0,0,0,0,0,0,558,558,95070,8,16,3645,0,0,0,0,0,0
202599,163,34940,2,Naples-Marco Island  FL ,1945,1945,1123531,4,8,1300,15,59,12235,30,724,327875,1828,1828,715192,3,6,1100,15,59,12235,19,664,74197
202599,164,16020,2,Cape Girardeau  MO-IL ,99,99,35096,0,0,0,0,0,0,0,0,0,54,54,18259,0,0,0,0,0,0,0,0,0
202599,164,43460,5,Sikeston  MO ,73,73,8792,3,6,899,0,0,0,0,0,0,70,70,8249,3,6,899,0,0,0,0,0,0
202599,166,16060,5,Carbondale  IL ,4,4,269,0,0,0,0,0,0,0,0,0,4,4,269,0,0,0,0,0,0,0,0,0
202599,166,32060,5,Marion-Herrin  IL ,68,68,14972,3,6,428,17,59,4719,1,8,989,25,25,6850,0,0,0,1,4,615,1,8,989
202599,168,16300,2,Cedar Rapids  IA ,464,464,148867,36,72,16447,14,51,10363,10,400,61153,453,453,145899,36,72,16447,14,51,10363,10,400,61153
202599,168,26980,2,Iowa City  IA ,526,526,206785,11,22,6024,10,35,8070,27,683,100442,433,433,172408,10,20,5723,7,26,5820,17,591,87612
202599,169,16580,2,Champaign-Urbana  IL ,312,312,106448,2,4,699,3,12,1930,16,585,84480,299,299,103498,2,4,699,3,12,1930,16,585,84480
202599,169,19180,5,Danville  IL ,10,10,2223,0,0,0,0,0,0,0,0,0,9,9,1869,0,0,0,0,0,0,0,0,0
202599,170,16620,2,Charleston  WV ,110,110,12563,2,4,295,0,0,0,0,0,0,28,28,3401,2,4,295,0,0,0,0,0,0
202599,170,26580,2,Huntington-Ashland  WV-KY-OH ,236,236,50670,28,56,4265,5,17,1000,0,0,0,53,53,14149,27,54,4165,3,11,815,0,0,0
202599,170,39020,5,Portsmouth  OH ,10,10,2796,0,0,0,0,0,0,0,0,0,2,2,380,0,0,0,0,0,0,0,0,0
202599,172,10620,5,Albemarle  NC ,336,336,56577,0,0,0,0,0,0,0,0,0,0,0,0,0,0,0,0,0,0,0,0,0
202599,172,16740,2,Charlotte-Concord-Gastonia  NC-SC ,16242,16242,5037349,61,122,19804,13,49,7514,161,5820,640807,15357,15357,4716998,61,122,19804,13,49,7514,148,5709,628207
202599,172,25860,2,Hickory-Lenoir-Morganton  NC ,2434,2434,708477,95,190,24178,2,7,545,26,505,45480,2320,2320,689142,92,184,23098,2,7,545,13,434,41524
202599,172,32000,5,Marion  NC ,164,164,79411,0,0,0,0,0,0,0,0,0,0,0,0,0,0,0,0,0,0,0,0,0
202599,172,43140,5,Shelby-Kings Mountain  NC ,396,396,94710,8,16,2054,13,41,6961,13,102,14792,254,254,61297,2,4,76,7,23,3770,0,0,0
202599,174,11940,5,Athens  TN ,198,198,42301,6,12,1280,2,6,1040,0,0,0,107,107,16687,6,12,1280,2,6,1040,0,0,0
202599,174,16860,2,Chattanooga  TN-GA ,2547,2547,654227,74,148,15419,30,104,10706,21,159,17314,2177,2177,597639,68,136,13930,13,44,4920,4,24,3890
202599,174,17420,2,Cleveland  TN ,844,844,225656,9,18,2770,14,46,7803,4,30,5384,694,694,198488,9,18,2770,14,46,7803,4,30,5384
202599,174,19140,2,Dalton  GA ,417,417,94705,56,112,9692,5,16,2387,1,5,718,337,337,73712,56,112,9692,0,0,0,0,0,0
202599,174,42460,5,Scottsboro  AL ,49,49,14401,0,0,0,0,0,0,0,0,0,6,6,1112,0,0,0,0,0,0,0,0,0
202599,174,44900,5,Summerville  GA ,2,2,506,0,0,0,0,0,0,0,0,0,0,0,0,0,0,0,0,0,0,0,0,0
202599,176,16980,2,Chicago-Naperville-Elgin  IL-IN ,9497,9497,3551207,135,270,67885,205,687,151099,238,5324,1465226,9319,9319,3476437,132,264,67082,203,681,150021,215,5020,1323546
202599,176,28100,2,Kankakee  IL ,92,92,26904,6,12,1216,3,9,1800,0,0,0,82,82,25410,0,0,0,1,3,600,0,0,0
202599,176,28450,2,Kenosha  WI ,180,180,80630,97,194,32092,0,0,0,6,518,244057,168,168,72750,97,194,32092,0,0,0,6,518,244057
202599,176,33140,2,Michigan City-La Porte  IN ,204,204,87715,0,0,0,0,0,0,13,87,11020,165,165,77638,0,0,0,0,0,0,0,0,0
202599,176,36837,5,Ottawa  IL ,78,78,30068,2,4,699,0,0,0,0,0,0,74,74,28279,2,4,699,0,0,0,0,0,0
202599,178,17140,2,Cincinnati  OH-KY-IN ,4311,4311,1399318,124,248,36323,62,214,38097,107,2491,269011,4123,4123,1366346,124,248,36323,61,210,37378,107,2491,269011
202599,178,48940,5,Wilmington  OH ,102,102,33873,0,0,0,0,0,0,0,0,0,101,101,33723,0,0,0,0,0,0,0,0,0
202599,184,10420,2,Akron  OH ,638,638,281790,0,0,0,9,35,6156,14,78,10054,613,613,265453,0,0,0,9,35,6156,14,78,10054
202599,184,15940,2,Canton-Massillon  OH ,472,472,160541,12,24,4802,14,45,5640,16,102,7835,414,414,152203,6,12,2445,7,24,4564,0,0,0
202599,184,17410,2,Cleveland  OH ,2866,2866,1055220,10,20,5379,22,74,11161,30,1214,247693,2427,2427,913912,10,20,5379,16,56,10049,30,1214,247693
202599,184,18740,5,Coshocton  OH ,4,4,1108,4,8,450,0,0,0,0,0,0,1,1,20,4,8,450,0,0,0,0,0,0
202599,184,23380,5,Fremont  OH ,18,18,6549,1,2,349,3,10,600,0,0,0,6,6,2638,1,2,349,3,10,600,0,0,0
202599,184,35420,5,New Philadelphia-Dover  OH ,61,61,25137,4,8,1050,0,0,0,0,0,0,44,44,20192,4,8,1050,0,0,0,0,0,0
202599,184,35940,5,Norwalk  OH ,61,61,23793,16,32,2675,0,0,0,0,0,0,55,55,21924,16,32,2675,0,0,0,0,0,0
202599,184,41780,2,Sandusky  OH ,306,306,143503,0,0,0,2,6,760,2,13,1450,286,286,137950,0,0,0,2,6,760,2,13,1450
202599,184,49300,5,Wooster  OH ,223,223,76410,3,6,1007,1,3,450,0,0,0,223,223,76410,3,6,1007,1,3,450,0,0,0
202599,190,17860,2,Columbia  MO ,643,643,268091,13,26,4718,3,10,6162,10,146,25744,643,643,268091,13,26,4718,3,10,6162,10,146,25744
202599,190,27620,2,Jefferson City  MO ,181,181,61666,5,10,1746,5,15,2472,0,0,0,145,145,53018,5,10,1746,4,12,2190,0,0,0
202599,190,33020,5,Mexico  MO ,28,28,5858,0,0,0,0,0,0,0,0,0,28,28,5858,0,0,0,0,0,0,0,0,0
202599,190,33620,5,Moberly  MO ,89,89,31505,0,0,0,0,0,0,0,0,0,89,89,31505,0,0,0,0,0,0,0,0,0
202599,192,17900,2,Columbia  SC ,4969,4969,1332370,29,58,10488,47,179,26075,20,864,147566,3872,3872,1109772,29,58,10488,47,179,26075,20,864,147566
202599,192,35140,5,Newberry  SC ,151,151,61221,0,0,0,1,3,450,1,6,900,63,63,24239,0,0,0,1,3,450,1,6,900
202599,192,36700,5,Orangeburg  SC ,83,83,11965,0,0,0,0,0,0,4,24,4000,9,9,1306,0,0,0,0,0,0,4,24,4000
202599,192,44940,2,Sumter  SC ,320,320,53680,19,38,3623,0,0,0,0,0,0,0,0,0,0,0,0,0,0,0,0,0,0
202599,194,10760,5,Alexander City  AL ,230,230,136417,0,0,0,0,0,0,0,0,0,230,230,136417,0,0,0,0,0,0,0,0,0
202599,194,12220,2,Auburn-Opelika  AL ,1557,1557,450908,12,24,3090,0,0,0,0,0,0,1534,1534,444234,12,24,3090,0,0,0,0,0,0
202599,194,17980,2,Columbus  GA-AL ,571,571,165070,2,4,610,0,0,0,6,30,3090,151,151,34407,2,4,610,0,0,0,0,0,0
202599,198,11900,5,Athens  OH ,11,11,4629,3,6,800,1,3,600,7,159,25021,11,11,4629,3,6,800,1,3,600,7,159,25021
202599,198,13340,5,Bellefontaine  OH ,117,117,34236,0,0,0,1,3,975,0,0,0,89,89,25410,0,0,0,1,3,975,0,0,0
202599,198,15740,5,Cambridge  OH ,41,41,12874,0,0,0,0,0,0,0,0,0,41,41,12874,0,0,0,0,0,0,0,0,0
202599,198,17060,5,Chillicothe  OH ,29,29,10631,15,30,2262,0,0,0,0,0,0,14,14,5140,14,28,2100,0,0,0,0,0,0
202599,198,18140,2,Columbus  OH ,5549,5549,2373502,148,296,53981,101,363,64084,360,9549,1072525,5310,5310,2286798,146,292,52981,101,363,64084,359,9536,1070953
202599,198,32020,5,Marion  OH ,60,60,19636,0,0,0,0,0,0,0,0,0,57,57,18575,0,0,0,0,0,0,0,0,0
202599,198,34540,5,Mount Vernon  OH ,154,154,53997,2,4,830,0,0,0,6,112,11800,116,116,42477,2,4,830,0,0,0,6,112,11800
202599,198,47920,5,Washington Court House  OH ,79,79,20482,1,2,150,0,0,0,0,0,0,79,79,20482,1,2,150,0,0,0,0,0,0
202599,198,49780,5,Zanesville  OH ,25,25,8418,8,16,2794,2,6,1095,15,155,24204,17,17,6241,8,16,2794,2,6,1095,15,155,24204
202599,204,10860,5,Alice  TX ,3,3,435,0,0,0,0,0,0,0,0,0,1,1,25,0,0,0,0,0,0,0,0,0
202599,204,18580,2,Corpus Christi  TX ,1952,1952,540777,9,18,2794,1,4,584,13,142,20379,802,802,219809,3,6,931,1,4,584,4,94,13491
202599,204,28780,5,Kingsville  TX ,18,18,3017,0,0,0,0,0,0,0,0,0,12,12,1918,0,0,0,0,0,0,0,0,0
202599,206,11980,5,Athens  TX ,166,166,51406,5,10,905,0,0,0,0,0,0,152,152,48566,5,10,905,0,0,0,0,0,0
202599,206,14300,5,Bonham  TX ,82,82,17851,1,2,280,0,0,0,0,0,0,82,82,17851,1,2,280,0,0,0,0,0,0
202599,206,18620,5,Corsicana  TX ,459,459,129354,9,18,2908,0,0,0,0,0,0,452,452,127189,9,18,2908,0,0,0,0,0,0
202599,206,19100,2,Dallas-Fort Worth-Arlington  TX ,39790,39790,11915970,614,1228,189456,149,554,78294,786,24607,4127428,36893,36893,11197524,450,900,141942,131,495,70190,771,24452,4113333
202599,206,20460,5,Durant  OK ,122,122,24041,14,28,3743,0,0,0,1,5,881,116,116,21921,13,26,3535,0,0,0,0,0,0
202599,206,23620,5,Gainesville  TX ,69,69,19170,0,0,0,0,0,0,0,0,0,57,57,16237,0,0,0,0,0,0,0,0,0
202599,206,24180,5,Granbury  TX ,258,258,81156,0,0,0,0,0,0,0,0,0,258,258,81156,0,0,0,0,0,0,0,0,0
202599,206,33420,5,Mineral Wells  TX ,22,22,6512,0,0,0,0,0,0,0,0,0,22,22,6512,0,0,0,0,0,0,0,0,0
202599,206,43300,2,Sherman-Denison  TX ,1175,1175,351402,5,10,1590,0,0,0,33,696,96713,1174,1174,351052,5,10,1590,0,0,0,33,696,96713
202599,206,44860,5,Sulphur Springs  TX ,62,62,12585,0,0,0,0,0,0,0,0,0,0,0,0,0,0,0,0,0,0,0,0,0
202599,209,17540,5,Clinton  IA ,37,37,14824,0,0,0,0,0,0,9,48,8000,30,30,12517,0,0,0,0,0,0,0,0,0
202599,209,19340,2,Davenport-Moline-Rock Island  IA-IL ,377,377,111771,17,34,5625,12,44,6798,16,140,18669,340,340,103124,10,20,3350,9,35,6049,5,78,12167
202599,209,34700,5,Muscatine  IA ,41,41,12079,5,10,1452,1,3,825,1,65,6682,41,41,12079,5,10,1452,1,3,825,1,65,6682
202599,212,19430,2,Dayton-Kettering-Beavercreek  OH ,1309,1309,470581,4,8,1393,44,137,15876,38,532,72256,1300,1300,467665,2,4,690,41,128,14981,23,242,37076
202599,212,24820,5,Greenville  OH ,55,55,25276,0,0,0,1,3,312,0,0,0,55,55,25276,0,0,0,1,3,312,0,0,0
202599,212,43380,5,Sidney  OH ,87,87,34403,4,8,640,5,20,1750,8,192,10400,87,87,34403,4,8,640,5,20,1750,8,192,10400
202599,212,44220,2,Springfield  OH ,225,225,68716,0,0,0,1,4,424,5,158,23467,225,225,68716,0,0,0,1,4,424,5,158,23467
202599,212,46500,5,Urbana  OH ,45,45,16438,0,0,0,0,0,0,0,0,0,45,45,16438,0,0,0,0,0,0,0,0,0
202599,216,14500,2,Boulder  CO ,428,428,240138,12,24,6566,4,15,3146,39,1534,319736,373,373,219421,8,16,5074,3,12,2068,32,1283,272087
202599,216,19740,2,Denver-Aurora-Centennial  CO ,7477,7477,2719480,82,164,30809,32,112,22634,205,8195,1518822,7244,7244,2649759,81,162,30366,31,109,22196,183,7528,1408993
202599,216,24540,2,Greeley  CO ,2011,2011,768435,0,0,0,0,0,0,72,982,164885,2011,2011,768435,0,0,0,0,0,0,72,982,164885
202599,218,11180,2,Ames  IA ,199,199,73780,6,12,1500,7,24,4173,22,157,19965,187,187,70068,6,12,1500,7,24,4173,22,157,19965
202599,218,19780,2,Des Moines-West Des Moines  IA ,3426,3426,1325916,65,130,22018,5,18,3551,57,2675,492420,3396,3396,1317626,65,130,22018,5,18,3551,56,2668,491596
202599,218,36820,5,Oskaloosa  IA ,12,12,4013,3,6,948,0,0,0,2,48,6901,12,12,4013,3,6,948,0,0,0,2,48,6901
202599,218,37800,5,Pella  IA ,255,255,62867,0,0,0,0,0,0,2,84,13011,255,255,62867,0,0,0,0,0,0,2,84,13011
202599,220,10300,5,Adrian  MI ,169,169,54366,0,0,0,1,4,350,1,11,2063,76,76,34645,0,0,0,1,4,350,0,0,0
202599,220,11460,2,Ann Arbor  MI ,532,532,247677,3,6,2005,4,16,3549,10,534,187694,526,526,245542,3,6,2005,4,16,3549,8,493,174270
202599,220,19820,2,Detroit-Warren-Dearborn  MI ,4859,4859,1716612,229,458,25112,71,265,48067,106,3223,466052,4564,4564,1618777,229,458,25112,68,256,46311,106,3223,466052
202599,220,22420,2,Flint  MI ,366,366,108840,7,14,2800,0,0,0,10,64,16205,310,310,91917,7,14,2800,0,0,0,1,6,150
202599,220,33780,2,Monroe  MI ,177,177,53494,5,10,1575,1,4,600,0,0,0,119,119,38022,5,10,1575,1,4,600,0,0,0
202599,221,19940,5,Dixon  IL ,24,24,7788,0,0,0,2,8,1510,0,0,0,24,24,7788,0,0,0,2,8,1510,0,0,0
202599,221,44580,5,Sterling  IL ,23,23,8549,0,0,0,0,0,0,0,0,0,23,23,8549,0,0,0,0,0,0,0,0,0
202599,222,20020,2,Dothan  AL ,454,454,130064,6,12,1350,1,4,615,8,120,11213,421,421,123067,6,12,1350,1,4,615,8,120,11213
202599,222,21460,5,Enterprise  AL ,198,198,51408,0,0,0,0,0,0,0,0,0,192,192,49166,0,0,0,0,0,0,0,0,0
202599,222,37120,5,Ozark  AL ,29,29,3904,0,0,0,0,0,0,0,0,0,26,26,3124,0,0,0,0,0,0,0,0,0
202599,228,20260,2,Duluth  MN-WI ,424,424,141742,7,14,2420,1,3,400,5,206,20300,413,413,138460,7,14,2420,1,3,400,5,206,20300
202599,228,24330,5,Grand Rapids  MN ,117,117,41610,0,0,0,0,0,0,1,132,21635,117,117,41610,0,0,0,0,0,0,1,132,21635
202599,232,20740,2,Eau Claire  WI ,331,331,151120,64,128,32245,2,8,1433,23,479,65138,321,321,147595,64,128,32245,2,8,1433,23,479,65138
202599,232,32860,5,Menomonie  WI ,93,93,30946,1,2,450,0,0,0,0,0,0,93,93,30946,1,2,450,0,0,0,0,0,0
202599,233,20780,5,Edwards  CO ,163,163,151067,3,6,1137,2,7,1559,7,47,11058,142,142,123955,2,4,753,1,3,700,4,32,5487
202599,233,40090,5,Rifle  CO ,237,237,411075,0,0,0,1,4,1119,4,89,19757,237,237,411075,0,0,0,1,4,1119,4,89,19757
202599,236,18500,5,Corning  NY ,104,104,22540,0,0,0,0,0,0,0,0,0,40,40,13667,0,0,0,0,0,0,0,0,0
202599,236,21300,2,Elmira  NY ,33,33,11888,0,0,0,0,0,0,13,65,7284,26,26,10730,0,0,0,0,0,0,0,0,0
202599,238,21340,2,El Paso  TX ,1790,1790,425457,37,74,9340,14,44,5800,15,142,16739,187,187,42193,2,4,277,0,0,0,0,0,0
202599,238,29740,2,Las Cruces  NM ,744,744,198457,34,68,11169,7,21,2217,0,0,0,167,167,47906,0,0,0,0,0,0,0,0,0
202599,240,21500,2,Erie  PA ,183,183,61058,1,2,330,0,0,0,5,58,14000,178,178,60326,1,2,330,0,0,0,5,58,14000
202599,240,32740,5,Meadville  PA ,99,99,26217,0,0,0,0,0,0,0,0,0,86,86,22799,0,0,0,0,0,0,0,0,0
202599,241,21780,2,Evansville  IN ,594,594,206154,52,104,14874,2,7,980,5,120,12093,413,413,147664,37,74,10501,2,7,980,5,120,12093
202599,241,25775,5,Henderson  KY ,63,63,20144,3,6,959,0,0,0,2,48,6954,63,63,20144,3,6,959,0,0,0,2,48,6954
202599,242,17220,5,Clarksburg  WV ,80,80,15322,0,0,0,25,100,7773,1,12,550,77,77,14871,0,0,0,25,100,7773,1,12,550
202599,242,21900,5,Fairmont  WV ,10,10,1197,0,0,0,0,0,0,0,0,0,5,5,671,0,0,0,0,0,0,0,0,0
202599,244,22020,2,Fargo  ND-MN ,812,812,283861,3,6,1400,3,12,1956,12,668,97613,809,809,283179,3,6,1400,3,12,1956,12,668,97613
202599,244,47420,5,Wahpeton  ND-MN ,53,53,20345,0,0,0,0,0,0,0,0,0,38,38,16393,0,0,0,0,0,0,0,0,0
202599,246,22180,2,Fayetteville  NC ,1379,1379,386212,5,10,1913,0,0,0,17,716,56830,1376,1376,385685,5,10,1913,0,0,0,16,711,56330
202599,246,29900,5,Laurinburg  NC ,59,59,15708,0,0,0,0,0,0,0,0,0,59,59,15708,0,0,0,0,0,0,0,0,0
202599,246,31300,5,Lumberton  NC ,291,291,60446,2,4,400,0,0,0,6,104,18873,234,234,50676,1,2,225,0,0,0,6,104,18873
202599,246,38240,2,Pinehurst-Southern Pines  NC ,1043,1043,253315,7,14,1715,6,20,2473,0,0,0,888,888,211558,7,14,1715,6,20,2473,0,0,0
202599,246,40460,5,Rockingham  NC ,53,53,14948,0,0,0,0,0,0,4,56,6720,53,53,14948,0,0,0,0,0,0,4,56,6720
202599,248,22300,5,Findlay  OH ,76,76,24423,3,6,808,4,14,1928,26,265,27110,27,27,10749,3,6,808,4,14,1928,26,265,27110
202599,248,45660,5,Tiffin  OH ,51,51,13628,15,30,4500,0,0,0,0,0,0,42,42,12878,15,30,4500,0,0,0,0,0,0
202599,250,22520,2,Florence-Muscle Shoals  AL ,197,197,24184,1,2,200,25,96,8054,18,105,11109,154,154,18902,1,2,200,25,96,8054,18,105,11109
202599,250,40770,5,Russellville  AL ,15,15,4440,0,0,0,0,0,0,1,12,2067,15,15,4440,0,0,0,0,0,0,1,12,2067
202599,258,11420,5,Angola  IN ,125,125,59779,1,2,500,0,0,0,0,0,0,125,125,59779,1,2,500,0,0,0,0,0,0
202599,258,12140,5,Auburn  IN ,96,96,39530,0,0,0,0,0,0,1,18,7500,96,96,39530,0,0,0,0,0,0,1,18,7500
202599,258,19540,5,Decatur  IN ,96,96,22430,1,2,270,0,0,0,0,0,0,95,95,22122,1,2,270,0,0,0,0,0,0
202599,258,23060,2,Fort Wayne  IN ,1449,1449,530896,9,18,3465,10,40,7299,5,134,18232,1449,1449,530896,9,18,3465,10,40,7299,5,134,18232
202599,258,26540,5,Huntington  IN ,64,64,20762,0,0,0,0,0,0,0,0,0,64,64,20762,0,0,0,0,0,0,0,0,0
202599,258,28340,5,Kendallville  IN ,113,113,33382,0,0,0,0,0,0,0,0,0,82,82,28318,0,0,0,0,0,0,0,0,0
202599,260,23420,2,Fresno  CA ,3146,3146,1101297,21,42,6028,10,40,4534,16,290,96168,2937,2937,1020944,20,40,5882,10,40,4534,15,273,95627
202599,260,25260,2,Hanford-Corcoran  CA ,389,389,135425,5,10,2412,6,18,3601,12,90,9786,94,94,25655,2,4,1150,0,0,0,0,0,0
202599,264,23540,2,Gainesville  FL ,1023,1023,333413,7,14,1364,2,8,1398,46,2629,341391,1004,1004,326385,7,14,1364,2,8,1398,46,2629,341391
202599,264,29380,5,Lake City  FL ,174,174,49016,2,4,400,1,4,440,0,0,0,159,159,45714,0,0,0,1,4,440,0,0,0
202599,266,13660,5,Big Rapids  MI ,99,99,25418,0,0,0,0,0,0,0,0,0,59,59,14332,0,0,0,0,0,0,0,0,0
202599,266,24340,2,Grand Rapids-Wyoming-Kentwood  MI ,2558,2558,976725,31,62,16775,21,76,19040,60,1571,326773,2204,2204,846580,22,44,13542,15,58,15041,30,1325,293369
202599,266,26090,5,Holland  MI ,397,397,163688,1,2,200,0,0,0,0,0,0,365,365,154989,1,2,200,0,0,0,0,0,0
202599,266,34740,2,Muskegon-Norton Shores  MI ,351,351,108151,0,0,0,25,100,16350,0,0,0,254,254,83831,0,0,0,25,100,16350,0,0,0
202599,267,24580,2,Green Bay  WI ,832,832,365999,84,168,28925,0,0,0,18,413,117702,800,800,354751,26,52,8425,0,0,0,18,413,117702
202599,267,43020,5,Shawano  WI ,121,121,46626,1,2,575,0,0,0,0,0,0,120,120,46306,1,2,575,0,0,0,0,0,0
202599,268,15500,2,Burlington  NC ,1674,1674,292062,15,30,3828,1,4,623,22,319,47152,1674,1674,292062,15,30,3828,1,4,623,22,319,47152
202599,268,24660,2,Greensboro-High Point  NC ,2552,2552,802940,51,102,7817,0,0,0,34,1176,227520,2552,2552,802940,51,102,7817,0,0,0,34,1176,227520
202599,268,34340,5,Mount Airy  NC ,236,236,53737,4,8,1102,0,0,0,0,0,0,236,236,53737,4,8,1102,0,0,0,0,0,0
202599,268,49180,2,Winston-Salem  NC ,4342,4342,1291923,3,6,1334,4,15,3796,27,336,52875,3982,3982,1207643,3,6,1334,4,15,3796,13,266,49311
202599,273,23500,5,Gaffney  SC ,199,199,49974,8,16,1427,2,7,372,2,64,12613,199,199,49974,8,16,1427,2,7,372,2,64,12613
202599,273,24860,2,Greenville-Anderson-Greer  SC ,7317,7317,2809663,116,232,25536,1,3,70,31,703,159676,7165,7165,2764708,92,184,20756,1,3,70,30,698,157143
202599,273,24940,5,Greenwood  SC ,467,467,89206,0,0,0,0,0,0,0,0,0,454,454,85438,0,0,0,0,0,0,0,0,0
202599,273,42860,5,Seneca  SC ,733,733,317711,0,0,0,0,0,0,4,20,3068,701,701,305245,0,0,0,0,0,0,0,0,0
202599,273,43900,2,Spartanburg  SC ,4075,4075,843661,4,8,1133,0,0,0,7,276,8030,4007,4007,828949,4,8,1133,0,0,0,7,276,8030
202599,274,24780,2,Greenville  NC ,1108,1108,208804,55,110,17907,13,39,3496,3,28,4810,765,765,140714,55,110,17907,13,39,3496,3,28,4810
202599,274,47820,5,Washington  NC ,119,119,45756,0,0,0,0,0,0,0,0,0,119,119,45756,0,0,0,0,0,0,0,0,0
202599,276,23900,2,Gettysburg  PA ,476,476,174571,0,0,0,0,0,0,0,0,0,476,476,174571,0,0,0,0,0,0,0,0,0
202599,276,25420,2,Harrisburg-Carlisle  PA ,899,899,267594,11,22,4337,11,43,6835,21,237,27520,771,771,227061,11,22,4337,11,43,6835,21,237,27520
202599,276,30140,2,Lebanon  PA ,289,289,119392,11,22,1708,0,0,0,5,231,28134,256,256,109182,11,22,1708,0,0,0,5,231,28134
202599,276,49620,2,York-Hanover  PA ,1025,1025,301676,1,2,385,2,8,1780,15,554,63329,770,770,217600,1,2,385,2,8,1780,15,554,63329
202599,277,25500,2,Harrisonburg  VA ,662,662,165921,32,64,9740,0,0,0,4,121,13228,662,662,165921,32,64,9740,0,0,0,4,121,13228
202599,277,44420,2,Staunton-Stuarts Draft  VA ,517,517,141207,4,8,280,0,0,0,15,470,75387,517,517,141207,4,8,280,0,0,0,15,470,75387
202599,279,25620,2,Hattiesburg  MS ,123,123,24761,0,0,0,0,0,0,0,0,0,41,41,7041,0,0,0,0,0,0,0,0,0
202599,279,29860,5,Laurel  MS ,2,2,575,0,0,0,0,0,0,0,0,0,2,2,575,0,0,0,0,0,0,0,0,0
202599,284,26300,2,Hot Springs  AR ,98,98,33351,2,4,560,0,0,0,7,224,38133,98,98,33351,2,4,560,0,0,0,7,224,38133
202599,284,31680,5,Malvern  AR ,7,7,2047,0,0,0,0,0,0,0,0,0,7,7,2047,0,0,0,0,0,0,0,0,0
202599,288,13060,5,Bay City  TX ,251,251,63239,0,0,0,0,0,0,7,49,1060,248,248,62533,0,0,0,0,0,0,7,49,1060
202599,288,14780,5,Brenham  TX ,194,194,34776,0,0,0,1,3,500,0,0,0,194,194,34776,0,0,0,1,3,500,0,0,0
202599,288,20900,5,El Campo  TX ,116,116,34026,0,0,0,0,0,0,0,0,0,116,116,34026,0,0,0,0,0,0,0,0,0
202599,288,26420,2,Houston-Pasadena-The Woodlands  TX ,46219,46219,13843624,1198,2396,481835,21,75,10918,477,16385,2554376,43688,43688,13218267,1196,2392,481227,21,75,10918,465,15974,2501014
202599,288,26660,5,Huntsville  TX ,485,485,102264,0,0,0,6,24,3500,3,24,3500,118,118,27067,0,0,0,6,24,3500,3,24,3500
202599,290,10700,5,Albertville  AL ,216,216,47338,3,6,550,0,0,0,0,0,0,211,211,46516,3,6,550,0,0,0,0,0,0
202599,290,19460,2,Decatur  AL ,263,263,56898,0,0,0,2,8,250,16,135,23495,263,263,56898,0,0,0,2,8,250,16,135,23495
202599,290,22190,5,Fayetteville  TN ,150,150,38337,3,6,600,1,3,325,0,0,0,150,150,38337,3,6,600,1,3,325,0,0,0
202599,290,22840,5,Fort Payne  AL ,45,45,6859,0,0,0,0,0,0,0,0,0,45,45,6859,0,0,0,0,0,0,0,0,0
202599,290,26620,2,Huntsville  AL ,3313,3313,926466,4,8,1129,18,72,11073,63,1126,159858,1825,1825,561026,4,8,1129,18,72,11073,63,1126,159858
202599,292,13940,5,Blackfoot  ID ,203,203,56431,2,4,680,0,0,0,0,0,0,203,203,56431,2,4,680,0,0,0,0,0,0
202599,292,26820,2,Idaho Falls  ID ,1016,1016,240700,8,16,948,10,38,6232,23,470,66875,1016,1016,240700,8,16,948,10,38,6232,23,470,66875
202599,292,39940,5,Rexburg  ID ,540,540,130895,2,4,556,46,184,23660,9,270,38870,540,540,130895,2,4,556,46,184,23660,9,270,38870
202599,294,18020,2,Columbus  IN ,183,183,69600,2,4,650,0,0,0,0,0,0,183,183,69600,2,4,650,0,0,0,0,0,0
202599,294,18820,5,Crawfordsville  IN ,89,89,23924,2,4,452,0,0,0,0,0,0,50,50,14537,2,4,452,0,0,0,0,0,0
202599,294,24600,5,Greencastle  IN ,97,97,34370,1,2,200,0,0,0,0,0,0,97,97,34370,1,2,200,0,0,0,0,0,0
202599,294,24700,5,Greensburg  IN ,70,70,20908,0,0,0,0,0,0,0,0,0,70,70,20908,0,0,0,0,0,0,0,0,0
202599,294,26900,2,Indianapolis-Carmel-Greenwood  IN ,9322,9322,3624955,62,124,20849,11,43,7161,104,1974,322191,9232,9232,3607246,62,124,20849,11,43,7161,104,1974,322191
202599,294,29020,2,Kokomo  IN ,106,106,27827,0,0,0,0,0,0,0,0,0,88,88,22327,0,0,0,0,0,0,0,0,0
202599,294,34620,2,Muncie  IN ,94,94,34192,0,0,0,0,0,0,5,234,40485,72,72,23680,0,0,0,0,0,0,5,234,40485
202599,294,35220,5,New Castle  IN ,40,40,12273,2,4,1000,0,0,0,0,0,0,8,8,1655,2,4,1000,0,0,0,0,0,0
202599,294,37940,5,Peru  IN ,48,48,11951,0,0,0,0,0,0,1,36,4100,43,43,10375,0,0,0,0,0,0,1,36,4100
202599,294,42980,5,Seymour  IN ,95,95,36353,6,12,2047,2,7,1277,0,0,0,95,95,36353,6,12,2047,2,7,1277,0,0,0
202599,296,18660,5,Cortland  NY ,31,31,8362,0,0,0,0,0,0,1,6,600,27,27,7557,0,0,0,0,0,0,1,6,600
202599,296,27060,2,Ithaca  NY ,146,146,48752,19,38,4177,0,0,0,19,287,57307,89,89,31520,16,32,3217,0,0,0,9,233,49431
202599,298,15020,5,Brookhaven  MS ,38,38,4246,1,2,92,0,0,0,0,0,0,38,38,4246,1,2,92,0,0,0,0,0,0
202599,298,27140,2,Jackson  MS ,1402,1402,378211,28,56,4362,3,9,638,3,101,14000,1325,1325,365558,28,56,4362,0,0,0,3,101,14000
202599,298,46980,5,Vicksburg  MS ,6,6,2016,0,0,0,0,0,0,0,0,0,6,6,2016,0,0,0,0,0,0,0,0,0
202599,300,27260,2,Jacksonville  FL ,9512,9512,2574385,102,204,25787,10,39,6216,115,3700,609971,9157,9157,2480076,97,194,24959,8,31,4086,111,3647,602205
202599,300,28680,5,Kingsland  GA ,418,418,116467,8,16,3003,0,0,0,2,12,2400,418,418,116467,8,16,3003,0,0,0,2,12,2400
202599,300,37260,5,Palatka  FL ,91,91,28719,18,36,5453,0,0,0,0,0,0,77,77,25607,18,36,5453,0,0,0,0,0,0
202599,304,24620,5,Greeneville  TN ,276,276,87675,0,0,0,0,0,0,0,0,0,276,276,87675,0,0,0,0,0,0,0,0,0
202599,304,27740,2,Johnson City  TN ,868,868,320511,11,22,4266,1,4,260,3,21,3695,856,856,317824,11,22,4266,1,4,260,3,21,3695
202599,304,28700,2,Kingsport-Bristol  TN-VA ,817,817,195067,4,8,1560,4,12,1095,17,319,26479,555,555,163904,4,8,1560,1,3,280,15,309,24514
202599,306,27780,2,Johnstown  PA ,61,61,22810,0,0,0,0,0,0,0,0,0,56,56,21498,0,0,0,0,0,0,0,0,0
202599,306,43740,5,Somerset  PA ,57,57,20581,0,0,0,0,0,0,0,0,0,39,39,16420,0,0,0,0,0,0,0,0,0
202599,308,27860,2,Jonesboro  AR ,616,616,102355,44,88,6622,59,194,11041,18,119,7792,85,85,18240,4,8,1120,5,19,1970,1,9,1550
202599,308,37500,5,Paragould  AR ,122,122,23864,17,34,3333,0,0,0,0,0,0,122,122,23864,17,34,3333,0,0,0,0,0,0
202599,309,27900,2,Joplin  MO-KS ,520,520,106862,30,60,8793,9,35,2776,1,5,781,453,453,87194,28,56,8110,8,31,2586,1,5,781
202599,309,33060,5,Miami  OK ,17,17,3319,0,0,0,0,0,0,0,0,0,0,0,0,0,0,0,0,0,0,0,0,0
202599,310,12980,2,Battle Creek  MI ,120,120,28060,0,0,0,0,0,0,0,0,0,110,110,24816,0,0,0,0,0,0,0,0,0
202599,310,28020,2,Kalamazoo-Portage  MI ,479,479,157304,4,8,3387,0,0,0,0,0,0,459,459,150486,3,6,2887,0,0,0,0,0,0
202599,310,44780,5,Sturgis  MI ,142,142,58183,4,8,720,0,0,0,10,90,14108,141,141,57830,4,8,720,0,0,0,0,0,0
202599,312,11860,5,Atchison  KS ,19,19,4891,0,0,0,0,0,0,0,0,0,19,19,4891,0,0,0,0,0,0,0,0,0
202599,312,28140,2,Kansas City  MO-KS ,5202,5202,1976813,76,152,29034,69,261,41389,142,4278,689646,4964,4964,1907209,73,146,28362,69,261,41389,142,4278,689646
202599,312,29940,2,Lawrence  KS ,230,230,89009,5,10,2010,2,6,480,10,131,20236,105,105,49949,0,0,0,0,0,0,3,96,15642
202599,312,36840,5,Ottawa  KS ,102,102,28160,7,14,2657,1,4,786,0,0,0,95,95,26325,7,14,2657,0,0,0,0,0,0
202599,312,41140,2,St. Joseph  MO-KS ,57,57,12223,1,2,400,0,0,0,0,0,0,15,15,3517,1,2,400,0,0,0,0,0,0
202599,312,47660,5,Warrensburg  MO ,33,33,9050,36,72,7518,0,0,0,1,8,350,33,33,9050,36,72,7518,0,0,0,1,8,350
202599,313,14710,5,Brattleboro  VT ,115,115,38217,1,2,337,1,3,499,0,0,0,62,62,23213,1,2,337,1,3,499,0,0,0
202599,313,28300,5,Keene  NH ,147,147,46863,5,10,1814,0,0,0,2,10,1782,113,113,37402,5,10,1814,0,0,0,2,10,1782
202599,314,28420,2,Kennewick-Richland  WA ,1381,1381,443860,24,48,8221,7,25,4787,54,977,135941,1084,1084,355635,22,44,7629,5,19,3750,37,602,76458
202599,314,47460,2,Walla Walla  WA ,161,161,60442,1,2,208,0,0,0,0,0,0,155,155,59409,0,0,0,0,0,0,0,0,0
202599,315,28940,2,Knoxville  TN ,4969,4969,1575212,14,28,5435,20,78,6319,84,2780,529955,4452,4452,1465470,11,22,3875,20,78,6319,56,1663,336122
202599,315,34100,2,Morristown  TN ,544,544,182159,5,10,850,9,35,4345,0,0,0,542,542,181559,5,10,850,9,35,4345,0,0,0
202599,315,35460,5,Newport  TN ,1,1,106,1,2,150,1,4,800,0,0,0,0,0,0,0,0,0,0,0,0,0,0,0
202599,315,42940,5,Sevierville  TN ,1011,1011,315108,10,20,3565,8,31,6634,11,77,9439,1006,1006,313808,10,20,3565,8,31,6634,11,77,9439
202599,317,29100,2,La Crosse-Onalaska  WI-MN ,318,318,119121,10,20,3931,0,0,0,3,138,15320,313,313,117477,10,20,3931,0,0,0,3,138,15320
202599,317,43890,5,Sparta  WI ,106,106,38872,5,10,2087,0,0,0,0,0,0,102,102,37458,5,10,2087,0,0,0,0,0,0
202599,318,29180,2,Lafayette  LA ,2063,2063,510902,0,0,0,0,0,0,0,0,0,1149,1149,296602,0,0,0,0,0,0,0,0,0
202599,318,35340,5,New Iberia  LA ,102,102,22025,0,0,0,0,0,0,0,0,0,94,94,19725,0,0,0,0,0,0,0,0,0
202599,318,36660,5,Opelousas  LA ,153,153,33028,0,0,0,0,0,0,0,0,0,44,44,12459,0,0,0,0,0,0,0,0,0
202599,320,23140,5,Frankfort  IN ,34,34,9063,1,2,150,0,0,0,0,0,0,34,34,9063,1,2,150,0,0,0,0,0,0
202599,320,29200,2,Lafayette-West Lafayette  IN ,632,632,237702,4,8,941,6,23,5606,79,3395,608253,610,610,232611,0,0,0,6,23,5606,54,2698,526708
202599,320,33900,5,Monticello  IN ,33,33,13638,0,0,0,1,4,400,0,0,0,33,33,13638,0,0,0,1,4,400,0,0,0
202599,324,19760,5,DeRidder  LA ,81,81,19973,0,0,0,0,0,0,0,0,0,81,81,19973,0,0,0,0,0,0,0,0,0
202599,324,29340,2,Lake Charles  LA ,526,526,119061,10,20,2189,0,0,0,0,0,0,526,526,119061,10,20,2189,0,0,0,0,0,0
202599,330,29620,2,Lansing-East Lansing  MI ,547,547,190033,2,4,701,6,24,4064,15,286,32503,448,448,157753,2,4,701,6,24,4064,1,67,8200
202599,330,37020,5,Owosso  MI ,55,55,12968,0,0,0,0,0,0,2,16,3672,18,18,4804,0,0,0,0,0,0,2,16,3672
202599,332,29820,2,Las Vegas-Henderson-North Las Vegas  NV ,9422,9422,2413700,210,420,39386,26,84,16628,203,4540,608890,9422,9422,2413700,210,420,39386,26,84,16628,203,4540,608890
202599,334,20340,5,Duncan  OK ,41,41,7061,0,0,0,0,0,0,0,0,0,41,41,7061,0,0,0,0,0,0,0,0,0
202599,334,30020,2,Lawton  OK ,111,111,21775,22,44,5421,0,0,0,3,46,3275,65,65,16057,22,44,5421,0,0,0,3,46,3275
202599,336,23180,5,Frankfort  KY ,231,231,68746,0,0,0,1,4,615,1,8,1000,231,231,68746,0,0,0,1,4,615,1,8,1000
202599,336,30460,2,Lexington-Fayette  KY ,1556,1556,430181,31,62,6345,14,48,7775,37,661,57684,991,991,295173,31,62,6345,3,12,2500,7,44,6748
202599,336,34460,5,Mount Sterling  KY ,51,51,11988,1,2,197,0,0,0,0,0,0,2,2,240,0,0,0,0,0,0,0,0,0
202599,336,40080,5,Richmond-Berea  KY ,473,473,47386,16,32,3010,0,0,0,27,308,28191,473,473,47386,16,32,3010,0,0,0,27,308,28191
202599,338,16380,5,Celina  OH ,81,81,34739,1,2,300,0,0,0,0,0,0,67,67,31091,1,2,300,0,0,0,0,0,0
202599,338,30620,2,Lima  OH ,121,121,38873,0,0,0,0,0,0,6,36,2116,85,85,29773,0,0,0,0,0,0,6,36,2116
202599,338,46780,5,Van Wert  OH ,45,45,14098,0,0,0,0,0,0,0,0,0,35,35,11331,0,0,0,0,0,0,0,0,0
202599,338,47540,5,Wapakoneta  OH ,87,87,28120,5,10,1986,0,0,0,0,0,0,51,51,19426,5,10,1986,0,0,0,0,0,0
202599,339,13100,5,Beatrice  NE ,24,24,7083,2,4,900,0,0,0,0,0,0,12,12,4025,2,4,900,0,0,0,0,0,0
202599,339,30700,2,Lincoln  NE ,1024,1024,365495,1,2,295,3,12,2396,35,1364,169383,998,998,359968,1,2,295,3,12,2396,35,1364,169383
202599,340,30780,2,Little Rock-North Little Rock-Conway  AR ,2566,2566,626403,54,108,12608,20,71,6372,20,397,43499,2525,2525,618988,54,108,12608,20,71,6372,20,397,43499
202599,340,38220,5,Pine Bluff  AR ,50,50,7874,5,10,885,0,0,0,0,0,0,39,39,6241,5,10,885,0,0,0,0,0,0
202599,340,42620,5,Searcy  AR ,250,250,49566,2,4,400,0,0,0,0,0,0,234,234,47016,2,4,400,0,0,0,0,0,0
202599,348,31080,2,Los Angeles-Long Beach-Anaheim  CA ,12883,12883,3592765,741,1482,379028,103,352,96742,360,12525,1871496,11967,11967,3334050,705,1410,358848,82,289,84918,289,11149,1619970
202599,348,37100,2,Oxnard-Thousand Oaks-Ventura  CA ,540,540,185840,0,0,0,9,27,9961,30,1042,187419,472,472,163408,0,0,0,0,0,0,20,762,148857
202599,348,40140,2,Riverside-San Bernardino-Ontario  CA ,9977,9977,3061013,163,326,52909,67,219,48881,287,5415,936449,9459,9459,2852434,163,326,52909,67,219,48881,283,5395,933204
202599,350,21060,2,Elizabethtown  KY ,399,399,99137,24,48,6098,1,4,465,5,40,2110,346,346,84722,21,42,5221,1,4,465,5,40,2110
202599,350,31140,2,Louisville-Jefferson County  KY-IN ,3567,3567,1115081,36,72,13658,8,28,5463,112,2436,393384,3445,3445,1086575,36,72,13658,8,28,5463,111,2431,391791
202599,352,31180,2,Lubbock  TX ,2046,2046,621993,5,10,1992,6,24,3654,53,789,131762,2039,2039,619932,5,10,1992,6,24,3654,53,789,131762
202599,352,38380,5,Plainview  TX ,7,7,1166,0,0,0,0,0,0,0,0,0,6,6,746,0,0,0,0,0,0,0,0,0
202599,356,31420,2,Macon-Bibb County  GA ,511,511,132021,0,0,0,0,0,0,0,0,0,110,110,27727,0,0,0,0,0,0,0,0,0
202599,356,47580,2,Warner Robins  GA ,1271,1271,234505,1,2,393,0,0,0,2,84,6685,1132,1132,209979,1,2,393,0,0,0,2,84,6685
202599,357,12660,5,Baraboo  WI ,201,201,86591,15,30,8969,0,0,0,0,0,0,130,130,58636,15,30,8969,0,0,0,0,0,0
202599,357,27500,2,Janesville-Beloit  WI ,316,316,104209,24,48,11168,2,8,500,2,16,3000,275,275,90444,24,48,11168,2,8,500,2,16,3000
202599,357,31540,2,Madison  WI ,1725,1725,843785,93,186,39329,7,28,6416,129,5008,839041,1583,1583,792664,70,140,25644,7,28,6416,117,4673,783907
202599,359,31860,2,Mankato  MN ,234,234,68856,22,44,6285,0,0,0,8,78,11933,234,234,68856,22,44,6285,0,0,0,8,78,11933
202599,359,35580,5,New Ulm  MN ,25,25,10975,1,2,475,0,0,0,1,6,1100,25,25,10975,1,2,475,0,0,0,1,6,1100
202599,360,11740,5,Ashland  OH ,66,66,17711,0,0,0,0,0,0,0,0,0,39,39,13090,0,0,0,0,0,0,0,0,0
202599,360,15340,5,Bucyrus  OH ,3,3,1028,0,0,0,0,0,0,0,0,0,1,1,425,0,0,0,0,0,0,0,0,0
202599,360,31900,2,Mansfield  OH ,96,96,32737,6,12,1606,2,6,571,0,0,0,87,87,29861,6,12,1606,0,0,0,0,0,0
202599,361,27020,5,Iron Mountain  MI-WI ,68,68,20136,0,0,0,4,12,1500,0,0,0,0,0,0,0,0,0,0,0,0,0,0,0
202599,361,31940,5,Marinette  WI-MI ,209,209,54963,1,2,349,0,0,0,2,32,4774,181,181,50508,1,2,349,0,0,0,2,32,4774
202599,364,10380,2,Aguadilla  PR ,519,519,52796,8,16,965,4,13,1578,7,168,39002,519,519,52796,8,16,965,4,13,1578,7,168,39002
202599,364,32420,2,Mayaguez  PR ,329,329,32398,4,8,398,2,6,539,0,0,0,329,329,32398,4,8,398,2,6,539,0,0,0
202599,365,32580,2,McAllen-Edinburg-Mission  TX ,4523,4523,1161873,280,560,50536,420,1648,169524,51,570,73066,4234,4234,1087939,274,548,49610,391,1549,155456,49,560,72124
202599,365,40100,5,Rio Grande City-Roma  TX ,0,0,0,0,0,0,0,0,0,0,0,0,0,0,0,0,0,0,0,0,0,0,0,0
202599,366,24420,2,Grants Pass  OR ,156,156,44043,9,18,3231,0,0,0,10,119,21069,65,65,20360,9,18,3231,0,0,0,10,119,21069
202599,366,32780,2,Medford  OR ,609,609,194877,9,18,3833,2,7,752,12,310,45807,609,609,194877,9,18,3833,2,7,752,11,293,42973
202599,368,17260,5,Clarksdale  MS ,2,2,65,0,0,0,0,0,0,0,0,0,2,2,65,0,0,0,0,0,0,0,0,0
202599,368,22620,5,Forrest City  AR ,1,1,296,0,0,0,0,0,0,0,0,0,1,1,296,0,0,0,0,0,0,0,0,0
202599,368,32820,2,Memphis  TN-MS-AR ,3082,3082,896193,2,4,70,5,17,2375,10,195,40013,2907,2907,859003,2,4,70,5,17,2375,10,195,40013
202599,370,28580,5,Key West-Key Largo  FL ,239,239,190643,2,4,809,7,28,6270,1,8,1750,236,236,189143,2,4,809,7,28,6270,1,8,1750
202599,370,33100,2,Miami-Fort Lauderdale-West Palm Beach  FL ,5873,5873,2952057,250,500,123066,102,381,39897,263,16699,3997600,5300,5300,2700777,250,500,123066,102,381,39897,227,16006,3915023
202599,370,36380,5,Okeechobee  FL ,68,68,25579,0,0,0,5,20,6620,0,0,0,68,68,25579,0,0,0,5,20,6620,0,0,0
202599,370,38940,2,Port St. Lucie  FL ,4311,4311,1590218,17,34,8088,20,66,19297,35,442,45419,4311,4311,1590218,17,34,8088,20,66,19297,35,442,45419
202599,370,42680,2,Sebastian-Vero Beach-West Vero Corridor  FL ,178,178,118150,1,2,348,0,0,0,2,72,13558,164,164,111811,1,2,348,0,0,0,2,72,13558
202599,371,18340,5,Corbin  KY ,22,22,2877,15,30,2967,0,0,0,2,21,2520,22,22,2877,15,30,2967,0,0,0,2,21,2520
202599,371,33180,5,Middlesborough  KY ,41,41,4276,0,0,0,0,0,0,0,0,0,0,0,0,0,0,0,0,0,0,0,0,0
202599,372,11380,5,Andrews  TX ,67,67,15842,0,0,0,0,0,0,5,26,2925,48,48,10200,0,0,0,0,0,0,0,0,0
202599,372,33260,2,Midland  TX ,1322,1322,298396,0,0,0,0,0,0,0,0,0,1322,1322,298396,0,0,0,0,0,0,0,0,0
202599,372,36220,2,Odessa  TX ,921,921,228214,0,0,0,0,0,0,0,0,0,921,921,228214,0,0,0,0,0,0,0,0,0
202599,376,13180,5,Beaver Dam  WI ,179,179,63712,8,16,3400,0,0,0,13,161,27024,179,179,63712,8,16,3400,0,0,0,13,161,27024
202599,376,33340,2,Milwaukee-Waukesha  WI ,1734,1734,928105,112,224,51410,4,15,3317,21,1132,202895,1681,1681,904807,108,216,49955,4,15,3317,19,805,152627
202599,376,39540,2,Racine-Mount Pleasant  WI ,232,232,114373,36,72,17855,0,0,0,19,363,23905,223,223,110934,34,68,17171,0,0,0,7,292,10500
202599,376,48020,5,Watertown-Fort Atkinson  WI ,172,172,55070,10,20,3845,0,0,0,8,228,24700,168,168,53810,10,20,3845,0,0,0,8,228,24700
202599,376,48580,5,Whitewater-Elkhorn  WI ,405,405,188780,18,36,6190,0,0,0,5,250,29423,378,378,173977,18,36,6190,0,0,0,5,250,29423
202599,378,22060,5,Faribault-Northfield  MN ,100,100,35958,0,0,0,0,0,0,0,0,0,62,62,25675,0,0,0,0,0,0,0,0,0
202599,378,26780,5,Hutchinson  MN ,63,63,24217,0,0,0,0,0,0,3,143,23571,58,58,22779,0,0,0,0,0,0,3,143,23571
202599,378,33460,2,Minneapolis-St. Paul-Bloomington  MN-WI ,8868,8868,3507451,61,122,30311,50,184,51831,122,5342,993852,8751,8751,3461524,52,104,27158,48,178,50972,118,5260,972095
202599,378,36940,5,Owatonna  MN ,32,32,10833,0,0,0,0,0,0,1,22,2691,32,32,10833,0,0,0,0,0,0,1,22,2691
202599,378,39860,5,Red Wing  MN ,74,74,25256,5,10,2140,0,0,0,0,0,0,74,74,25256,5,10,2140,0,0,0,0,0,0
202599,378,41060,2,St. Cloud  MN ,434,434,144033,6,12,2319,4,12,1345,5,329,60960,405,405,135979,6,12,2319,4,12,1345,5,329,60960
202599,380,19300,2,Daphne-Fairhope-Foley  AL ,2517,2517,848169,6,12,1755,1,4,388,13,132,19301,2422,2422,829954,6,12,1755,1,4,388,13,132,19301
202599,380,33660,2,Mobile  AL ,986,986,280319,5,10,867,1,4,700,19,102,21400,973,973,277117,5,10,867,1,4,700,19,102,21400
202599,384,33740,2,Monroe  LA ,512,512,118539,2,4,659,1,3,267,2,11,1589,280,280,55669,2,4,659,0,0,0,2,11,1589
202599,384,40820,5,Ruston  LA ,191,191,44319,1,2,380,0,0,0,0,0,0,125,125,25117,1,2,380,0,0,0,0,0,0
202599,388,33860,2,Montgomery  AL ,809,809,231996,0,0,0,0,0,0,1,264,17625,791,791,227908,0,0,0,0,0,0,1,264,17625
202599,388,42820,5,Selma  AL ,5,5,942,0,0,0,0,0,0,0,0,0,5,5,942,0,0,0,0,0,0,0,0,0
202599,393,34180,5,Moses Lake  WA ,374,374,107992,22,44,7926,2,8,2102,1,5,685,193,193,68168,5,10,1691,2,8,2102,1,5,685
202599,393,36830,5,Othello  WA ,31,31,9200,1,2,432,0,0,0,0,0,0,31,31,9200,1,2,432,0,0,0,0,0,0
202599,394,10940,5,Alma  MI ,39,39,8823,0,0,0,0,0,0,1,9,1405,3,3,1101,0,0,0,0,0,0,1,9,1405
202599,394,34380,5,Mount Pleasant  MI ,88,88,22097,1,2,500,0,0,0,0,0,0,88,88,22097,1,2,500,0,0,0,0,0,0
202599,396,34680,5,Murrells Inlet  SC ,377,377,221870,0,0,0,0,0,0,0,0,0,352,352,211368,0,0,0,0,0,0,0,0,0
202599,396,34820,2,Myrtle Beach-Conway-North Myrtle Beach  SC ,6418,6418,1397411,0,0,0,4,16,2441,15,77,6034,6300,6300,1349670,0,0,0,4,16,2441,2,12,2784
202599,400,29980,5,Lawrenceburg  TN ,20,20,4177,0,0,0,4,12,1300,0,0,0,0,0,0,0,0,0,0,0,0,0,0,0
202599,400,30280,5,Lewisburg  TN ,299,299,73143,1,2,288,2,7,854,8,59,7438,206,206,46763,1,2,288,1,4,570,4,32,3786
202599,400,34980,2,Nashville-Davidson--Murfreesboro--Franklin  TN ,13267,13267,4588783,29,58,10201,15,51,6567,154,5827,894168,12140,12140,4315793,27,54,9758,7,26,4812,137,5727,886093
202599,400,43180,5,Shelbyville  TN ,376,376,90815,1,2,221,0,0,0,0,0,0,343,343,85522,1,2,221,0,0,0,0,0,0
202599,400,46100,5,Tullahoma-Manchester  TN ,483,483,135172,1,2,182,1,3,273,10,85,15653,455,455,128503,1,2,182,1,3,273,10,85,15653
202599,400,49010,5,Winchester  TN ,315,315,103445,4,8,630,0,0,0,0,0,0,215,215,78630,4,8,630,0,0,0,0,0,0
202599,404,33980,5,Morehead City  NC ,468,468,245875,0,0,0,1,3,700,0,0,0,468,468,245875,0,0,0,1,3,700,0,0,0
202599,404,35100,5,New Bern  NC ,696,696,172493,0,0,0,0,0,0,0,0,0,647,647,162889,0,0,0,0,0,0,0,0,0
202599,405,25540,2,Hartford-West Hartford-East Hartford  CT ,515,515,176937,35,70,13714,8,28,4420,29,891,160350,464,464,163051,35,70,13714,8,28,4420,21,851,157302
202599,405,35300,2,New Haven  CT ,161,161,53477,28,56,8085,11,41,5847,27,762,99614,111,111,44440,27,54,7842,10,37,4791,13,658,92946
202599,405,35980,2,Norwich-New London-Willimantic  CT ,285,285,98743,8,16,2251,9,27,4553,6,112,14779,273,273,96190,7,14,1997,9,27,4553,6,112,14779
202599,405,39480,5,Putnam  CT ,183,183,50745,1,2,400,0,0,0,0,0,0,154,154,47210,1,2,400,0,0,0,0,0,0
202599,405,45860,5,Torrington  CT ,124,124,71760,0,0,0,3,9,1013,0,0,0,106,106,66332,0,0,0,0,0,0,0,0,0
202599,405,47930,2,Waterbury-Shelton  CT ,288,288,71378,6,12,1780,2,7,496,8,206,22266,251,251,66241,6,12,1780,2,7,496,7,201,21932
202599,406,14220,5,Bogalusa  LA ,0,0,0,0,0,0,0,0,0,0,0,0,0,0,0,0,0,0,0,0,0,0,0,0
202599,406,35380,2,New Orleans-Metairie  LA ,922,922,321077,196,392,57067,19,62,7562,3,318,20049,828,828,297325,196,392,57067,19,62,7562,3,318,20049
202599,406,38100,5,Picayune  MS ,383,383,38417,0,0,0,0,0,0,0,0,0,368,368,35366,0,0,0,0,0,0,0,0,0
202599,406,43640,2,Slidell-Mandeville-Covington  LA ,1086,1086,347760,5,10,1296,0,0,0,0,0,0,1086,1086,347760,5,10,1296,0,0,0,0,0,0
202599,408,14860,2,Bridgeport-Stamford-Danbury  CT ,524,524,427648,26,52,9802,10,36,7856,53,2866,666653,446,446,356540,25,50,8502,10,36,7856,47,2836,662153
202599,408,25770,5,Hemlock Farms  PA ,167,167,63213,0,0,0,0,0,0,0,0,0,154,154,57376,0,0,0,0,0,0,0,0,0
202599,408,28740,2,Kingston  NY ,273,273,110730,11,22,3835,5,15,2620,14,124,14950,226,226,95515,11,22,3835,2,6,999,14,124,14950
202599,408,28880,2,Kiryas Joel-Poughkeepsie-Newburgh  NY ,841,841,333448,15,30,4677,7,25,4547,65,1324,257849,669,669,275293,15,30,4677,7,25,4547,57,1232,244431
202599,408,33910,5,Monticello  NY ,474,474,159200,1,2,320,6,23,3948,7,69,10839,343,343,122131,0,0,0,6,23,3948,7,69,10839
202599,408,35620,2,New York-Newark-Jersey City  NY-NJ ,10477,10477,3915745,752,1504,251474,279,913,127637,990,31550,5082950,8094,8094,3326527,612,1224,205468,219,721,109827,578,26407,4334638
202599,408,45940,2,Trenton-Princeton  NJ ,805,805,185450,4,8,1068,3,11,1831,22,340,32524,732,732,178329,4,8,1068,3,11,1831,18,319,31337
202599,412,11580,5,Arcadia  FL ,159,159,41330,0,0,0,0,0,0,0,0,0,159,159,41330,0,0,0,0,0,0,0,0,0
202599,412,35840,2,North Port-Bradenton-Sarasota  FL ,11297,11297,3819583,134,268,50420,55,220,55238,153,5857,965829,11297,11297,3819583,134,268,50420,55,220,55238,153,5857,965829
202599,412,39460,2,Punta Gorda  FL ,2571,2571,818622,66,132,20677,28,98,19162,12,214,40007,2550,2550,806270,62,124,19207,28,98,19162,8,194,36411
202599,416,36420,2,Oklahoma City  OK ,6497,6497,1926986,272,544,58225,51,201,17365,106,1334,158804,6171,6171,1862919,257,514,55150,51,201,17365,106,1334,158804
202599,416,43060,5,Shawnee  OK ,121,121,27647,18,36,6850,1,3,200,2,34,6567,104,104,24164,18,36,6850,1,3,200,2,34,6567
202599,420,23340,5,Fremont  NE ,51,51,25247,5,10,1958,5,20,5040,0,0,0,51,51,25247,5,10,1958,5,20,5040,0,0,0
202599,420,36540,2,Omaha  NE-IA ,3360,3360,734731,71,142,16102,18,59,14757,144,2816,311478,3289,3289,699166,71,142,16102,18,59,14757,144,2816,311478
202599,422,19660,2,Deltona-Daytona Beach-Ormond Beach  FL ,4029,4029,1598935,71,142,33376,44,175,25349,68,1066,141367,3826,3826,1536472,71,142,33376,43,172,25072,66,1056,140322
202599,422,29460,2,Lakeland-Winter Haven  FL ,6725,6725,2097505,80,160,19632,4,15,2394,114,1336,143873,5981,5981,1916210,64,128,17451,4,15,2394,102,1076,119941
202599,422,36740,2,Orlando-Kissimmee-Sanford  FL ,14198,14198,4697688,66,132,23979,14,52,13971,285,13463,2179721,13507,13507,4469613,62,124,20855,14,52,13971,273,13165,2151011
202599,422,48680,2,Wildwood-The Villages  FL ,3105,3105,752947,93,186,18813,0,0,0,9,225,18495,0,0,0,0,0,0,0,0,0,0,0,0
202599,424,32460,5,Mayfield  KY ,83,83,24569,0,0,0,0,0,0,0,0,0,83,83,24569,0,0,0,0,0,0,0,0,0
202599,424,37140,2,Paducah  KY-IL ,96,96,31019,8,16,3255,6,22,2423,7,44,3456,95,95,30919,8,16,3255,6,22,2423,7,44,3456
202599,425,31930,5,Marietta  OH ,7,7,1412,0,0,0,0,0,0,0,0,0,7,7,1412,0,0,0,0,0,0,0,0,0
202599,425,37620,2,Parkersburg-Vienna  WV ,93,93,18295,3,6,672,0,0,0,0,0,0,81,81,16471,3,6,672,0,0,0,0,0,0
202599,427,15900,5,Canton  IL ,14,14,5277,2,4,699,0,0,0,0,0,0,13,13,4924,2,4,699,0,0,0,0,0,0
202599,427,37900,2,Peoria  IL ,191,191,81257,13,26,5860,0,0,0,2,17,1900,148,148,66179,13,26,5860,0,0,0,2,17,1900
202599,428,12100,2,Atlantic City-Hammonton  NJ ,1347,1347,498309,66,132,36273,16,53,6937,16,81,6317,1163,1163,429183,55,110,33174,5,16,2371,10,50,2238
202599,428,20100,2,Dover  DE ,1030,1030,160586,18,36,7575,0,0,0,11,195,19525,1030,1030,160586,18,36,7575,0,0,0,11,195,19525
202599,428,37980,2,Philadelphia-Camden-Wilmington  PA-NJ-DE-MD ,7256,7256,1967430,86,172,24602,158,537,64920,275,4935,668761,5544,5544,1564543,84,168,24138,133,453,55753,190,4371,619440
202599,428,39740,2,Reading  PA ,335,335,95279,18,36,3561,8,32,5638,7,179,16167,292,292,80720,18,36,3561,7,28,4956,6,173,15280
202599,428,47220,2,Vineland  NJ ,143,143,31008,0,0,0,0,0,0,0,0,0,141,141,30573,0,0,0,0,0,0,0,0,0
202599,429,37740,5,Payson  AZ ,153,153,48690,0,0,0,0,0,0,0,0,0,132,132,43898,0,0,0,0,0,0,0,0,0
202599,429,38060,2,Phoenix-Mesa-Chandler  AZ ,23755,23755,7358881,483,966,130308,49,178,41520,407,14800,2528914,23354,23354,7290548,476,952,128490,48,175,41324,392,13611,2321123
202599,430,25850,5,Hermitage  PA ,78,78,23514,0,0,0,0,0,0,1,12,1500,61,61,18425,0,0,0,0,0,0,1,12,1500
202599,430,26860,5,Indiana  PA ,40,40,11931,0,0,0,0,0,0,0,0,0,39,39,11652,0,0,0,0,0,0,0,0,0
202599,430,38300,2,Pittsburgh  PA ,3452,3452,1156168,9,18,3055,28,109,10536,48,2218,254557,2757,2757,931493,9,18,3055,27,106,10236,33,2052,235889
202599,430,48260,2,Weirton-Steubenville  WV-OH ,17,17,5388,0,0,0,0,0,0,0,0,0,17,17,5388,0,0,0,0,0,0,0,0,0
202599,434,17620,5,Coamo  PR ,106,106,18130,1,2,65,0,0,0,0,0,0,106,106,18130,1,2,65,0,0,0,0,0,0
202599,434,38660,2,Ponce  PR ,153,153,25949,1,2,228,0,0,0,0,0,0,153,153,25949,1,2,228,0,0,0,0,0,0
202599,438,30340,2,Lewiston-Auburn  ME ,269,269,72053,8,16,2751,1,4,100,9,164,31680,182,182,52250,7,14,2410,1,4,100,9,164,31680
202599,438,38860,2,Portland-South Portland  ME ,1945,1945,738148,66,132,25606,9,27,3753,66,1383,287089,1219,1219,543879,58,116,23294,2,6,1099,37,1135,273148
202599,440,10540,2,Albany  OR ,140,140,54867,10,20,5453,1,3,813,2,26,5176,140,140,54867,10,20,5453,1,3,813,2,26,5176
202599,440,18700,2,Corvallis  OR ,103,103,39212,4,8,1625,1,4,508,6,369,68671,103,103,39212,4,8,1625,1,4,508,6,369,68671
202599,440,31020,2,Longview-Kelso  WA ,298,298,102477,5,10,1845,0,0,0,0,0,0,298,298,102477,5,10,1845,0,0,0,0,0,0
202599,440,38900,2,Portland-Vancouver-Hillsboro  OR-WA ,6133,6133,2504025,58,116,23930,21,74,16090,58,1995,371627,5128,5128,1861239,58,116,23930,21,74,16090,44,1790,342851
202599,440,41420,2,Salem  OR ,873,873,297520,25,50,13844,2,7,1191,31,496,62124,816,816,280649,23,46,12844,2,7,1191,30,469,59796
202599,444,15860,5,Cañon City  CO ,105,105,26312,1,2,346,0,0,0,0,0,0,105,105,26312,1,2,346,0,0,0,0,0,0
202599,444,39380,2,Pueblo  CO ,226,226,39395,0,0,0,0,0,0,0,0,0,226,226,39395,0,0,0,0,0,0,0,0,0
202599,446,34140,5,Moscow  ID ,130,130,45110,11,22,7090,0,0,0,5,88,10600,130,130,45110,11,22,7090,0,0,0,5,88,10600
202599,446,39420,5,Pullman  WA ,22,22,7421,2,4,1104,0,0,0,0,0,0,22,22,7421,2,4,1104,0,0,0,0,0,0
202599,448,25300,5,Hannibal  MO ,42,42,12874,1,2,300,0,0,0,0,0,0,42,42,12874,1,2,300,0,0,0,0,0,0
202599,448,39500,5,Quincy  IL-MO ,27,27,7071,1,2,331,2,6,995,1,5,781,25,25,6557,0,0,0,2,6,995,1,5,781
202599,450,11360,5,Anderson Creek  NC ,2195,2195,721006,5,10,1247,0,0,0,0,0,0,1746,1746,643574,5,10,1247,0,0,0,0,0,0
202599,450,20500,2,Durham-Chapel Hill  NC ,3751,3751,1490120,11,22,3215,16,64,33169,45,2263,402439,3377,3377,1361545,8,16,2216,16,64,33169,40,2084,372314
202599,450,25780,5,Henderson  NC ,115,115,35449,0,0,0,0,0,0,0,0,0,79,79,23385,0,0,0,0,0,0,0,0,0
202599,450,39580,2,Raleigh-Cary  NC ,11760,11760,3409684,115,230,34895,3,11,1933,117,5542,1074857,11680,11680,3391729,115,230,34895,3,11,1933,117,5542,1074857
202599,450,41820,5,Sanford  NC ,674,674,125231,0,0,0,0,0,0,0,0,0,674,674,125231,0,0,0,0,0,0,0,0,0
202599,452,39660,2,Rapid City  SD ,860,860,306019,9,18,3308,0,0,0,7,80,11124,855,855,304252,9,18,3308,0,0,0,7,80,11124
202599,452,43940,5,Spearfish  SD ,194,194,97235,4,8,891,0,0,0,4,30,4983,106,106,58231,0,0,0,0,0,0,0,0,0
202599,454,39780,5,Red Bluff  CA ,28,28,8826,4,8,1208,0,0,0,0,0,0,28,28,8826,4,8,1208,0,0,0,0,0,0
202599,454,39820,2,Redding  CA ,249,249,88583,0,0,0,0,0,0,1,5,500,245,245,87459,0,0,0,0,0,0,1,5,500
202599,456,16180,2,Carson City  NV ,322,322,120423,0,0,0,2,8,1588,7,243,43720,322,322,120423,0,0,0,2,8,1588,7,243,43720
202599,456,21980,5,Fallon  NV ,36,36,11026,2,4,543,0,0,0,0,0,0,36,36,11026,2,4,543,0,0,0,0,0,0
202599,456,23820,5,Gardnerville Ranchos  NV-CA ,328,328,188858,0,0,0,0,0,0,0,0,0,328,328,188858,0,0,0,0,0,0,0,0,0
202599,456,39900,2,Reno  NV ,1914,1914,575569,23,46,7146,8,26,4544,61,965,170744,960,960,309206,17,34,5890,3,11,2566,34,512,111818
202599,458,18220,5,Connersville  IN ,16,16,4015,0,0,0,0,0,0,0,0,0,16,16,4015,0,0,0,0,0,0,0,0,0
202599,458,39980,5,Richmond  IN ,47,47,17151,1,2,351,0,0,0,4,222,14704,46,46,16797,0,0,0,0,0,0,4,222,14704
202599,462,12380,5,Austin  MN ,34,34,9066,0,0,0,0,0,0,1,102,14400,24,24,7928,0,0,0,0,0,0,1,102,14400
202599,462,40340,2,Rochester  MN ,483,483,163016,1,2,800,2,8,1713,10,241,47716,417,417,150550,1,2,800,2,8,1713,4,208,40791
202599,462,49100,5,Winona  MN ,26,26,9084,1,2,490,0,0,0,1,14,1500,26,26,9084,1,2,490,0,0,0,1,14,1500
202599,464,12860,5,Batavia  NY ,100,100,26652,1,2,350,0,0,0,0,0,0,77,77,20775,1,2,350,0,0,0,0,0,0
202599,464,40380,2,Rochester  NY ,1251,1251,437723,10,20,5140,20,75,15884,50,404,68167,1099,1099,394378,10,20,5140,20,75,15884,39,340,61042
202599,464,42900,5,Seneca Falls  NY ,54,54,16140,2,4,209,0,0,0,0,0,0,54,54,16140,2,4,209,0,0,0,0,0,0
202599,466,23300,5,Freeport  IL ,14,14,4970,0,0,0,0,0,0,0,0,0,14,14,4970,0,0,0,0,0,0,0,0,0
202599,466,40300,5,Rochelle  IL ,81,81,23835,3,6,522,0,0,0,0,0,0,81,81,23835,3,6,522,0,0,0,0,0,0
202599,466,40420,2,Rockford  IL ,363,363,100597,7,14,1238,0,0,0,0,0,0,350,350,99404,7,14,1238,0,0,0,0,0,0
202599,468,40260,5,Roanoke Rapids  NC ,88,88,37039,1,2,139,0,0,0,0,0,0,32,32,14828,0,0,0,0,0,0,0,0,0
202599,468,40580,2,Rocky Mount  NC ,534,534,107908,1,2,200,0,0,0,0,0,0,150,150,27427,1,2,200,0,0,0,0,0,0
202599,468,48980,5,Wilson  NC ,357,357,79005,15,30,1913,0,0,0,4,24,17740,357,357,79005,15,30,1913,0,0,0,4,24,17740
202599,472,40900,2,Sacramento-Roseville-Folsom  CA ,7716,7716,2673725,195,390,51503,9,33,6982,68,2550,397626,7678,7678,2662417,195,390,51503,9,33,6982,68,2550,397626
202599,472,46020,5,Truckee-Grass Valley  CA ,194,194,90619,2,4,650,0,0,0,0,0,0,194,194,90619,2,4,650,0,0,0,0,0,0
202599,472,49700,2,Yuba City  CA ,589,589,247056,9,18,2559,1,3,300,7,211,38497,589,589,247056,9,18,2559,1,3,300,7,211,38497
202599,474,13020,2,Bay City  MI ,38,38,13972,2,4,699,0,0,0,1,25,3904,27,27,10468,2,4,699,0,0,0,1,25,3904
202599,474,33220,2,Midland  MI ,114,114,37839,7,14,2220,0,0,0,0,0,0,114,114,37839,7,14,2220,0,0,0,0,0,0
202599,474,40980,2,Saginaw  MI ,141,141,39276,10,20,3643,2,8,1090,1,41,1500,103,103,30307,6,12,2322,2,8,1090,1,41,1500
202599,476,16460,5,Centralia  IL ,4,4,398,0,0,0,2,8,365,0,0,0,2,2,195,0,0,0,2,8,365,0,0,0
202599,476,22100,5,Farmington  MO ,88,88,25527,12,24,4130,6,20,3410,1,12,1200,82,82,23960,11,22,3908,6,20,3410,1,12,1200
202599,476,41180,2,St. Louis  MO-IL ,4142,4142,1666143,117,234,32691,44,167,32426,101,1523,240180,3939,3939,1614394,114,228,31961,42,161,31649,83,927,135804
202599,480,36180,5,Ocean Pines  MD ,242,242,92988,0,0,0,0,0,0,0,0,0,241,241,92783,0,0,0,0,0,0,0,0,0
202599,480,41540,2,Salisbury  MD ,164,164,40396,0,0,0,2,8,1105,5,33,3990,164,164,40396,0,0,0,2,8,1105,5,33,3990
202599,482,14940,5,Brigham City  UT-ID ,397,397,142892,0,0,0,9,35,6948,8,52,14473,372,372,136002,0,0,0,9,35,6948,8,52,14473
202599,482,25720,5,Heber  UT ,1120,1120,1045188,1,2,3136,2,8,3483,16,561,142367,1092,1092,1018175,1,2,3136,2,8,3483,16,561,142367
202599,482,36260,2,Ogden  UT ,1746,1746,684175,13,26,4630,45,171,34242,90,1656,257623,1449,1449,593607,10,20,3491,45,171,34242,75,1314,204843
202599,482,39340,2,Provo-Orem-Lehi  UT ,5395,5395,1813156,17,34,8002,48,180,37012,146,1695,280345,5358,5358,1780916,16,32,7618,48,180,37012,146,1695,280345
202599,482,41620,2,Salt Lake City-Murray  UT ,3015,3015,1083255,38,76,18650,39,140,41729,89,4471,1035215,2998,2998,1074810,31,62,15960,39,140,41729,89,4471,1035215
202599,484,23240,5,Fredericksburg  TX ,51,51,10794,0,0,0,0,0,0,0,0,0,0,0,0,0,0,0,0,0,0,0,0,0
202599,484,28500,5,Kerrville  TX ,91,91,26735,0,0,0,0,0,0,2,88,15924,91,91,26735,0,0,0,0,0,0,2,88,15924
202599,484,41700,2,San Antonio-New Braunfels  TX ,8651,8651,2439892,9,18,2609,8,31,10874,127,1846,397982,7904,7904,2283069,5,10,1590,8,31,10874,115,1713,381647
202599,488,32900,2,Merced  CA ,697,697,224011,0,0,0,1,3,727,10,80,22000,645,645,209570,0,0,0,1,3,727,10,80,22000
202599,488,33700,2,Modesto  CA ,894,894,166282,4,8,1266,1,3,620,10,300,34091,890,890,166096,4,8,1266,1,3,620,10,300,34091
202599,488,34900,2,Napa  CA ,258,258,124022,5,10,4979,1,4,1484,6,92,17457,258,258,124022,5,10,4979,1,4,1484,6,92,17457
202599,488,41860,2,San Francisco-Oakland-Fremont  CA ,2713,2713,1224005,54,108,52144,14,45,15492,93,4884,1183080,2579,2579,1153836,48,96,48700,14,45,15492,72,4586,1113490
202599,488,41940,2,San Jose-Sunnyvale-Santa Clara  CA ,2042,2042,812756,13,26,4215,5,19,3567,68,3483,516024,1946,1946,734874,13,26,4215,5,19,3567,68,3483,516024
202599,488,42100,2,Santa Cruz-Watsonville  CA ,163,163,44536,2,4,1078,0,0,0,4,303,42140,163,163,44536,2,4,1078,0,0,0,4,303,42140
202599,488,44700,2,Stockton-Lodi  CA ,2520,2520,1021695,1,2,294,0,0,0,0,0,0,2240,2240,945070,1,2,294,0,0,0,0,0,0
202599,488,46700,2,Vallejo  CA ,750,750,265207,4,8,1600,1,3,631,3,120,20000,745,745,263778,4,8,1600,1,3,631,3,120,20000
202599,490,11640,2,Arecibo  PR ,240,240,30204,4,8,483,0,0,0,1,5,199,240,240,30204,4,8,483,0,0,0,1,5,199
202599,490,17640,5,Coco  PR ,38,38,7231,0,0,0,0,0,0,0,0,0,38,38,7231,0,0,0,0,0,0,0,0,0
202599,490,25020,2,Guayama  PR ,139,139,18983,0,0,0,1,3,130,0,0,0,139,139,18983,0,0,0,1,3,130,0,0,0
202599,490,29720,5,Lares  PR ,18,18,1715,0,0,0,0,0,0,0,0,0,18,18,1715,0,0,0,0,0,0,0,0,0
202599,490,41980,2,San Juan-Bayamon-Caguas  PR ,1459,1459,257442,7,14,879,3,11,496,3,62,30954,1459,1459,257442,7,14,879,3,11,496,3,62,30954
202599,490,46580,5,Utuado  PR ,15,15,1516,0,0,0,0,0,0,0,0,0,15,15,1516,0,0,0,0,0,0,0,0,0
202599,496,25980,2,Hinesville  GA ,623,623,164105,2,4,730,1,3,375,0,0,0,348,348,98721,2,4,730,1,3,375,0,0,0
202599,496,27700,5,Jesup  GA ,98,98,22099,2,4,396,0,0,0,0,0,0,98,98,22099,2,4,396,0,0,0,0,0,0
202599,496,42340,2,Savannah  GA ,3226,3226,879760,19,38,4147,11,44,9419,73,2063,266512,2692,2692,741749,11,22,2458,11,44,9419,73,2063,266512
202599,496,44340,5,Statesboro  GA ,945,945,192904,81,162,19695,3,9,655,7,298,27687,878,878,175305,81,162,19695,0,0,0,7,298,27687
202599,500,14740,2,Bremerton-Silverdale-Port Orchard  WA ,631,631,280016,4,8,2518,4,13,2298,45,1128,211313,631,631,280016,4,8,2518,4,13,2298,45,1128,211313
202599,500,16500,5,Centralia  WA ,373,373,104831,3,6,820,13,52,6908,0,0,0,373,373,104831,3,6,820,13,52,6908,0,0,0
202599,500,34580,2,Mount Vernon-Anacortes  WA ,168,168,63695,6,12,2148,2,7,1279,13,186,18143,168,168,63695,6,12,2148,1,4,842,1,35,4049
202599,500,36020,5,Oak Harbor  WA ,181,181,65355,1,2,646,5,20,7472,1,6,2271,181,181,65355,1,2,646,5,20,7472,1,6,2271
202599,500,36500,2,Olympia-Lacey-Tumwater  WA ,743,743,204912,6,12,1700,2,6,1471,38,908,118283,651,651,183700,3,6,929,0,0,0,26,762,108954
202599,500,42660,2,Seattle-Tacoma-Bellevue  WA ,6136,6136,2609042,443,886,288299,126,438,106277,211,8199,1360783,5727,5727,2413584,442,884,287904,126,438,106277,177,7788,1300776
202599,500,43220,5,Shelton  WA ,200,200,70593,2,4,1517,0,0,0,0,0,0,200,200,70593,2,4,1517,0,0,0,0,0,0
202599,508,33380,5,Minden  LA ,34,34,8726,0,0,0,0,0,0,2,26,5524,9,9,1824,0,0,0,0,0,0,2,26,5524
202599,508,43340,2,Shreveport-Bossier City  LA ,939,939,234163,4,8,720,0,0,0,8,82,13764,903,903,221158,4,8,720,0,0,0,8,82,13764
202599,512,30180,5,Le Mars  IA ,45,45,17335,0,0,0,0,0,0,0,0,0,45,45,17335,0,0,0,0,0,0,0,0,0
202599,512,43580,2,Sioux City  IA-NE-SD ,218,218,85125,7,14,2520,3,11,1346,14,316,33368,210,210,82962,7,14,2520,3,11,1346,14,316,33368
202599,515,21140,2,Elkhart-Goshen  IN ,325,325,119450,5,10,1970,0,0,0,22,442,67310,325,325,119450,5,10,1970,0,0,0,22,442,67310
202599,515,35660,2,Niles  MI ,255,255,120957,20,40,9278,1,4,650,2,73,8763,235,235,113479,20,40,9278,1,4,650,2,73,8763
202599,515,38500,5,Plymouth  IN ,116,116,42194,1,2,80,0,0,0,0,0,0,83,83,28487,1,2,80,0,0,0,0,0,0
202599,515,43780,2,South Bend-Mishawaka  IN-MI ,517,517,231461,16,32,5592,3,11,3957,3,191,24613,494,494,224628,16,32,5592,3,11,3957,3,191,24613
202599,515,47700,5,Warsaw  IN ,316,316,135919,4,8,1327,0,0,0,1,85,18000,316,316,135919,4,8,1327,0,0,0,1,85,18000
202599,517,43980,5,Spencer  IA ,14,14,4390,1,2,500,4,15,2020,1,30,4000,14,14,4390,1,2,500,4,15,2020,1,30,4000
202599,517,44020,5,Spirit Lake  IA ,78,78,57823,2,4,1000,0,0,0,7,35,975,69,69,55926,2,4,1000,0,0,0,7,35,975
202599,518,17660,2,Coeur dAlene  ID ,1217,1217,465362,31,62,14972,5,15,6284,25,411,59894,992,992,407995,22,44,11516,0,0,0,11,273,44928
202599,518,44060,2,Spokane-Spokane Valley  WA ,1571,1571,484265,40,80,16889,26,96,24238,58,1425,236034,889,889,308564,32,64,14047,26,96,24238,45,1062,204561
202599,521,11200,2,Amherst Town-Northampton  MA ,93,93,37837,31,62,15556,0,0,0,24,136,12344,66,66,30637,31,62,15556,0,0,0,0,0,0
202599,521,24640,5,Greenfield  MA ,58,58,22301,3,6,1486,0,0,0,0,0,0,43,43,17850,3,6,1486,0,0,0,0,0,0
202599,521,44140,2,Springfield  MA ,286,286,90930,7,14,2082,0,0,0,3,18,1500,218,218,68865,7,14,2082,0,0,0,3,18,1500
202599,522,27300,5,Jacksonville  IL ,5,5,941,5,10,1746,0,0,0,0,0,0,2,2,734,5,10,1746,0,0,0,0,0,0
202599,522,30660,5,Lincoln  IL ,7,7,1535,0,0,0,0,0,0,1,57,9900,7,7,1535,0,0,0,0,0,0,1,57,9900
202599,522,44100,2,Springfield  IL ,191,191,74445,22,44,7519,0,0,0,0,0,0,187,187,73044,22,44,7519,0,0,0,0,0,0
202599,522,45380,5,Taylorville  IL ,60,60,20965,0,0,0,0,0,0,0,0,0,8,8,2585,0,0,0,0,0,0,0,0,0
202599,523,18060,5,Columbus  MS ,143,143,17172,0,0,0,0,0,0,0,0,0,143,143,17172,0,0,0,0,0,0,0,0,0
202599,523,44260,5,Starkville  MS ,63,63,23738,1,2,435,0,0,0,0,0,0,58,58,23001,1,2,435,0,0,0,0,0,0
202599,524,20180,5,DuBois  PA ,69,69,19869,3,6,568,0,0,0,0,0,0,69,69,19869,3,6,568,0,0,0,0,0,0
202599,524,44300,2,State College  PA ,255,255,86018,16,32,5122,4,12,2233,3,15,2749,248,248,84061,16,32,5122,4,12,2233,3,15,2749
202599,532,12180,5,Auburn  NY ,110,110,32486,0,0,0,0,0,0,0,0,0,89,89,27770,0,0,0,0,0,0,0,0,0
202599,532,45060,2,Syracuse  NY ,617,617,208125,21,42,5204,5,19,3234,25,1363,100414,577,577,203223,21,42,5204,5,19,3234,25,1363,100414
202599,533,12460,5,Bainbridge  GA ,75,75,14839,0,0,0,0,0,0,12,60,5499,0,0,0,0,0,0,0,0,0,0,0,0
202599,533,45220,2,Tallahassee  FL ,1234,1234,251095,20,38,13446,3,12,1500,44,1458,313362,1226,1226,248095,20,38,13446,3,12,1500,44,1458,313362
202599,536,35700,5,Nogales  AZ ,353,353,87668,0,0,0,0,0,0,0,0,0,352,352,87264,0,0,0,0,0,0,0,0,0
202599,536,46060,2,Tucson  AZ ,3592,3592,1322506,24,48,6797,0,0,0,59,1018,196508,2785,2785,1116990,8,16,2993,0,0,0,17,350,96262
202599,538,12780,5,Bartlesville  OK ,17,17,4572,1,2,220,0,0,0,0,0,0,17,17,4572,1,2,220,0,0,0,0,0,0
202599,538,34780,5,Muskogee  OK ,51,51,13251,1,2,323,0,0,0,0,0,0,51,51,13251,1,2,323,0,0,0,0,0,0
202599,538,46140,2,Tulsa  OK ,3740,3740,942964,57,114,16045,2,8,1280,83,1292,164274,3675,3675,928658,57,114,16045,2,8,1280,65,1187,156197
202599,539,18420,5,Corinth  MS ,25,25,7205,5,10,617,0,0,0,0,0,0,25,25,7205,4,8,500,0,0,0,0,0,0
202599,539,46180,5,Tupelo  MS ,184,184,60624,1,2,400,1,3,600,1,5,755,183,183,60311,1,2,400,1,3,600,0,0,0
202599,540,27380,5,Jacksonville  TX ,37,37,10329,3,6,969,0,0,0,0,0,0,37,37,10329,3,6,969,0,0,0,0,0,0
202599,540,46340,2,Tyler  TX ,517,517,151717,4,8,1016,2,8,1230,2,10,1579,492,492,145255,4,8,1016,2,8,1230,2,10,1579
202599,542,32280,5,Martin  TN ,71,71,15360,0,0,0,0,0,0,0,0,0,54,54,13333,0,0,0,0,0,0,0,0,0
202599,542,46460,5,Union City  TN ,27,27,7106,0,0,0,0,0,0,0,0,0,24,24,6641,0,0,0,0,0,0,0,0,0
202599,544,38920,5,Port Lavaca  TX ,108,108,39246,0,0,0,0,0,0,0,0,0,108,108,39246,0,0,0,0,0,0,0,0,0
202599,544,47020,2,Victoria  TX ,43,43,12670,0,0,0,0,0,0,3,143,16665,43,43,12670,0,0,0,0,0,0,3,143,16665
202599,545,21020,5,Elizabeth City  NC ,274,274,52559,0,0,0,0,0,0,0,0,0,274,274,52559,0,0,0,0,0,0,0,0,0
202599,545,28620,5,Kill Devil Hills  NC ,325,325,177578,0,0,0,0,0,0,0,0,0,325,325,177578,0,0,0,0,0,0,0,0,0
202599,545,47260,2,Virginia Beach-Chesapeake-Norfolk  VA-NC ,3223,3223,1028936,30,60,7675,4,13,1092,19,657,77505,3211,3211,1026708,30,60,7675,4,13,1092,19,657,77505
202599,548,12580,2,Baltimore-Columbia-Towson  MD ,3606,3606,858077,12,24,2509,0,0,0,46,2169,602105,3606,3606,858077,12,24,2509,0,0,0,46,2169,602105
202599,548,15700,5,Cambridge  MD ,64,64,15473,0,0,0,0,0,0,0,0,0,41,41,11514,0,0,0,0,0,0,0,0,0
202599,548,16540,2,Chambersburg  PA ,576,576,191990,37,74,12070,2,8,1210,23,375,28432,340,340,113252,37,74,12070,2,8,1210,23,375,28432
202599,548,20660,5,Easton  MD ,198,198,68919,0,0,0,0,0,0,0,0,0,198,198,68919,0,0,0,0,0,0,0,0,0
202599,548,25180,2,Hagerstown-Martinsburg  MD-WV ,1416,1416,338440,3,6,1645,0,0,0,6,202,32350,1409,1409,336033,3,6,1645,0,0,0,6,202,32350
202599,548,29470,5,Lake of the Woods  VA ,339,339,87849,0,0,0,0,0,0,0,0,0,339,339,87849,0,0,0,0,0,0,0,0,0
202599,548,30500,2,Lexington Park  MD ,383,383,119259,0,0,0,3,11,3400,3,45,8573,383,383,119259,0,0,0,3,11,3400,3,45,8573
202599,548,47900,2,Washington-Arlington-Alexandria  DC-VA-MD-WV ,10168,10168,3189886,209,418,56118,3,12,1559,131,7392,1008322,10168,10168,3189886,209,418,56118,3,12,1559,131,7392,1008322
202599,548,49020,2,Winchester  VA-WV ,900,900,209007,2,4,1000,0,0,0,0,0,0,900,900,209007,2,4,1000,0,0,0,0,0,0
202599,554,44620,5,Stevens Point-Plover  WI ,122,122,41417,29,58,10154,0,0,0,4,64,10800,122,122,41417,29,58,10154,0,0,0,4,64,10800
202599,554,48140,2,Wausau  WI ,236,236,94301,5,10,1591,1,4,800,5,98,17800,236,236,94301,5,10,1591,1,4,800,5,98,17800
202599,554,49220,5,Wisconsin Rapids-Marshfield  WI ,130,130,45318,13,26,3986,0,0,0,0,0,0,105,105,32601,13,26,3986,0,0,0,0,0,0
202599,555,21120,5,Elk City  OK ,2,2,1092,0,0,0,0,0,0,0,0,0,2,2,1092,0,0,0,0,0,0,0,0,0
202599,555,48220,5,Weatherford  OK ,26,26,6061,4,8,980,0,0,0,1,5,330,24,24,5776,4,8,980,0,0,0,1,5,330
202599,556,11680,5,Arkansas City-Winfield  KS ,33,33,6269,1,2,255,0,0,0,0,0,0,7,7,2585,1,2,255,0,0,0,0,0,0
202599,556,48620,2,Wichita  KS ,1463,1463,510490,719,1438,208681,21,76,9595,7,134,16325,1322,1322,467409,657,1314,189729,18,67,8695,7,134,16325
202599,558,30820,5,Lock Haven  PA ,38,38,8924,0,0,0,0,0,0,0,0,0,25,25,5299,0,0,0,0,0,0,0,0,0
202599,558,48700,2,Williamsport  PA ,67,67,25074,1,2,30,0,0,0,0,0,0,55,55,21413,1,2,30,0,0,0,0,0,0
202599,566,41400,5,Salem  OH ,36,36,13745,2,4,800,6,18,2994,0,0,0,31,31,12057,2,4,800,6,18,2994,0,0,0
202599,566,49660,2,Youngstown-Warren  OH ,276,276,82612,5,10,1442,0,0,0,0,0,0,276,276,82612,5,10,1442,0,0,0,0,0,0
202599,999,10100,5,Aberdeen  SD ,65,65,18938,12,24,3303,0,0,0,2,80,5225,65,65,18938,12,24,3303,0,0,0,2,80,5225
202599,999,10140,5,Aberdeen  WA ,201,201,61941,3,6,689,5,17,1973,0,0,0,200,200,61742,3,6,689,5,17,1973,0,0,0
202599,999,10220,5,Ada  OK ,15,15,4206,6,12,1224,0,0,0,0,0,0,15,15,4206,6,12,1224,0,0,0,0,0,0
202599,999,10460,5,Alamogordo  NM ,3,3,890,0,0,0,0,0,0,0,0,0,3,3,890,0,0,0,0,0,0,0,0,0
202599,999,10480,5,Alamosa  CO ,176,176,49902,7,14,2145,0,0,0,0,0,0,148,148,44890,7,14,2145,0,0,0,0,0,0
202599,999,10500,4,Albany  GA ,154,154,28546,1,2,251,0,0,0,2,36,5100,128,128,21841,1,2,251,0,0,0,2,36,5100
202599,999,10660,5,Albert Lea  MN ,13,13,4193,0,0,0,0,0,0,0,0,0,13,13,4193,0,0,0,0,0,0,0,0,0
202599,999,10780,4,Alexandria  LA ,247,247,64685,13,26,1940,0,0,0,0,0,0,34,34,12472,1,2,200,0,0,0,0,0,0
202599,999,10820,5,Alexandria  MN ,157,157,59848,0,0,0,0,0,0,9,162,26598,134,134,48144,0,0,0,0,0,0,3,119,22200
202599,999,10980,5,Alpena  MI ,38,38,10886,0,0,0,0,0,0,1,34,2000,38,38,10886,0,0,0,0,0,0,1,34,2000
202599,999,11060,5,Altus  OK ,20,20,5371,0,0,0,0,0,0,0,0,0,20,20,5371,0,0,0,0,0,0,0,0,0
202599,999,11140,5,Americus  GA ,42,42,10978,0,0,0,0,0,0,1,12,1125,24,24,7148,0,0,0,0,0,0,0,0,0
202599,999,11260,4,Anchorage  AK ,226,226,110189,11,22,6665,4,13,3735,5,36,7477,225,225,109773,11,22,6665,4,13,3735,5,36,7477
202599,999,11500,4,Anniston-Oxford  AL ,130,130,20414,7,14,1885,0,0,0,0,0,0,119,119,17207,7,14,1885,0,0,0,0,0,0
202599,999,11620,5,Ardmore  OK ,55,55,12087,0,0,0,0,0,0,0,0,0,55,55,12087,0,0,0,0,0,0,0,0,0
202599,999,11660,5,Arkadelphia  AR ,6,6,1685,0,0,0,0,0,0,0,0,0,6,6,1685,0,0,0,0,0,0,0,0,0
202599,999,11820,5,Astoria  OR ,80,80,35520,2,4,707,0,0,0,11,153,22141,80,80,35520,2,4,707,0,0,0,11,153,22141
202599,999,12260,4,Augusta-Richmond County  GA-SC ,3688,3688,1016145,4,8,1065,12,43,6779,13,402,71576,2733,2733,827580,4,8,1065,12,43,6779,13,402,71576
202599,999,12300,5,Augusta-Waterville  ME ,398,398,103894,6,12,1740,0,0,0,5,100,15471,281,281,77976,5,10,1705,0,0,0,5,100,15471
202599,999,12420,4,Austin-Round Rock-San Marcos  TX ,14810,14810,4576418,338,676,92836,24,87,12034,210,11749,1571941,12923,12923,4161881,328,656,90127,21,78,11134,210,11749,1571941
202599,999,12520,5,Baker City  OR ,42,42,10480,1,2,427,0,0,0,0,0,0,42,42,10480,1,2,427,0,0,0,0,0,0
202599,999,12540,4,Bakersfield-Delano  CA ,2793,2793,653196,114,228,30779,4,13,1224,15,125,14229,2015,2015,431698,28,56,3181,4,13,1224,9,95,10446
202599,999,12620,4,Bangor  ME ,316,316,83415,18,36,5662,12,43,5267,6,91,11801,176,176,51426,16,32,4982,9,34,4166,5,66,9323
202599,999,12900,5,Batesville  AR ,9,9,4010,6,12,1075,1,3,175,1,9,700,9,9,4010,6,12,1075,1,3,175,1,9,700
202599,999,13140,4,Beaumont-Port Arthur  TX ,879,879,256357,5,10,1134,1,4,983,13,67,8233,749,749,224022,1,2,250,1,4,983,2,10,2404
202599,999,13220,4,Beckley  WV ,77,77,22435,0,0,0,0,0,0,0,0,0,77,77,22435,0,0,0,0,0,0,0,0,0
202599,999,13300,5,Beeville  TX ,14,14,4147,0,0,0,0,0,0,0,0,0,14,14,4147,0,0,0,0,0,0,0,0,0
202599,999,13380,4,Bellingham  WA ,607,607,194303,32,64,11264,13,47,11712,13,496,63825,518,518,166946,32,64,11264,12,44,11014,13,496,63825
202599,999,13420,5,Bemidji  MN ,77,77,21526,0,0,0,0,0,0,16,91,3313,52,52,16662,0,0,0,0,0,0,1,6,922
202599,999,13460,4,Bend  OR ,1414,1414,538226,83,166,35233,9,31,7251,58,1511,242958,1414,1414,538226,83,166,35233,9,31,7251,58,1511,242958
202599,999,13540,5,Bennington  VT ,48,48,16299,1,2,500,0,0,0,1,6,1600,43,43,12111,1,2,500,0,0,0,1,6,1600
202599,999,13700,5,Big Spring  TX ,6,6,1777,0,0,0,0,0,0,0,0,0,6,6,1777,0,0,0,0,0,0,0,0,0
202599,999,13740,4,Billings  MT ,709,709,223739,90,180,32287,6,24,4322,2,116,30000,709,709,223739,90,180,32287,6,24,4322,2,116,30000
202599,999,13780,4,Binghamton  NY ,159,159,36888,2,4,300,1,3,344,40,302,36863,95,95,22713,2,4,300,1,3,344,1,72,10592
202599,999,13860,5,Bishop  CA ,10,10,2908,0,0,0,0,0,0,0,0,0,10,10,2908,0,0,0,0,0,0,0,0,0
202599,999,13900,4,Bismarck  ND ,369,369,129281,13,26,7022,3,10,2223,1,6,1085,362,362,126799,13,26,7022,3,10,2223,1,6,1085
202599,999,13980,4,Blacksburg-Christiansburg-Radford  VA ,416,416,131289,2,4,660,0,0,0,6,72,17400,332,332,107425,2,4,660,0,0,0,6,72,17400
202599,999,14140,5,Bluefield  WV-VA ,20,20,3745,0,0,0,0,0,0,0,0,0,16,16,2930,0,0,0,0,0,0,0,0,0
202599,999,14180,5,Blytheville  AR ,59,59,10455,0,0,0,0,0,0,1,10,110,3,3,925,0,0,0,0,0,0,1,10,110
202599,999,14380,5,Boone  NC ,238,238,180976,5,10,3420,1,4,625,8,284,115551,207,207,171329,5,10,3420,1,4,625,8,284,115551
202599,999,14580,4,Bozeman  MT ,843,843,200645,30,60,11577,22,74,12867,26,567,63144,591,591,137062,3,6,1257,1,3,541,4,31,6534
202599,999,14620,5,Bradford  PA ,21,21,4035,0,0,0,0,0,0,1,12,1765,16,16,2918,0,0,0,0,0,0,1,12,1765
202599,999,14660,5,Brainerd  MN ,708,708,236919,2,4,640,4,16,2534,4,168,46598,577,577,195716,2,4,640,4,16,2534,4,168,46598
202599,999,14700,5,Branson  MO ,861,861,294053,1,2,428,0,0,0,0,0,0,856,856,292571,1,2,428,0,0,0,0,0,0
202599,999,14720,5,Breckenridge  CO ,181,181,123699,0,0,0,1,3,729,15,180,48401,84,84,89004,0,0,0,0,0,0,5,126,36280
202599,999,15100,5,Brookings  SD ,141,141,40529,1,2,450,4,16,3450,2,198,25825,141,141,40529,1,2,450,4,16,3450,2,198,25825
202599,999,15220,5,Brownwood  TX ,154,154,37740,1,2,300,0,0,0,5,49,6500,45,45,7794,1,2,300,0,0,0,5,49,6500
202599,999,15260,4,Brunswick-St.Simons  GA ,599,599,242431,16,32,700,0,0,0,0,0,0,540,540,229327,16,32,700,0,0,0,0,0,0
202599,999,15420,5,Burley  ID ,239,239,79979,5,10,1934,4,14,2649,1,5,1219,237,237,79383,5,10,1934,4,14,2649,1,5,1219
202599,999,15580,5,Butte-Silver Bow  MT ,81,81,7730,1,2,70,7,28,3953,2,19,1639,81,81,7730,1,2,70,7,28,3953,2,19,1639
202599,999,15620,5,Cadillac  MI ,107,107,27760,0,0,0,0,0,0,14,119,28101,72,72,20494,0,0,0,0,0,0,1,50,6502
202599,999,15780,5,Camden  AR ,3,3,625,0,0,0,0,0,0,0,0,0,3,3,625,0,0,0,0,0,0,0,0,0
202599,999,15820,5,Campbellsville  KY ,13,13,3381,0,0,0,0,0,0,0,0,0,0,0,0,0,0,0,0,0,0,0,0,0
202599,999,16100,5,Carlsbad-Artesia  NM ,183,183,63766,11,22,1530,0,0,0,2,36,5600,183,183,63766,11,22,1530,0,0,0,2,36,5600
202599,999,16140,5,Carroll  IA ,29,29,11182,2,4,800,1,3,400,0,0,0,27,27,10782,2,4,800,1,3,400,0,0,0
202599,999,16220,4,Casper  WY ,197,197,53495,1,2,1000,0,0,0,0,0,0,197,197,53495,1,2,1000,0,0,0,0,0,0
202599,999,16260,5,Cedar City  UT ,678,678,190390,0,0,0,0,0,0,0,0,0,678,678,190390,0,0,0,0,0,0,0,0,0
202599,999,16660,5,Charleston-Mattoon  IL ,16,16,4158,0,0,0,0,0,0,0,0,0,16,16,4158,0,0,0,0,0,0,0,0,0
202599,999,16700,4,Charleston-North Charleston  SC ,5799,5799,2153346,19,38,3638,36,113,4064,101,1337,140043,3021,3021,1416751,0,0,0,0,0,0,7,288,62426
202599,999,16820,4,Charlottesville  VA ,1068,1068,335217,3,6,769,6,18,1426,28,1043,241216,458,458,104545,1,2,529,0,0,0,14,884,221580
202599,999,16940,4,Cheyenne  WY ,325,325,79310,2,4,444,10,39,4136,7,188,35769,325,325,79310,2,4,444,10,39,4136,7,188,35769
202599,999,17020,4,Chico  CA ,662,662,134510,14,28,2693,2,6,685,12,301,27965,263,263,58832,7,14,1605,0,0,0,4,228,21583
202599,999,17300,4,Clarksville  TN-KY ,1754,1754,409112,23,46,6048,25,98,10976,93,1018,101306,1754,1754,409112,23,46,6048,25,98,10976,93,1018,101306
202599,999,17340,5,Clearlake  CA ,45,45,10482,0,0,0,0,0,0,3,40,4515,45,45,10482,0,0,0,0,0,0,3,40,4515
202599,999,17380,5,Cleveland  MS ,20,20,4624,0,0,0,0,0,0,0,0,0,15,15,3110,0,0,0,0,0,0,0,0,0
202599,999,17580,5,Clovis  NM ,22,22,9686,20,40,7762,0,0,0,0,0,0,22,22,9686,20,40,7762,0,0,0,0,0,0
202599,999,17650,5,Cody  WY ,167,167,50010,4,8,1080,2,6,700,0,0,0,167,167,50010,4,8,1080,2,6,700,0,0,0
202599,999,17740,5,Coldwater  MI ,40,40,12201,2,4,1050,0,0,0,0,0,0,4,4,1050,2,4,1050,0,0,0,0,0,0
202599,999,17780,4,College Station-Bryan  TX ,1748,1748,382030,32,64,8417,31,124,7956,9,455,85732,1748,1748,382030,32,64,8417,31,124,7956,9,455,85732
202599,999,17820,4,Colorado Springs  CO ,2839,2839,1508789,91,182,32710,0,0,0,65,2804,558513,2756,2756,1486710,91,182,32710,0,0,0,65,2804,558513
202599,999,18100,5,Columbus  NE ,176,176,44297,24,48,10257,4,16,2000,5,234,28590,176,176,44297,24,48,10257,4,16,2000,5,234,28590
202599,999,18260,5,Cookeville  TN ,749,749,208196,4,8,1487,2,6,436,4,38,7765,730,730,205432,4,8,1487,2,6,436,4,38,7765
202599,999,18300,5,Coos Bay-North Bend  OR ,59,59,20838,1,2,180,2,6,1243,0,0,0,53,53,18641,1,2,180,2,6,1243,0,0,0
202599,999,18380,5,Cordele  GA ,27,27,7853,0,0,0,0,0,0,0,0,0,23,23,7013,0,0,0,0,0,0,0,0,0
202599,999,18880,4,Crestview-Fort Walton Beach-Destin  FL ,2414,2414,1264381,38,76,15049,2,7,2011,56,959,202229,2410,2410,1262836,38,76,15049,2,7,2011,56,959,202229
202599,999,18900,5,Crossville  TN ,102,102,15720,13,26,5213,0,0,0,0,0,0,102,102,15720,13,26,5213,0,0,0,0,0,0
202599,999,19060,5,Cumberland  MD-WV ,78,78,20934,0,0,0,0,0,0,0,0,0,78,78,20934,0,0,0,0,0,0,0,0,0
202599,999,19220,5,Danville  KY ,180,180,43750,1,2,234,0,0,0,0,0,0,92,92,29077,1,2,234,0,0,0,0,0,0
202599,999,19260,5,Danville  VA ,84,84,20400,1,2,170,0,0,0,0,0,0,22,22,5376,1,2,170,0,0,0,0,0,0
202599,999,19500,4,Decatur  IL ,32,32,13425,1,2,250,1,4,560,0,0,0,32,32,13425,1,2,250,1,4,560,0,0,0
202599,999,19580,5,Defiance  OH ,46,46,15335,0,0,0,0,0,0,0,0,0,42,42,14535,0,0,0,0,0,0,0,0,0
202599,999,19620,5,Del Rio  TX ,73,73,17145,0,0,0,0,0,0,0,0,0,3,3,889,0,0,0,0,0,0,0,0,0
202599,999,19700,5,Deming  NM ,2,2,408,0,0,0,0,0,0,0,0,0,0,0,0,0,0,0,0,0,0,0,0,0
202599,999,19810,5,Detroit Lakes  MN ,138,138,52276,4,8,1000,0,0,0,1,36,7500,138,138,52276,4,8,1000,0,0,0,1,36,7500
202599,999,19860,5,Dickinson  ND ,88,88,39185,0,0,0,0,0,0,0,0,0,85,85,38465,0,0,0,0,0,0,0,0,0
202599,999,19980,5,Dodge City  KS ,62,62,16302,1,2,400,0,0,0,0,0,0,62,62,16302,1,2,400,0,0,0,0,0,0
202599,999,20060,5,Douglas  GA ,91,91,17246,0,0,0,5,15,1200,0,0,0,28,28,6494,0,0,0,0,0,0,0,0,0
202599,999,20140,5,Dublin  GA ,38,38,7697,0,0,0,0,0,0,3,64,8075,31,31,6175,0,0,0,0,0,0,3,64,8075
202599,999,20220,4,Dubuque  IA ,159,159,78975,2,4,875,2,7,2150,6,164,10674,157,157,78095,2,4,875,2,7,2150,6,164,10674
202599,999,20300,5,Dumas  TX ,15,15,2619,2,4,400,0,0,0,0,0,0,15,15,2619,2,4,400,0,0,0,0,0,0
202599,999,20420,5,Durango  CO ,188,188,113821,4,8,2742,3,12,2000,8,168,17660,188,188,113821,4,8,2742,3,12,2000,8,168,17660
202599,999,20540,5,Dyersburg  TN ,75,75,20155,0,0,0,0,0,0,0,0,0,75,75,20155,0,0,0,0,0,0,0,0,0
202599,999,20580,4,Eagle Pass  TX ,64,64,21091,9,18,3558,0,0,0,1,12,800,64,64,21091,9,18,3558,0,0,0,1,12,800
202599,999,20820,5,Effingham  IL ,30,30,14755,0,0,0,0,0,0,3,20,1900,30,30,14755,0,0,0,0,0,0,3,20,1900
202599,999,20940,4,El Centro  CA ,224,224,37782,9,18,1126,0,0,0,0,0,0,224,224,37782,9,18,1126,0,0,0,0,0,0
202599,999,20980,5,El Dorado  AR ,19,19,3585,0,0,0,0,0,0,0,0,0,5,5,1138,0,0,0,0,0,0,0,0,0
202599,999,21180,5,Elkins  WV ,0,0,0,0,0,0,0,0,0,0,0,0,0,0,0,0,0,0,0,0,0,0,0,0
202599,999,21220,5,Elko  NV ,118,118,31737,0,0,0,0,0,0,0,0,0,118,118,31737,0,0,0,0,0,0,0,0,0
202599,999,21260,5,Ellensburg  WA ,240,240,99839,0,0,0,0,0,0,2,48,7414,230,230,96948,0,0,0,0,0,0,2,48,7414
202599,999,21380,5,Emporia  KS ,33,33,7232,1,2,197,0,0,0,2,24,7733,33,33,7232,1,2,197,0,0,0,2,24,7733
202599,999,21420,4,Enid  OK ,10,10,3096,5,10,1123,0,0,0,0,0,0,9,9,2871,5,10,1123,0,0,0,0,0,0
202599,999,21540,5,Escanaba  MI ,58,58,15349,0,0,0,0,0,0,0,0,0,58,58,15349,0,0,0,0,0,0,0,0,0
202599,999,21640,5,Eufaula  AL-GA ,38,38,6573,0,0,0,0,0,0,0,0,0,38,38,6573,0,0,0,0,0,0,0,0,0
202599,999,21660,4,Eugene-Springfield  OR ,730,730,202728,9,18,4395,12,48,12531,33,749,122004,374,374,103169,0,0,0,12,48,12531,22,616,100030
202599,999,21700,5,Eureka-Arcata  CA ,160,160,34774,5,10,1336,10,38,5723,6,117,20184,156,156,34284,4,8,1030,10,38,5723,6,117,20184
202599,999,21740,5,Evanston  WY-UT ,117,117,51935,0,0,0,2,8,2121,2,16,6000,77,77,37801,0,0,0,2,8,2121,2,16,6000
202599,999,21820,4,Fairbanks-College  AK ,13,13,6241,3,6,1950,0,0,0,1,12,2900,13,13,6241,3,6,1950,0,0,0,1,12,2900
202599,999,21860,5,Fairmont  MN ,13,13,3954,0,0,0,0,0,0,0,0,0,11,11,3313,0,0,0,0,0,0,0,0,0
202599,999,22140,4,Farmington  NM ,80,80,24363,0,0,0,0,0,0,0,0,0,80,80,24363,0,0,0,0,0,0,0,0,0
202599,999,22220,4,Fayetteville-Springdale-Rogers  AR ,5666,5666,1901175,178,356,65502,5,17,3236,124,2922,480874,4950,4950,1725330,145,290,56045,5,17,3236,84,2576,454798
202599,999,22260,5,Fergus Falls  MN ,60,60,19015,6,12,2595,0,0,0,0,0,0,53,53,16271,6,12,2595,0,0,0,0,0,0
202599,999,22340,5,Fitzgerald  GA ,13,13,2048,2,4,300,0,0,0,0,0,0,6,6,1112,2,4,300,0,0,0,0,0,0
202599,999,22380,4,Flagstaff  AZ ,421,421,157587,12,24,3803,2,6,1291,7,183,23020,315,315,121040,12,24,3803,2,6,1291,7,183,23020
202599,999,22500,4,Florence  SC ,750,750,132549,8,16,1526,0,0,0,2,136,23126,480,480,81078,1,2,140,0,0,0,1,130,22539
202599,999,22540,4,Fond du Lac  WI ,172,172,61372,9,18,3863,0,0,0,0,0,0,113,113,42016,9,18,3863,0,0,0,0,0,0
202599,999,22580,5,Forest City  NC ,203,203,65950,10,20,2130,0,0,0,3,46,5244,203,203,65950,10,20,2130,0,0,0,3,46,5244
202599,999,22660,4,Fort Collins  CO ,985,985,371186,5,10,1066,19,74,9167,74,1367,236455,963,963,362198,5,10,1066,19,74,9167,73,1362,235163
202599,999,22700,5,Fort Dodge  IA ,23,23,5687,0,0,0,0,0,0,0,0,0,9,9,2687,0,0,0,0,0,0,0,0,0
202599,999,22780,5,Fort Leonard Wood  MO ,99,99,22388,0,0,0,0,0,0,0,0,0,58,58,17326,0,0,0,0,0,0,0,0,0
202599,999,22820,5,Fort Morgan  CO ,53,53,16753,1,2,665,0,0,0,0,0,0,51,51,16489,1,2,665,0,0,0,0,0,0
202599,999,22900,4,Fort Smith  AR-OK ,245,245,66254,145,290,34977,5,16,1343,7,112,10003,189,189,60536,142,284,34490,1,4,323,7,112,10003
202599,999,23460,4,Gadsden  AL ,123,123,30668,0,0,0,0,0,0,0,0,0,123,123,30668,0,0,0,0,0,0,0,0,0
202599,999,23660,5,Galesburg  IL ,1,1,115,0,0,0,0,0,0,0,0,0,1,1,115,0,0,0,0,0,0,0,0,0
202599,999,23680,5,Gallipolis  OH ,4,4,503,0,0,0,1,3,225,0,0,0,3,3,200,0,0,0,1,3,225,0,0,0
202599,999,23700,5,Gallup  NM ,0,0,0,0,0,0,0,0,0,0,0,0,0,0,0,0,0,0,0,0,0,0,0,0
202599,999,23780,5,Garden City  KS ,39,39,7244,0,0,0,5,20,2375,4,48,7651,39,39,7244,0,0,0,5,20,2375,4,48,7651
202599,999,23940,5,Gillette  WY ,21,21,8649,0,0,0,0,0,0,0,0,0,21,21,8649,0,0,0,0,0,0,0,0,0
202599,999,24140,4,Goldsboro  NC ,879,879,148257,6,12,1282,3,9,1037,3,54,5650,846,846,141963,5,10,1062,2,6,600,3,54,5650
202599,999,24220,4,Grand Forks  ND-MN ,157,157,52516,0,0,0,0,0,0,1,71,1315,139,139,48940,0,0,0,0,0,0,0,0,0
202599,999,24260,4,Grand Island  NE ,129,129,37557,37,74,14251,8,27,4831,3,37,5875,92,92,29125,37,74,14251,8,27,4831,3,37,5875
202599,999,24300,4,Grand Junction  CO ,693,693,106548,0,0,0,0,0,0,7,117,6372,693,693,106548,0,0,0,0,0,0,7,117,6372
202599,999,24460,5,Great Bend  KS ,9,9,2520,0,0,0,0,0,0,0,0,0,5,5,1560,0,0,0,0,0,0,0,0,0
202599,999,24500,4,Great Falls  MT ,153,153,58849,4,8,2056,4,16,2750,2,76,27600,125,125,48283,2,4,640,4,16,2750,2,76,27600
202599,999,24740,5,Greenville  MS ,7,7,3523,0,0,0,0,0,0,0,0,0,7,7,3523,0,0,0,0,0,0,0,0,0
202599,999,24900,5,Greenwood  MS ,5,5,1342,0,0,0,0,0,0,1,27,1366,0,0,0,0,0,0,0,0,0,0,0,0
202599,999,24980,5,Grenada  MS ,13,13,531,0,0,0,0,0,0,19,143,10160,2,2,102,0,0,0,0,0,0,4,54,7935
202599,999,25060,4,Gulfport-Biloxi  MS ,2755,2755,443874,18,36,2407,2,8,1193,25,513,53534,1477,1477,350681,17,34,2236,2,8,1193,25,513,53534
202599,999,25100,5,Guymon  OK ,16,16,2295,0,0,0,0,0,0,0,0,0,16,16,2295,0,0,0,0,0,0,0,0,0
202599,999,25200,5,Hailey  ID ,132,132,177817,3,6,5451,0,0,0,1,5,1654,112,112,164622,3,6,5451,0,0,0,0,0,0
202599,999,25460,5,Harrison  AR ,8,8,1485,6,12,1917,0,0,0,9,116,13304,6,6,1294,0,0,0,0,0,0,0,0,0
202599,999,25580,5,Hastings  NE ,83,83,28366,3,6,750,2,6,199,4,48,7413,83,83,28366,3,6,750,2,6,199,4,48,7413
202599,999,25700,5,Hays  KS ,42,42,12626,10,20,3563,0,0,0,2,48,9343,42,42,12626,10,20,3563,0,0,0,2,48,9343
202599,999,25740,4,Helena  MT ,69,69,24412,14,28,7588,25,91,14644,5,28,4164,69,69,24412,14,28,7588,25,91,14644,5,28,4164
202599,999,25820,5,Hereford  TX ,15,15,4443,9,18,2108,0,0,0,0,0,0,15,15,4443,9,18,2108,0,0,0,0,0,0
202599,999,25840,5,Hermiston-Pendleton  OR ,238,238,66997,13,26,5631,0,0,0,0,0,0,163,163,48287,11,22,4789,0,0,0,0,0,0
202599,999,25880,5,Hillsdale  MI ,92,92,28971,0,0,0,0,0,0,1,7,700,92,92,28971,0,0,0,0,0,0,1,7,700
202599,999,25900,5,Hilo-Kailua  HI ,1156,1156,511082,5,10,1764,2,8,1136,7,56,6790,1156,1156,511082,5,10,1764,2,8,1136,7,56,6790
202599,999,25940,4,Hilton Head Island-Bluffton-Port Royal  SC ,2390,2390,1131435,0,0,0,0,0,0,22,687,87852,2279,2279,1054878,0,0,0,0,0,0,22,687,87852
202599,999,26020,5,Hobbs  NM ,143,143,42402,0,0,0,0,0,0,0,0,0,143,143,42402,0,0,0,0,0,0,0,0,0
202599,999,26140,4,Homosassa Springs  FL ,2082,2082,511230,7,14,2156,0,0,0,1,6,1508,1385,1385,356057,6,12,1860,0,0,0,1,6,1508
202599,999,26220,5,Hood River  OR ,47,47,18994,0,0,0,1,3,811,6,130,22523,47,47,18994,0,0,0,1,3,811,6,130,22523
202599,999,26340,5,Houghton  MI ,125,125,32935,7,14,2180,1,4,1000,2,33,4550,119,119,31932,7,14,2180,1,4,1000,2,33,4550
202599,999,26380,4,Houma-Bayou Cane-Thibodaux  LA ,559,559,138307,16,32,2791,0,0,0,0,0,0,559,559,138307,16,32,2791,0,0,0,0,0,0
202599,999,26700,5,Huron  SD ,21,21,7056,0,0,0,0,0,0,0,0,0,21,21,7056,0,0,0,0,0,0,0,0,0
202599,999,26740,5,Hutchinson  KS ,34,34,10514,2,4,714,0,0,0,0,0,0,34,34,10514,2,4,714,0,0,0,0,0,0
202599,999,27100,4,Jackson  MI ,196,196,56564,4,8,1847,0,0,0,10,99,10684,133,133,43614,4,8,1847,0,0,0,1,6,761
202599,999,27180,4,Jackson  TN ,460,460,131641,6,12,1070,0,0,0,0,0,0,191,191,69440,6,12,1070,0,0,0,0,0,0
202599,999,27220,5,Jackson  WY-ID ,360,360,348936,2,4,800,3,10,2165,6,167,60237,254,254,146306,2,4,800,3,10,2165,5,162,59558
202599,999,27340,4,Jacksonville  NC ,1318,1318,292435,17,34,2430,0,0,0,2,20,3638,1318,1318,292435,17,34,2430,0,0,0,2,20,3638
202599,999,27420,5,Jamestown  ND ,27,27,4810,0,0,0,0,0,0,0,0,0,18,18,4270,0,0,0,0,0,0,0,0,0
202599,999,27460,5,Jamestown-Dunkirk  NY ,168,168,48194,0,0,0,0,0,0,0,0,0,110,110,35074,0,0,0,0,0,0,0,0,0
202599,999,27540,5,Jasper  IN ,137,137,33720,13,26,3480,2,8,2000,4,96,12145,135,135,33423,13,26,3480,2,8,2000,4,96,12145
202599,999,27940,5,Juneau  AK ,34,34,6534,3,6,960,3,12,981,3,65,5732,34,34,6534,3,6,960,3,12,981,3,65,5732
202599,999,27980,4,Kahului-Wailuku  HI ,527,527,186498,39,78,17731,0,0,0,9,297,81542,433,433,146350,37,74,16741,0,0,0,6,204,45907
202599,999,28060,5,Kalispell  MT ,196,196,113872,2,4,732,0,0,0,22,630,105424,196,196,113872,2,4,732,0,0,0,22,630,105424
202599,999,28180,5,Kapaa  HI ,130,130,106035,0,0,0,0,0,0,0,0,0,130,130,106035,0,0,0,0,0,0,0,0,0
202599,999,28260,5,Kearney  NE ,138,138,63725,0,0,0,1,4,600,0,0,0,130,130,61610,0,0,0,0,0,0,0,0,0
202599,999,28380,5,Kennett  MO ,28,28,4917,1,2,200,0,0,0,0,0,0,2,2,150,1,2,200,0,0,0,0,0,0
202599,999,28540,5,Ketchikan  AK ,27,27,8245,5,10,1996,3,10,1804,3,16,3372,27,27,8245,5,10,1996,3,10,1804,3,16,3372
202599,999,28660,4,Killeen-Temple  TX ,2500,2500,676929,233,466,49148,2,6,593,21,386,51554,1674,1674,427304,207,414,42652,1,3,296,21,386,51554
202599,999,28820,5,Kinston  NC ,127,127,25651,2,4,375,0,0,0,0,0,0,127,127,25651,2,4,375,0,0,0,0,0,0
202599,999,28860,5,Kirksville  MO ,10,10,3447,0,0,0,0,0,0,0,0,0,10,10,3447,0,0,0,0,0,0,0,0,0
202599,999,28900,5,Klamath Falls  OR ,95,95,31984,2,4,639,1,4,365,0,0,0,95,95,31984,2,4,639,1,4,365,0,0,0
202599,999,29260,5,La Grande  OR ,48,48,15924,1,2,430,0,0,0,0,0,0,48,48,15924,1,2,430,0,0,0,0,0,0
202599,999,29420,4,Lake Havasu City-Kingman  AZ ,1706,1706,366461,22,44,5509,1,3,193,4,64,1732,1557,1557,333652,22,44,5509,1,3,193,4,64,1732
202599,999,29540,4,Lancaster  PA ,818,818,278498,9,18,2664,8,31,6273,29,429,72633,740,740,250513,9,18,2664,7,28,5914,29,429,72633
202599,999,29660,5,Laramie  WY ,108,108,36462,0,0,0,0,0,0,0,0,0,108,108,36462,0,0,0,0,0,0,0,0,0
202599,999,29700,4,Laredo  TX ,1029,1029,288877,4,8,957,15,46,5383,24,257,26282,0,0,0,0,0,0,0,0,0,0,0,0
202599,999,30060,5,Lebanon  MO ,4,4,1367,0,0,0,0,0,0,0,0,0,4,4,1367,0,0,0,0,0,0,0,0,0
202599,999,30150,5,Lebanon-Claremont  NH-VT ,562,562,247942,11,22,3186,5,18,2065,13,104,18581,429,429,206475,11,22,3186,5,18,2065,0,0,0
202599,999,30300,4,Lewiston  ID-WA ,155,155,40007,5,10,1432,0,0,0,6,144,12660,155,155,40007,5,10,1432,0,0,0,6,144,12660
202599,999,30380,5,Lewistown  PA ,54,54,14916,0,0,0,0,0,0,0,0,0,37,37,10230,0,0,0,0,0,0,0,0,0
202599,999,30420,5,Lexington  NE ,34,34,12576,0,0,0,1,4,600,0,0,0,34,34,12576,0,0,0,1,4,600,0,0,0
202599,999,30580,5,Liberal  KS ,16,16,3690,2,4,197,0,0,0,0,0,0,16,16,3690,2,4,197,0,0,0,0,0,0
202599,999,30860,4,Logan  UT-ID ,914,914,345549,0,0,0,0,0,0,14,262,25804,851,851,330643,0,0,0,0,0,0,14,262,25804
202599,999,30900,5,Logansport  IN ,28,28,8513,0,0,0,0,0,0,0,0,0,28,28,8513,0,0,0,0,0,0,0,0,0
202599,999,30980,4,Longview  TX ,276,276,81346,6,12,1413,0,0,0,0,0,0,268,268,79196,4,8,952,0,0,0,0,0,0
202599,999,31220,5,Ludington  MI ,66,66,24603,0,0,0,0,0,0,0,0,0,66,66,24603,0,0,0,0,0,0,0,0,0
202599,999,31260,5,Lufkin  TX ,139,139,38249,9,18,2088,0,0,0,0,0,0,131,131,36128,4,8,937,0,0,0,0,0,0
202599,999,31340,4,Lynchburg  VA ,975,975,293502,7,14,2700,1,4,1200,4,122,15800,975,975,293502,7,14,2700,1,4,1200,4,122,15800
202599,999,31380,5,Macomb  IL ,1,1,80,0,0,0,0,0,0,0,0,0,0,0,0,0,0,0,0,0,0,0,0,0
202599,999,31500,5,Madison  IN ,68,68,15602,0,0,0,0,0,0,0,0,0,49,49,10869,0,0,0,0,0,0,0,0,0
202599,999,31580,5,Madisonville  KY ,94,94,19341,16,32,4398,1,3,250,8,72,6932,89,89,18443,16,32,4398,1,3,250,8,72,6932
202599,999,31620,5,Magnolia  AR ,7,7,1402,2,4,486,0,0,0,0,0,0,7,7,1402,2,4,486,0,0,0,0,0,0
202599,999,31740,4,Manhattan  KS ,300,300,96149,2,4,640,0,0,0,11,191,31405,263,263,86053,2,4,640,0,0,0,11,191,31405
202599,999,31820,5,Manitowoc  WI ,102,102,45855,10,20,4424,0,0,0,3,30,2175,102,102,45855,10,20,4424,0,0,0,3,30,2175
202599,999,31980,5,Marion  IN ,36,36,11028,1,2,120,0,0,0,0,0,0,19,19,6108,1,2,120,0,0,0,0,0,0
202599,999,32100,5,Marquette  MI ,96,96,32506,5,10,2014,0,0,0,0,0,0,96,96,32506,5,10,2014,0,0,0,0,0,0
202599,999,32140,5,Marshall  MN ,19,19,7187,2,4,1250,0,0,0,0,0,0,19,19,7187,2,4,1250,0,0,0,0,0,0
202599,999,32180,5,Marshall  MO ,19,19,6166,0,0,0,1,4,600,0,0,0,16,16,5526,0,0,0,0,0,0,0,0,0
202599,999,32260,5,Marshalltown  IA ,23,23,8717,0,0,0,3,10,2537,0,0,0,20,20,7752,0,0,0,3,10,2537,0,0,0
202599,999,32300,5,Martinsville  VA ,44,44,12544,0,0,0,0,0,0,0,0,0,44,44,12544,0,0,0,0,0,0,0,0,0
202599,999,32340,5,Maryville  MO ,45,45,10086,4,8,1067,0,0,0,0,0,0,0,0,0,0,0,0,0,0,0,0,0,0
202599,999,32380,5,Mason City  IA ,45,45,21601,17,34,10800,0,0,0,2,42,6750,43,43,20960,17,34,10800,0,0,0,2,42,6750
202599,999,32390,5,Massena-Ogdensburg  NY ,213,213,43915,4,8,979,0,0,0,0,0,0,177,177,38307,4,8,979,0,0,0,0,0,0
202599,999,32540,5,McAlester  OK ,31,31,15905,0,0,0,0,0,0,0,0,0,31,31,15905,0,0,0,0,0,0,0,0,0
202599,999,32620,5,McComb  MS ,4,4,500,1,2,200,0,0,0,0,0,0,0,0,0,0,0,0,0,0,0,0,0,0
202599,999,32660,5,McMinnville  TN ,235,235,58978,4,8,868,7,28,4139,0,0,0,186,186,45232,2,4,468,7,28,4139,0,0,0
202599,999,32700,5,McPherson  KS ,99,99,15185,8,16,2555,0,0,0,0,0,0,73,73,9992,0,0,0,0,0,0,0,0,0
202599,999,32940,5,Meridian  MS ,33,33,9749,1,2,234,1,3,443,0,0,0,26,26,7701,1,2,234,1,3,443,0,0,0
202599,999,33300,5,Milledgeville  GA ,79,79,29466,0,0,0,1,3,475,2,13,2452,79,79,29466,0,0,0,1,3,475,2,13,2452
202599,999,33500,4,Minot  ND ,78,78,24365,11,22,2718,0,0,0,2,41,8502,69,69,22047,11,22,2718,0,0,0,2,41,8502
202599,999,33540,4,Missoula  MT ,426,426,130208,25,50,7269,7,26,7656,13,387,63446,423,423,129062,25,50,7269,7,26,7656,13,387,63446
202599,999,33580,5,Mitchell  SD ,65,65,17119,5,10,1473,1,3,159,0,0,0,32,32,10168,0,0,0,0,0,0,0,0,0
202599,999,33940,5,Montrose  CO ,207,207,35972,6,12,1853,0,0,0,2,60,12500,207,207,35972,6,12,1853,0,0,0,2,60,12500
202599,999,34020,5,Morgan City  LA ,38,38,13060,1,2,175,0,0,0,0,0,0,38,38,13060,1,2,175,0,0,0,0,0,0
202599,999,34060,4,Morgantown  WV ,30,30,7443,0,0,0,0,0,0,0,0,0,19,19,5318,0,0,0,0,0,0,0,0,0
202599,999,34220,5,Moultrie  GA ,81,81,23962,15,30,3484,0,0,0,0,0,0,80,80,23741,14,28,3279,0,0,0,0,0,0
202599,999,34260,5,Mountain Home  AR ,69,69,14429,1,2,400,1,4,450,1,5,365,69,69,14429,1,2,400,1,4,450,1,5,365
202599,999,34420,5,Mount Pleasant  TX ,26,26,7270,1,2,323,0,0,0,8,240,38757,26,26,7270,1,2,323,0,0,0,8,240,38757
202599,999,34500,5,Mount Vernon  IL ,12,12,1345,0,0,0,0,0,0,0,0,0,12,12,1345,0,0,0,0,0,0,0,0,0
202599,999,34660,5,Murray  KY ,12,12,4373,0,0,0,2,8,950,0,0,0,12,12,4373,0,0,0,2,8,950,0,0,0
202599,999,34860,5,Nacogdoches  TX ,31,31,7509,0,0,0,0,0,0,0,0,0,0,0,0,0,0,0,0,0,0,0,0,0
202599,999,34880,5,Nantucket  MA ,203,203,225582,11,22,6283,0,0,0,5,25,3646,0,0,0,0,0,0,0,0,0,0,0,0
202599,999,35020,5,Natchez  MS-LA ,4,4,1140,0,0,0,0,0,0,0,0,0,4,4,1140,0,0,0,0,0,0,0,0,0
202599,999,35060,5,Natchitoches  LA ,26,26,7195,0,0,0,0,0,0,0,0,0,26,26,7195,0,0,0,0,0,0,0,0,0
202599,999,35440,5,Newport  OR ,116,116,40711,6,12,2449,0,0,0,5,81,10813,116,116,40711,6,12,2449,0,0,0,5,81,10813
202599,999,35740,5,Norfolk  NE ,71,71,22687,10,20,4037,0,0,0,0,0,0,71,71,22687,10,20,4037,0,0,0,0,0,0
202599,999,35820,5,North Platte  NE ,44,44,14345,8,16,3152,0,0,0,10,175,24941,39,39,13138,8,16,3152,0,0,0,10,175,24941
202599,999,35900,5,North Wilkesboro  NC ,152,152,52095,0,0,0,0,0,0,0,0,0,151,151,51842,0,0,0,0,0,0,0,0,0
202599,999,36100,4,Ocala  FL ,5420,5420,1132757,89,178,18831,2,8,2314,16,379,49823,5418,5418,1132220,89,178,18831,2,8,2314,16,379,49823
202599,999,36340,5,Oil City  PA ,44,44,12433,0,0,0,0,0,0,1,6,973,44,44,12433,0,0,0,0,0,0,1,6,973
202599,999,36580,5,Oneonta  NY ,125,125,31380,0,0,0,0,0,0,0,0,0,8,8,2276,0,0,0,0,0,0,0,0,0
202599,999,36900,5,Ottumwa  IA ,10,10,2534,0,0,0,1,4,260,2,28,700,5,5,1208,0,0,0,1,4,260,2,28,700
202599,999,36980,4,Owensboro  KY ,183,183,18395,2,4,312,1,4,1120,4,64,7670,183,183,18395,1,2,62,1,4,1120,4,64,7670
202599,999,37060,5,Oxford  MS ,473,473,146451,17,34,7950,7,24,6578,0,0,0,227,227,67239,0,0,0,0,0,0,0,0,0
202599,999,37300,5,Palestine  TX ,19,19,4329,0,0,0,0,0,0,0,0,0,19,19,4329,0,0,0,0,0,0,0,0,0
202599,999,37340,4,Palm Bay-Melbourne-Titusville  FL ,3376,3376,1404904,1,2,1416,5,16,3324,23,1230,234336,3264,3264,1386474,1,2,1416,5,16,3324,23,1230,234336
202599,999,37420,5,Pampa  TX ,8,8,2370,0,0,0,0,0,0,0,0,0,8,8,2370,0,0,0,0,0,0,0,0,0
202599,999,37460,4,Panama City-Panama City Beach  FL ,1908,1908,686328,13,26,5167,5,17,3222,32,344,61635,451,451,157561,1,2,234,2,8,1183,1,6,1620
202599,999,37540,5,Paris  TN ,18,18,1484,0,0,0,0,0,0,0,0,0,0,0,0,0,0,0,0,0,0,0,0,0
202599,999,37580,5,Paris  TX ,56,56,11777,2,4,364,0,0,0,0,0,0,44,44,10577,2,4,364,0,0,0,0,0,0
202599,999,37860,4,Pensacola-Ferry Pass-Brent  FL ,3295,3295,866979,0,0,0,0,0,0,1,32,480,3295,3295,866979,0,0,0,0,0,0,1,32,480
202599,999,37950,5,Petoskey  MI ,135,135,52124,0,0,0,0,0,0,0,0,0,135,135,52124,0,0,0,0,0,0,0,0,0
202599,999,38180,5,Pierre  SD ,40,40,15166,0,0,0,0,0,0,0,0,0,29,29,11284,0,0,0,0,0,0,0,0,0
202599,999,38210,5,Pikeville  KY ,5,5,3545,4,8,990,1,3,500,0,0,0,3,3,1745,4,8,990,1,3,500,0,0,0
202599,999,38260,5,Pittsburg  KS ,59,59,12342,1,2,250,0,0,0,0,0,0,59,59,12342,1,2,250,0,0,0,0,0,0
202599,999,38340,4,Pittsfield  MA ,93,93,61344,1,2,107,1,4,840,1,50,3792,51,51,41245,0,0,0,0,0,0,1,50,3792
202599,999,38420,5,Platteville  WI ,112,112,33526,5,10,1880,0,0,0,0,0,0,112,112,33526,5,10,1880,0,0,0,0,0,0
202599,999,38460,5,Plattsburgh  NY ,113,113,29054,3,6,1005,0,0,0,13,70,8385,81,81,19392,3,6,1005,0,0,0,1,10,75
202599,999,38540,4,Pocatello  ID ,297,297,74767,4,8,759,48,191,27429,7,96,9300,297,297,74767,4,8,759,48,191,27429,7,96,9300
202599,999,38620,5,Ponca City  OK ,23,23,4174,3,6,675,0,0,0,0,0,0,23,23,4174,3,6,675,0,0,0,0,0,0
202599,999,38740,5,Poplar Bluff  MO ,25,25,3258,0,0,0,5,20,1000,0,0,0,25,25,3258,0,0,0,5,20,1000,0,0,0
202599,999,38820,5,Port Angeles  WA ,255,255,75847,10,20,2912,6,18,3296,0,0,0,255,255,75847,10,20,2912,6,18,3296,0,0,0
202599,999,39040,5,Port Townsend  WA ,199,199,69233,8,16,2617,1,3,547,0,0,0,199,199,69233,8,16,2617,1,3,547,0,0,0
202599,999,39060,5,Pottsville  PA ,169,169,46281,0,0,0,2,8,759,6,34,3060,94,94,26117,0,0,0,2,8,759,6,34,3060
202599,999,39150,4,Prescott Valley-Prescott  AZ ,1347,1347,568149,26,52,8804,4,15,3273,8,304,49720,1347,1347,568149,26,52,8804,4,15,3273,8,304,49720
202599,999,39220,5,Price  UT ,45,45,19900,0,0,0,0,0,0,0,0,0,45,45,19900,0,0,0,0,0,0,0,0,0
202599,999,39960,5,Rice Lake  WI ,144,144,59440,4,8,1480,0,0,0,0,0,0,135,135,56649,4,8,1480,0,0,0,0,0,0
202599,999,40060,4,Richmond  VA ,4399,4399,1108719,150,300,42271,6,20,4344,84,4372,515363,4391,4391,1106791,150,300,42271,6,20,4344,84,4372,515363
202599,999,40180,5,Riverton  WY ,11,11,2923,5,10,1473,0,0,0,0,0,0,10,10,2473,5,10,1473,0,0,0,0,0,0
202599,999,40220,4,Roanoke  VA ,555,555,196710,3,6,927,0,0,0,8,316,30647,412,412,132151,3,6,927,0,0,0,8,316,30647
202599,999,40540,5,Rock Springs  WY ,35,35,13892,0,0,0,0,0,0,0,0,0,35,35,13892,0,0,0,0,0,0,0,0,0
202599,999,40620,5,Rolla  MO ,59,59,12629,6,12,1602,8,30,4420,0,0,0,59,59,12629,6,12,1602,8,30,4420,0,0,0
202599,999,40700,5,Roseburg  OR ,162,162,55017,10,20,4137,0,0,0,0,0,0,162,162,55017,10,20,4137,0,0,0,0,0,0
202599,999,40740,5,Roswell  NM ,75,75,15363,0,0,0,0,0,0,0,0,0,21,21,6754,0,0,0,0,0,0,0,0,0
202599,999,40760,5,Ruidoso  NM ,111,111,54581,0,0,0,0,0,0,0,0,0,111,111,54581,0,0,0,0,0,0,0,0,0
202599,999,40780,5,Russellville  AR ,45,45,11121,9,18,2543,2,7,410,0,0,0,44,44,10989,9,18,2543,2,7,410,0,0,0
202599,999,40860,5,Rutland  VT ,87,87,23849,1,2,254,0,0,0,0,0,0,48,48,13226,1,2,254,0,0,0,0,0,0
202599,999,40940,5,Safford  AZ ,193,193,52520,12,24,3489,2,8,1319,0,0,0,193,193,52520,12,24,3489,2,8,1319,0,0,0
202599,999,41100,4,St. George  UT ,2497,2497,607104,5,10,2321,6,24,7181,20,326,39412,2475,2475,603311,5,10,2321,6,24,7181,20,326,39412
202599,999,41260,5,St. Marys  PA ,21,21,4799,1,2,461,0,0,0,0,0,0,12,12,3153,0,0,0,0,0,0,0,0,0
202599,999,41460,5,Salina  KS ,114,114,20096,0,0,0,0,0,0,0,0,0,113,113,19996,0,0,0,0,0,0,0,0,0
202599,999,41500,4,Salinas  CA ,663,663,150813,4,8,1876,2,8,1450,5,96,14600,663,663,150813,4,8,1876,2,8,1450,5,96,14600
202599,999,41660,4,San Angelo  TX ,333,333,99196,1,2,234,0,0,0,0,0,0,333,333,99196,1,2,234,0,0,0,0,0,0
202599,999,41740,4,San Diego-Chula Vista-Carlsbad  CA ,3506,3506,1075733,314,628,98337,72,262,41566,211,7311,1289885,3338,3338,1021418,314,628,98337,72,262,41566,193,7057,1240752
202599,999,41760,5,Sandpoint  ID ,102,102,30849,4,8,1242,2,7,2303,2,90,8000,102,102,30849,4,8,1242,2,7,2303,2,90,8000
202599,999,42020,4,San Luis Obispo-Paso Robles  CA ,642,642,230195,3,6,976,2,8,1571,1,7,2500,642,642,230195,3,6,976,2,8,1571,1,7,2500
202599,999,42200,4,Santa Maria-Santa Barbara  CA ,433,433,223925,1,2,40,0,0,0,47,936,118950,397,397,220708,1,2,40,0,0,0,47,936,118950
202599,999,42220,4,Santa Rosa-Petaluma  CA ,790,790,239695,0,0,0,2,8,748,47,892,182453,624,624,206631,0,0,0,2,8,748,34,813,169286
202599,999,42300,5,Sault Ste. Marie  MI ,69,69,13734,0,0,0,0,0,0,2,17,4610,69,69,13734,0,0,0,0,0,0,2,17,4610
202599,999,42380,5,Sayre  PA ,62,62,17813,0,0,0,0,0,0,0,0,0,33,33,9646,0,0,0,0,0,0,0,0,0
202599,999,42420,5,Scottsbluff  NE ,36,36,12523,2,4,647,0,0,0,0,0,0,36,36,12523,2,4,647,0,0,0,0,0,0
202599,999,42540,4,Scranton--Wilkes-Barre  PA ,517,517,184809,24,48,7368,6,19,1547,4,55,15325,293,293,110422,23,46,7118,6,19,1547,3,50,15231
202599,999,42580,5,Seaford  DE ,3264,3264,443162,64,128,20578,0,0,0,28,493,45374,3264,3264,443162,64,128,20578,0,0,0,28,493,45374
202599,999,42700,4,Sebring-  FL ,706,706,174516,31,62,8630,0,0,0,0,0,0,706,706,174516,31,62,8630,0,0,0,0,0,0
202599,999,42740,5,Sedalia  MO ,29,29,5010,8,16,1933,5,15,989,11,57,6613,6,6,1485,0,0,0,0,0,0,0,0,0
202599,999,43100,4,Sheboygan  WI ,163,163,70129,6,12,2579,0,0,0,3,189,35960,158,158,67833,5,10,2239,0,0,0,3,189,35960
202599,999,43260,5,Sheridan  WY ,293,293,88367,6,12,2324,4,14,1650,1,104,16115,212,212,55371,6,12,2324,2,8,754,1,104,16115
202599,999,43320,5,Show Low  AZ ,417,417,130437,6,12,2006,3,12,809,0,0,0,417,417,130437,6,12,2006,3,12,809,0,0,0
202599,999,43420,4,Sierra Vista-Douglas  AZ ,433,433,66931,0,0,0,4,16,800,2,14,300,428,428,65411,0,0,0,4,16,800,2,14,300
202599,999,43620,4,Sioux Falls  SD-MN ,1225,1225,355026,6,12,2586,16,64,11029,78,1026,143474,1200,1200,347599,6,12,2586,15,60,11029,78,1026,143474
202599,999,43660,5,Snyder  TX ,1,1,180,0,0,0,0,0,0,0,0,0,1,1,180,0,0,0,0,0,0,0,0,0
202599,999,43700,5,Somerset  KY ,22,22,6378,0,0,0,0,0,0,12,107,14717,22,22,6378,0,0,0,0,0,0,12,107,14717
202599,999,43760,5,Sonora  CA ,88,88,28263,0,0,0,0,0,0,0,0,0,88,88,28263,0,0,0,0,0,0,0,0,0
202599,999,44180,4,Springfield  MO ,1407,1407,490615,41,82,13986,5,16,1363,4,256,48263,1185,1185,435433,38,76,13123,2,7,800,4,256,48263
202599,999,44460,5,Steamboat Springs  CO ,220,220,302713,0,0,0,1,3,5800,3,19,7544,220,220,302713,0,0,0,1,3,5800,3,19,7544
202599,999,44500,5,Stephenville  TX ,16,16,3085,2,4,500,0,0,0,2,16,2267,16,16,3085,2,4,500,0,0,0,2,16,2267
202599,999,44540,5,Sterling  CO ,5,5,5521,0,0,0,0,0,0,0,0,0,4,4,5421,0,0,0,0,0,0,0,0,0
202599,999,44660,5,Stillwater  OK ,137,137,44893,6,12,2297,5,16,5778,5,52,6130,137,137,44893,6,12,2297,5,16,5778,5,52,6130
202599,999,44740,5,Storm Lake  IA ,14,14,4975,1,2,300,0,0,0,0,0,0,14,14,4975,1,2,300,0,0,0,0,0,0
202599,999,45000,5,Susanville  CA ,9,9,2401,2,4,1400,1,4,1400,0,0,0,8,8,2164,2,4,1400,1,4,1400,0,0,0
202599,999,45140,5,Tahlequah  OK ,16,16,3962,1,2,200,1,4,600,0,0,0,16,16,3962,1,2,200,1,4,600,0,0,0
202599,999,45300,4,Tampa-St. Petersburg-Clearwater  FL ,13596,13596,4601077,114,228,36367,39,152,30972,149,8771,1451942,13577,13577,4595771,110,220,35247,39,152,30972,137,8694,1445301
202599,999,45340,5,Taos  NM ,103,103,29596,1,2,56,0,0,0,0,0,0,55,55,15382,1,2,56,0,0,0,0,0,0
202599,999,45460,4,Terre Haute  IN ,109,109,30532,1,2,485,0,0,0,3,184,23928,108,108,30292,1,2,485,0,0,0,3,184,23928
202599,999,45500,4,Texarkana  TX-AR ,156,156,45168,11,22,3642,3,12,1774,13,104,14734,145,145,43238,11,22,3642,3,12,1774,13,104,14734
202599,999,45520,5,The Dalles  OR ,37,37,12470,1,2,569,0,0,0,0,0,0,37,37,12470,1,2,569,0,0,0,0,0,0
202599,999,45620,5,Thomasville  GA ,186,186,62870,0,0,0,0,0,0,2,72,23268,186,186,62870,0,0,0,0,0,0,2,72,23268
202599,999,45700,5,Tifton  GA ,114,114,15426,0,0,0,0,0,0,13,66,5598,3,3,889,0,0,0,0,0,0,0,0,0
202599,999,45740,5,Toccoa  GA ,36,36,6213,0,0,0,0,0,0,0,0,0,29,29,4868,0,0,0,0,0,0,0,0,0
202599,999,45780,4,Toledo  OH ,423,423,160339,5,10,1305,0,0,0,2,60,11500,423,423,160339,5,10,1305,0,0,0,2,60,11500
202599,999,45820,4,Topeka  KS ,333,333,92859,10,20,2250,8,32,8000,3,250,39321,329,329,92449,10,20,2250,8,32,8000,3,250,39321
202599,999,45880,5,Town of Pecos  TX ,26,26,6295,1,2,407,4,13,1494,0,0,0,26,26,6295,1,2,407,4,13,1494,0,0,0
202599,999,45900,4,Traverse City  MI ,786,786,200562,8,16,1821,0,0,0,1,6,628,748,748,194302,8,16,1821,0,0,0,1,6,628
202599,999,45980,5,Troy  AL ,27,27,7531,0,0,0,0,0,0,0,0,0,27,27,7531,0,0,0,0,0,0,0,0,0
202599,999,46220,4,Tuscaloosa  AL ,501,501,147983,9,18,2298,10,33,5800,11,64,9842,202,202,62733,1,2,686,0,0,0,0,0,0
202599,999,46300,4,Twin Falls  ID ,644,644,187763,10,20,5124,0,0,0,1,6,987,644,644,187763,10,20,5124,0,0,0,1,6,987
202599,999,46380,5,Ukiah  CA ,3,3,339,0,0,0,0,0,0,0,0,0,2,2,219,0,0,0,0,0,0,0,0,0
202599,999,46520,4,Urban Honolulu  HI ,607,607,234436,61,122,17094,0,0,0,26,717,213470,45,45,29970,2,4,798,0,0,0,10,96,17271
202599,999,46540,4,Utica-Rome  NY ,219,219,65722,0,0,0,0,0,0,15,89,12422,152,152,49269,0,0,0,0,0,0,2,24,2265
202599,999,46620,5,Uvalde  TX ,11,11,1458,0,0,0,0,0,0,0,0,0,11,11,1458,0,0,0,0,0,0,0,0,0
202599,999,46660,4,Valdosta  GA ,901,901,203493,2,4,265,0,0,0,0,0,0,101,101,26102,0,0,0,0,0,0,0,0,0
202599,999,46820,5,Vermillion  SD ,16,16,4617,0,0,0,0,0,0,1,5,281,10,10,2650,0,0,0,0,0,0,0,0,0
202599,999,46860,5,Vernal  UT ,98,98,37939,0,0,0,1,4,1227,3,68,9000,98,98,37939,0,0,0,1,4,1227,3,68,9000
202599,999,46900,5,Vernon  TX ,6,6,1777,0,0,0,0,0,0,0,0,0,6,6,1777,0,0,0,0,0,0,0,0,0
202599,999,47080,5,Vidalia  GA ,37,37,7718,0,0,0,2,6,600,1,10,325,37,37,7718,0,0,0,2,6,600,1,10,325
202599,999,47180,5,Vincennes  IN ,39,39,12830,0,0,0,0,0,0,0,0,0,29,29,9825,0,0,0,0,0,0,0,0,0
202599,999,47240,5,Vineyard Haven  MA ,99,99,126900,7,14,3782,7,22,3565,7,48,7062,84,84,110729,7,14,3782,7,22,3565,7,48,7062
202599,999,47300,4,Visalia  CA ,1567,1567,444329,42,84,13158,3,9,1470,10,130,14625,1524,1524,437285,42,84,13158,3,9,1470,10,130,14625
202599,999,47340,5,Wabash  IN ,87,87,28133,0,0,0,0,0,0,1,6,750,87,87,28133,0,0,0,0,0,0,1,6,750
202599,999,47380,4,Waco  TX ,786,786,228282,53,106,12817,0,0,0,29,568,76570,693,693,213323,53,106,12817,0,0,0,16,496,69164
202599,999,47620,5,Warren  PA ,31,31,7049,2,4,508,0,0,0,0,0,0,31,31,7049,2,4,508,0,0,0,0,0,0
202599,999,47780,5,Washington  IN ,26,26,6303,1,2,298,0,0,0,5,46,9684,26,26,6303,1,2,298,0,0,0,5,46,9684
202599,999,47940,4,Waterloo-Cedar Falls  IA ,221,221,68716,19,38,4044,3,12,1755,7,283,46511,210,210,64713,16,32,3389,3,12,1755,7,283,46511
202599,999,47980,5,Watertown  SD ,92,92,30816,0,0,0,2,8,1512,4,42,5390,92,92,30816,0,0,0,2,8,1512,4,42,5390
202599,999,48060,4,Watertown-Fort Drum  NY ,226,226,39512,0,0,0,0,0,0,1,62,9121,226,226,39512,0,0,0,0,0,0,1,62,9121
202599,999,48180,5,Waycross  GA ,104,104,22527,4,8,743,1,3,170,6,72,4800,83,83,19490,2,4,478,0,0,0,6,72,4800
202599,999,48300,4,Wenatchee-East Wenatchee  WA ,530,530,204461,12,24,4578,3,11,2950,15,521,97583,522,522,201669,12,24,4578,3,11,2950,15,521,97583
202599,999,48460,5,West Plains  MO ,62,62,7376,1,2,105,1,3,510,0,0,0,57,57,6167,1,2,105,0,0,0,0,0,0
202599,999,48540,4,Wheeling  WV-OH ,5,5,2097,0,0,0,0,0,0,0,0,0,5,5,2097,0,0,0,0,0,0,0,0,0
202599,999,48660,4,Wichita Falls  TX ,133,133,39952,8,16,1905,1,3,280,1,8,1133,132,132,39452,8,16,1905,1,3,280,1,8,1133
202599,999,48780,5,Williston  ND ,145,145,53193,0,0,0,0,0,0,0,0,0,145,145,53193,0,0,0,0,0,0,0,0,0
202599,999,48820,5,Willmar  MN ,57,57,18763,2,4,1074,3,12,1681,0,0,0,56,56,18463,2,4,1074,3,12,1681,0,0,0
202599,999,48900,4,Wilmington  NC ,6378,6378,1889428,24,48,10608,22,70,15640,47,1126,134109,5211,5211,1491642,1,2,500,3,9,1096,20,117,10097
202599,999,49080,5,Winnemucca  NV ,23,23,3639,2,4,236,0,0,0,0,0,0,23,23,3639,2,4,236,0,0,0,0,0,0
202599,999,49260,5,Woodward  OK ,6,6,1205,0,0,0,0,0,0,0,0,0,6,6,1205,0,0,0,0,0,0,0,0,0
202599,999,49380,5,Worthington  MN ,10,10,3550,4,8,1750,0,0,0,2,76,9500,10,10,3550,4,8,1750,0,0,0,2,76,9500
202599,999,49420,4,Yakima  WA ,602,602,179342,9,18,3756,4,13,2295,2,80,12002,602,602,179342,9,18,3756,4,13,2295,2,80,12002
202599,999,49460,5,Yankton  SD ,37,37,14428,3,6,885,0,0,0,2,47,34185,35,35,14128,3,6,885,0,0,0,2,47,34185
202599,999,49740,4,Yuma  AZ ,806,806,156283,3,6,989,9,35,2659,22,308,40596,806,806,156283,3,6,989,9,35,2659,22,308,40596
